fold,slide_id,task,true_class,d_a,d_b
1,TCGA-R6-A6Y2-01Z-00-DX1.9B1F1957-2C59-4D5A-BCE7-9FCBF1417B42,tcga_esca,ESAD,0.35002106,0.82922916
1,TCGA-L5-A4OW-01Z-00-DX1.BA40D477-007A-40BE-B37B-5228C65EED42,tcga_esca,ESAD,0.17398679,0.41712183
1,TCGA-VR-A8EO-01Z-00-DX1.34D04FE6-3C6B-4F9B-8A89-3A3AAC25205B,tcga_esca,ESCC,-0.23989171,-0.19293361
1,TCGA-JY-A93D-01Z-00-DX1.14D17584-237D-4197-AC50-F8293D576445,tcga_esca,ESAD,0.33810860,0.39983367
1,TCGA-L5-A4OT-01Z-00-DX1.23F2765D-7674-49EB-A932-5D63A0A2E551,tcga_esca,ESAD,0.30918938,0.09423566
1,TCGA-L5-A4ON-01Z-00-DX1.0C8EF68C-AA46-42E3-9F14-01AF78077DB3,tcga_esca,ESAD,0.32061058,0.49628004
1,TCGA-LN-A4MR-01Z-00-DX1.A27F1932-A134-48AE-ACB5-9A1C2EF823A9,tcga_esca,ESCC,-0.25789243,-0.44410280
1,TCGA-LN-A7HY-01Z-00-DX1.AEEADA09-F984-4A4D-93BD-B5FA02E3E743,tcga_esca,ESCC,0.08186254,-0.21670547
1,TCGA-VR-A8EU-01Z-00-DX1.EB679D42-1505-4220-83BD-0D5B51F42EE6,tcga_esca,ESCC,-0.13572192,-0.00104564
1,TCGA-R6-A8W5-01Z-00-DX1.DD3F48D7-3C8E-4468-BB2F-797F2F0FCB7B,tcga_esca,ESAD,0.25080442,0.75793883
1,TCGA-2H-A9GN-01Z-00-DX1.2373BEFC-931F-460D-8F6C-49C424600930,tcga_esca,ESAD,0.18271554,0.09108320
1,TCGA-LN-A49Y-01Z-00-DX1.AD2B54DA-A898-4B0F-AD03-6DE728D29465,tcga_esca,ESCC,-0.20883000,-0.31431740
1,TCGA-IG-A3YC-01Z-00-DX1.71785237-8DA6-4034-9CDA-9BE227D53A49,tcga_esca,ESCC,-0.26246572,-0.48262420
1,TCGA-XP-A8T8-01Z-00-DX1.90E0B853-A751-4D13-B1D0-676754177C28,tcga_esca,ESCC,-0.16989011,0.14430174
1,TCGA-LN-A8HZ-01Z-00-DX1.EA3875B4-BB87-47F9-9976-86B9EDA2D47B,tcga_esca,ESCC,-0.21420616,-0.44314849
1,TCGA-B3-4103-01Z-00-DX1.76bba2e9-0a6d-460b-8ae8-c38a1109456e,tcga_rcc,PRCC,-0.30553940,-1.15089248
1,TCGA-AL-3468-01Z-00-DX1.F86A4811-D60C-4845-A7A5-B7C7BE202202,tcga_rcc,PRCC,-0.30751574,-0.95647328
1,TCGA-AL-3468-01Z-00-DX2.B7D8DCCE-C015-4284-96EF-ED7F4A7771B7,tcga_rcc,PRCC,-0.28814727,-1.00844008
1,TCGA-BQ-7058-01Z-00-DX1.b2419f7a-e4af-467d-a0ee-c00b7ac33bdc,tcga_rcc,PRCC,-0.20590037,-0.27086531
1,TCGA-EV-5902-01Z-00-DX1.dfbe9f70-a570-422e-a883-4b2f0e9a3024,tcga_rcc,PRCC,-0.20795923,-0.42604535
1,TCGA-2Z-A9JP-01Z-00-DX1.8B0F498B-85AC-494F-866C-0FDAB54D216B,tcga_rcc,PRCC,-0.19234431,-0.58574604
1,TCGA-SX-A7SP-01Z-00-DX1.093B9AC2-423B-4E58-BDD9-47FD5A6EA94A,tcga_rcc,PRCC,-0.16552943,-0.98373315
1,TCGA-A4-A5XZ-01Z-00-DX1.91B936FA-1697-4571-800D-F45B68596A58,tcga_rcc,PRCC,-0.15018880,-0.81107400
1,TCGA-BQ-5879-01Z-00-DX1.682ab315-998b-4379-8492-3b422ce06308,tcga_rcc,PRCC,-0.15293658,-0.02950426
1,TCGA-B0-4691-01Z-00-DX1.789de56b-23df-47c5-a075-705edc9e6d44,tcga_rcc,CCRCC,0.06861818,0.49197959
1,TCGA-AK-3428-01Z-00-DX1.E437BB00-F731-4B71-9A78-5BC7CA0F08AF,tcga_rcc,CCRCC,0.28720236,0.79362841
1,TCGA-B8-A54D-01Z-00-DX1.DCD17375-918C-4AEA-96F0-7FF8FCF4D00B,tcga_rcc,CCRCC,0.17631799,0.81575634
1,TCGA-B8-4619-01Z-00-DX1.2738922d-4a07-45b3-968b-83994e9a0ed6,tcga_rcc,CCRCC,0.06471944,0.32261891
1,TCGA-BP-5192-01Z-00-DX1.a907179e-7b54-4315-bed1-6f1f12609cc9,tcga_rcc,CCRCC,0.29342794,0.74474717
1,TCGA-BP-5169-01Z-00-DX1.b9739d1e-6d86-44ab-a064-9fe50d393613,tcga_rcc,CCRCC,0.22381413,0.80178599
1,TCGA-CJ-5677-01Z-00-DX1.46FEF9C4-445C-4046-9ACC-54402E3702A9,tcga_rcc,CCRCC,0.26267791,0.52051870
1,TCGA-BP-4354-01Z-00-DX1.9f53f9e2-ea72-4be4-9848-1a3f5634dac0,tcga_rcc,CCRCC,0.27625990,0.58562661
1,TCGA-CJ-5678-01Z-00-DX1.E71A7F98-7D7F-4DFC-920F-27000010217F,tcga_rcc,CCRCC,0.36697757,0.86623023
1,TCGA-BP-4782-01Z-00-DX1.1da979ff-efd3-4c2b-920c-a458f52ef89a,tcga_rcc,CCRCC,0.29474014,0.87759323
1,TCGA-A3-3308-01Z-00-DX1.bbd79ced-9fb9-4601-8ba0-b343da5f6f5b,tcga_rcc,CCRCC,0.28659600,1.29575759
1,TCGA-B2-5635-01Z-00-DX1.04222a5c-a2b2-4206-8a54-66c7474982d8,tcga_rcc,CCRCC,0.39246333,1.09473118
1,TCGA-EU-5907-01Z-00-DX1.22c3e851-d286-437f-b7ac-50350a001888,tcga_rcc,CCRCC,0.21158612,0.34732526
1,TCGA-CJ-4874-01Z-00-DX1.614D8D7D-E9FA-464D-A90F-C5C789664287,tcga_rcc,CCRCC,0.34541622,0.96777558
1,TCGA-BP-4327-01Z-00-DX1.fd80b9b2-ec68-4e6a-b0ce-a08c9baba9b7,tcga_rcc,CCRCC,0.25552243,0.77108145
1,TCGA-AK-3454-01Z-00-DX1.C6853BCF-0ECF-443A-8516-6D544C9BD456,tcga_rcc,CCRCC,0.30191022,0.32616900
1,TCGA-DW-7836-01Z-00-DX1.A8A28E5B-0D97-42D5-B04E-BD0D007CC30A,tcga_rcc,PRCC,-0.22287703,-0.70787871
1,TCGA-P4-AAVK-01Z-00-DX1.D23DE669-A54A-4921-AB4C-398A2ED7CB93,tcga_rcc,PRCC,-0.33576429,-0.99767342
1,TCGA-B1-A47M-01Z-00-DX1.B049A5A8-406C-4208-BB5E-2CA42D063D16,tcga_rcc,PRCC,-0.20700628,-0.73679944
1,TCGA-B9-5156-01Z-00-DX1.200621df-b59f-4c69-957c-65aebfe855a8,tcga_rcc,PRCC,-0.26707095,-1.22839416
1,TCGA-BQ-7055-01Z-00-DX1.a27d276d-8321-4bc3-a1fa-a9a68150353a,tcga_rcc,PRCC,-0.15317136,0.00995529
1,TCGA-IA-A40Y-01Z-00-DX1.E8D91A02-A0BD-4974-8CF9-68DC1AF506EF,tcga_rcc,PRCC,-0.16817951,0.00295641
1,TCGA-AL-3472-01Z-00-DX1.66FF9A6E-2851-4E32-A10C-62EB7568AFC3,tcga_rcc,PRCC,-0.27969825,-1.06939783
1,TCGA-AL-3472-01Z-00-DX2.C7BF0356-F099-4070-8824-1AC3339E9F59,tcga_rcc,PRCC,-0.26460385,-0.97271337
1,TCGA-PJ-A5Z8-01Z-00-DX1.84E38F4E-BCF7-4383-AFEC-67C2C15DD3CF,tcga_rcc,PRCC,0.10254443,0.08916224
1,TCGA-B0-5694-01Z-00-DX1.d33b7c17-1d59-467f-9f33-47158ab5bdf7,tcga_rcc,CCRCC,0.14758700,0.95284703
1,TCGA-BP-4960-01Z-00-DX1.8ed78985-d391-4756-ab30-eca545091013,tcga_rcc,CCRCC,0.23063821,0.88310327
1,TCGA-B0-4843-01Z-00-DX1.22597d5c-43e9-4ed1-a2c2-68d2f70fd5c4,tcga_rcc,CCRCC,0.30849302,1.04078639
1,TCGA-AK-3461-01Z-00-DX1.C63E8820-0A22-4567-B986-2958B4B73EA9,tcga_rcc,CCRCC,0.30699533,0.94504952
1,TCGA-B0-4814-01Z-00-DX1.954b3034-13bf-49f3-ba89-175fd1fc7fbd,tcga_rcc,CCRCC,0.26833516,1.31610447
1,TCGA-A3-3373-01Z-00-DX1.681dd573-9832-4739-92b5-5cdf6e993802,tcga_rcc,CCRCC,0.35033894,1.10303760
1,TCGA-CJ-4636-01Z-00-DX1.828E1165-8011-4DEB-A7F0-BECF570F310F,tcga_rcc,CCRCC,0.19337642,0.63982981
1,TCGA-B8-4148-01Z-00-DX1.B27E1027-0740-46B2-91FA-FE018746D81F,tcga_rcc,CCRCC,0.24985099,0.76682970
1,TCGA-AK-3425-01Z-00-DX1.39FD616C-3050-41E1-BF80-D2069E492FDE,tcga_rcc,CCRCC,0.30193132,0.93538713
1,TCGA-A3-3319-01Z-00-DX1.38d515b4-6488-421a-9d61-d1e92d98ddbe,tcga_rcc,CCRCC,0.30192530,0.70980963
1,TCGA-B0-4718-01Z-00-DX1.24cc8660-df2d-4910-ae5d-68b6ab6feb57,tcga_rcc,CCRCC,0.28971505,0.98484981
1,TCGA-BP-4174-01Z-00-DX1.be4a0246-98f6-44c3-a00f-dfb7d076e9db,tcga_rcc,CCRCC,0.28646177,0.68899191
1,TCGA-CJ-4923-01Z-00-DX1.ADD3D7FE-46D1-49AF-B6D4-1FD07B761EF1,tcga_rcc,CCRCC,0.31170392,0.64272550
1,TCGA-CJ-4890-01Z-00-DX1.4CD542E0-5057-477E-B578-17FE98A503FD,tcga_rcc,CCRCC,0.32785791,0.38677261
1,TCGA-2Z-A9J3-01Z-00-DX1.6B0E7DF6-733D-4007-84A3-E67BBC4966A6,tcga_rcc,PRCC,-0.37403283,-1.20730087
1,TCGA-B2-4099-01Z-00-DX1.c0aa462a-083d-4db8-af8f-37b45a544c8b,tcga_rcc,CCRCC,0.30183059,0.79794044
1,TCGA-G6-A5PC-01Z-00-DX1.1E7A6945-7AC1-438D-B1EC-C45BEFC6851E,tcga_rcc,CCRCC,0.19657820,0.72203624
1,TCGA-BP-4352-01Z-00-DX1.fc671377-0f49-4a28-93fe-0409be6a7473,tcga_rcc,CCRCC,0.31193066,0.42474073
1,TCGA-B0-5707-01Z-00-DX1.a531abb4-5981-4fa2-a6e0-a2e3b64b0688,tcga_rcc,CCRCC,-0.14224625,-0.20484035
1,TCGA-B0-5713-01Z-00-DX1.afdee2d7-be99-4a3f-addf-b4942b891e7a,tcga_rcc,CCRCC,0.29765117,0.99724215
1,TCGA-BP-5200-01Z-00-DX1.857a5a60-4cbb-4aa1-ad71-2de6e7e1df30,tcga_rcc,CCRCC,0.30001146,0.55495093
1,TCGA-BP-4799-01Z-00-DX1.bf24e85e-66d4-4cf6-ad5d-9a7e1d27d008,tcga_rcc,CCRCC,0.30696440,1.08541263
1,TCGA-AK-3453-01Z-00-DX1.39B363CD-9995-4077-9C44-3A2F4792A510,tcga_rcc,CCRCC,0.10476410,-0.08549380
1,TCGA-AK-3433-01Z-00-DX1.53f1ec0a-bb16-4899-bdc7-99c6e61f729e,tcga_rcc,CCRCC,-0.05284292,0.31137585
1,TCGA-B0-5119-01Z-00-DX1.0efec19e-0a46-4951-926b-d172fb90b2a1,tcga_rcc,CCRCC,0.34760529,1.13528385
1,TCGA-B2-A4SR-01Z-00-DX1.CC86884F-7784-495E-AFA0-FE57E4E6BADF,tcga_rcc,CCRCC,0.37101096,0.99864546
1,TCGA-B0-4817-01Z-00-DX1.92c7c348-7373-4ebc-9459-c8122e6eeb41,tcga_rcc,CCRCC,0.18339586,0.44295527
1,TCGA-BP-4973-01Z-00-DX1.2f753bb4-d7f4-43fc-994a-f076e6d10c50,tcga_rcc,CCRCC,0.26096141,0.85610554
1,TCGA-CZ-5462-01Z-00-DX1.270f84aa-9ae5-4de7-adb3-8b3ea53aeba1,tcga_rcc,CCRCC,0.30012214,0.94998469
1,TCGA-CJ-4913-01Z-00-DX1.47D39794-A772-41CA-8921-65B7FD5C6006,tcga_rcc,CCRCC,0.26363218,1.10908117
1,TCGA-A3-3382-01Z-00-DX1.38cdb806-248a-4030-8a47-b5ce266991de,tcga_rcc,CCRCC,0.28079295,0.49487832
1,TCGA-CJ-4888-01Z-00-DX1.3C25F016-BC38-4B8A-9DCF-6ACCDEEC2525,tcga_rcc,CCRCC,0.22785342,0.93059039
1,TCGA-B0-5399-01Z-00-DX1.2b8db692-a777-46d2-bfef-ac889bd957aa,tcga_rcc,CCRCC,0.40484005,1.36546911
1,TCGA-CZ-5987-01Z-00-DX1.b9be10de-122d-4cef-961f-298c359e513d,tcga_rcc,CCRCC,0.17448324,0.87141485
1,TCGA-2Z-A9J8-01Z-00-DX1.27D9327E-905A-418B-BDC1-B2320D98F5F3,tcga_rcc,PRCC,-0.32793140,-0.65741010
1,TCGA-O9-A75Z-01Z-00-DX1.BC6BD21E-6875-4182-B143-B1F656229416,tcga_rcc,PRCC,-0.16117722,-0.92927325
1,TCGA-2Z-A9JG-01Z-00-DX1.1ACF5371-F7F7-4477-9450-4A46709CCEDC,tcga_rcc,PRCC,-0.24906105,-0.25160022
1,TCGA-BQ-5891-01Z-00-DX1.8e19c5b6-693e-4f65-b1ce-ab1e9ca960ec,tcga_rcc,PRCC,-0.26174653,-0.37670196
1,TCGA-A4-8310-01Z-00-DX1.62A765FE-C8B8-4017-A37A-CD7B66CB07AD,tcga_rcc,PRCC,-0.08417737,-0.49843256
1,TCGA-BQ-5875-01Z-00-DX1.8dfe43ac-98ed-49b7-9da0-8a831f323edd,tcga_rcc,PRCC,-0.20481777,-0.57976111
1,TCGA-SX-A7SS-01Z-00-DX1.8D9E6599-DA42-4F5B-93FF-08CBDCC77591,tcga_rcc,PRCC,-0.01342070,-0.62418054
1,TCGA-BQ-5893-01Z-00-DX1.d68bdc5e-06ef-4e9c-bfe0-0fab07c36a58,tcga_rcc,PRCC,-0.30177921,-0.33133087
1,TCGA-E2-A1L7-01Z-00-DX1.BE796CD2-2E81-44E8-8CA2-85B4D2A31B64,tcga_brca,IDC,0.07570451,0.71084819
1,TCGA-D8-A143-01Z-00-DX1.4697FB2F-91D5-4506-AF23-7DE304D44A3F,tcga_brca,IDC,0.12694469,0.79367655
1,TCGA-E2-A15L-01Z-00-DX1.626032DC-D396-48E7-B888-DFEBCF7102FF,tcga_brca,ILC,-0.02886677,-0.03831691
1,TCGA-C8-A138-01Z-00-DX1.845A0680-23A4-4A58-A9C4-2EE17BDBD371,tcga_brca,IDC,0.13693118,0.63590027
1,TCGA-AR-A0U4-01Z-00-DX1.DE722DC5-859D-4866-ADCC-ED98EDBFB588,tcga_brca,IDC,0.10920864,0.32781909
1,TCGA-D8-A1JM-01Z-00-DX1.3CD15BC8-08B3-4BEE-9FD7-A8BEED33268E,tcga_brca,IDC,0.09160942,0.27624318
1,TCGA-BH-A1EY-01Z-00-DX1.25C3DE1F-C702-4959-8DFA-69EF78AD9307,tcga_brca,IDC,0.08286029,0.97606161
1,TCGA-BH-A1FH-01Z-00-DX1.F90A691F-B6DB-4C4A-9975-9A2CB01F29E2,tcga_brca,IDC,0.03382415,0.27872596
1,TCGA-AN-A0FJ-01Z-00-DX1.97B60767-916E-4938-9D0B-E6C0FE1CB3FC,tcga_brca,IDC,0.20231149,0.55849481
1,TCGA-BH-A18P-01Z-00-DX1.C66642D3-BE44-4D65-B4AE-C1C3D959D22C,tcga_brca,IDC,0.03304839,0.44775016
1,TCGA-GM-A3NY-01Z-00-DX1.BEED8B8F-5A1B-4CE2-BB5D-A7ED40551AE4,tcga_brca,ILC,0.02326566,0.15915167
1,TCGA-B6-A0I9-01Z-00-DX1.78E1D43A-507E-482E-B988-AF13B12B4497,tcga_brca,IDC,0.13580120,1.13126140
1,TCGA-E2-A9RU-01Z-00-DX1.A06BE284-B9DC-4B45-A202-A9D027AEEDD9,tcga_brca,IDC,0.11977077,1.07983019
1,TCGA-A8-A07P-01Z-00-DX1.2C7C75EF-EEE2-4A42-994C-A1A40850C87A,tcga_brca,IDC,0.13023287,0.86952465
1,TCGA-A8-A07O-01Z-00-DX1.3D657129-F2A7-4BC1-A910-805FBDCE2212,tcga_brca,IDC,0.14733548,0.41173412
1,TCGA-A2-A04P-01Z-00-DX1.5B481E02-D269-4732-8FDD-6494E6EE2B71,tcga_brca,IDC,0.10940415,0.84192299
1,TCGA-B6-A0IG-01Z-00-DX1.4238CB6E-0561-49FD-9C49-9B8AEAFC4618,tcga_brca,IDC,0.09095448,0.94841973
1,TCGA-LD-A66U-01Z-00-DX1.AEC25C62-0519-47ED-A85B-2A964BA2BA87,tcga_brca,ILC,0.02491635,0.00090309
1,TCGA-AR-A254-01Z-00-DX1.EA5CD008-1106-41EC-998A-04EF08EEEC9D,tcga_brca,IDC,0.09574169,1.03573112
1,TCGA-BH-A1EV-01Z-00-DX1.106CF220-1D7D-40DD-88B2-A7F00B758F8F,tcga_brca,IDC,0.10510176,0.87366862
1,TCGA-AQ-A0Y5-01Z-00-DX1.f68f5b49-30fa-4fb6-bec6-5da9f6809d02,tcga_brca,IDC,0.10856652,0.54448684
1,TCGA-AR-A0U0-01Z-00-DX1.C8BECD9F-68D9-47B1-B31E-C1C6CAE456B6,tcga_brca,IDC,0.15353137,0.32876664
1,TCGA-B6-A1KI-01Z-00-DX1.EFAA08A8-02EC-4A9B-AC6B-79BF2DC5A2AA,tcga_brca,IDC,0.08537322,0.72707271
1,TCGA-EW-A1PC-01Z-00-DX1.45369705-AD49-419F-A0F0-EC51473BBAB9,tcga_brca,IDC,0.06961000,0.64068811
1,TCGA-BH-A5J0-01Z-00-DX1.73CFBC85-8449-48FF-86F8-D4D49A90498B,tcga_brca,IDC,0.08437943,0.59960117
1,TCGA-A2-A0SY-01Z-00-DX1.279A5479-E183-4F79-AF40-50BF1834BA4A,tcga_brca,ILC,0.01430005,0.08194574
1,TCGA-LL-A440-01Z-00-DX1.6E031FD6-236C-49FA-B920-4CB120C59037,tcga_brca,ILC,-0.00954998,0.28362696
1,TCGA-AR-A5QN-01Z-00-DX1.BF92AA24-3D44-4FFA-BCC0-CDB934EC3BBC,tcga_brca,ILC,-0.00243402,-0.23671621
1,TCGA-A2-A0T3-01Z-00-DX1.5E96BC87-F4FB-4ABA-8D81-FAB7F4A80661,tcga_brca,IDC,0.02019787,-0.14670040
1,TCGA-AR-A1AJ-01Z-00-DX1.34B9FCF0-74D8-4328-9B5A-698AD57EDA85,tcga_brca,IDC,0.11648887,0.59635236
1,TCGA-BH-A0BG-01Z-00-DX1.0838FB7F-8C85-4687-9F70-D136A1063383,tcga_brca,IDC,0.14740467,1.26007492
1,TCGA-BH-A0AZ-01Z-00-DX1.E20051E8-DEEF-48E5-B519-40777DDBC96B,tcga_brca,IDC,0.09570825,0.60913827
1,TCGA-A2-A3Y0-01Z-00-DX1.A1EDDF82-FFAA-44A4-A749-7FB6F8133CC0,tcga_brca,IDC,0.12599605,0.43951092
1,TCGA-A2-A0SX-01Z-00-DX1.219A994C-8974-4458-98FA-FB1F14868E04,tcga_brca,IDC,0.12365153,0.64927875
1,TCGA-BH-A1FN-01Z-00-DX1.CEE3C59B-6CF0-4D41-8334-6067BB5A8BF7,tcga_brca,IDC,0.10651010,0.84216223
1,TCGA-A2-A0YH-01Z-00-DX1.FBA5E711-8275-45B3-BC20-5A786EE23548,tcga_brca,IDC,0.09351897,0.88993826
1,TCGA-EW-A423-01Z-00-DX1.31502D62-9C83-4A9C-9682-05A185486EAA,tcga_brca,ILC,0.00427318,-0.12455689
1,TCGA-EW-A423-01Z-00-DX2.5EF1CF39-600A-4ED3-A5A2-AF4435A5F8B5,tcga_brca,ILC,-0.02161318,0.01931866
1,TCGA-AR-A2LM-01Z-00-DX1.CB64A062-2E35-41F9-97C7-07BB60754799,tcga_brca,ILC,0.00257206,0.19267257
1,TCGA-E2-A15R-01Z-00-DX1.B58D2D9D-05EE-4D66-8DC0-9E5C6AD2E3D3,tcga_brca,IDC,0.05073619,0.39935866
1,TCGA-BH-A0B0-01Z-00-DX1.316D35DB-7F13-4AE5-82A7-5716D2519669,tcga_brca,IDC,0.11158371,0.45410086
1,TCGA-GM-A2DF-01Z-00-DX1.CD0BE6D7-2DB3-4193-84CC-F9BE7BF18CC2,tcga_brca,IDC,0.09750098,0.77590382
1,TCGA-EW-A1P8-01Z-00-DX1.E9852193-8CDD-49EF-B49B-DA6931198F0D,tcga_brca,IDC,0.08325195,0.80963162
1,TCGA-AR-A24R-01Z-00-DX1.47D79205-63E7-43E6-A513-2CD10DFA53C9,tcga_brca,IDC,0.07955444,0.82384521
1,TCGA-GM-A2DH-01Z-00-DX1.5790F15F-2A0F-4929-8FE4-18A557007989,tcga_brca,IDC,0.11433315,0.93255700
1,TCGA-EW-A1PA-01Z-00-DX1.03B033F8-62C0-49E1-BDEA-C5217AB3460A,tcga_brca,IDC,0.03257132,0.39207989
1,TCGA-BH-A0H5-01Z-00-DX1.28F24D4D-EE80-4EDA-BC30-A194E22FD61C,tcga_brca,IDC,0.02905607,0.58153728
1,TCGA-AR-A24V-01Z-00-DX1.E749C2FE-E26B-4306-80B4-8269EEB23270,tcga_brca,IDC,0.08669496,0.97686384
1,TCGA-A7-A0DB-01Z-00-DX1.9CE855BC-0C37-43FB-8806-6625E176BE2E,tcga_brca,IDC,0.02146357,0.57424580
1,TCGA-A7-A0DB-01Z-00-DX2.6C6A5F9C-294F-4A86-A0F1-B68D4729B535,tcga_brca,IDC,0.04597163,0.70905273
1,TCGA-AN-A0XN-01Z-00-DX1.A8EB9F62-236E-4C59-A206-DF0C7654AC30,tcga_brca,IDC,0.05388314,0.36830665
1,TCGA-E9-A295-01Z-00-DX1.ED6CC024-56E7-45A9-B41F-F84550A899F7,tcga_brca,ILC,0.04741955,0.52154914
1,TCGA-BH-A42U-01Z-00-DX1.130D060A-3DD8-407E-B8B0-EBBF743491AE,tcga_brca,ILC,-0.06200719,-0.43448810
1,TCGA-S3-AA17-01Z-00-DX1.9B7DC02E-ECB2-4403-A894-F418AD452E49,tcga_brca,IDC,-0.06023282,-0.19439889
1,TCGA-AR-A24N-01Z-00-DX1.563E9160-9E09-4E3F-8CE9-FFED0AA52927,tcga_brca,IDC,0.06201184,0.51509821
1,TCGA-E2-A154-01Z-00-DX1.01FC9B1A-8ECD-4467-9EDD-0B02E4AEEF72,tcga_brca,IDC,0.07932234,0.43751131
1,TCGA-A8-A09R-01Z-00-DX1.392580F3-0CE5-4EDB-91CF-814AAD0DB649,tcga_brca,IDC,0.15524030,0.94217352
1,TCGA-BH-A0W3-01Z-00-DX1.38DCA2B7-1A54-4FFA-BABA-29F80974BB17,tcga_brca,IDC,0.06345463,0.67899254
1,TCGA-B6-A1KF-01Z-00-DX1.2E08E830-4216-4CD0-9646-1F489300E11D,tcga_brca,IDC,0.08303362,0.71694367
1,TCGA-C8-A26V-01Z-00-DX1.6E86DF74-D575-4969-8142-963D9DF5208F,tcga_brca,IDC,0.16631901,0.58720140
1,TCGA-EW-A1P1-01Z-00-DX1.4B670029-4B3B-4D76-8EA4-F4F29EEF9E37,tcga_brca,IDC,0.13259268,0.73437834
1,TCGA-A8-A09Z-01Z-00-DX1.D56497BE-5099-4537-9600-60F3213F7BF5,tcga_brca,ILC,-0.02431273,0.08467841
1,TCGA-E2-A10B-01Z-00-DX1.148CFC4B-EE65-4A7E-918F-10C72F37CB0F,tcga_brca,IDC,0.05280429,1.16790337
1,TCGA-AR-A2LK-01Z-00-DX1.FBD59C38-CD4E-4C22-BC74-A57C192A9BBC,tcga_brca,ILC,0.01295143,-0.05791602
1,TCGA-A8-A085-01Z-00-DX1.0DA29016-AEA4-4E5F-B679-83095A79F5B3,tcga_brca,IDC,0.06826311,0.84455963
1,TCGA-A2-A0T4-01Z-00-DX1.AC61ED08-2E42-4D4A-BB81-746D3FEBB653,tcga_brca,ILC,-0.05279344,-0.27663749
1,TCGA-PE-A5DD-01Z-00-DX1.E1EF11EC-B87B-49DE-A544-2E162F9AE789,tcga_brca,ILC,-0.02369696,-0.72332931
1,TCGA-A2-A04R-01Z-00-DX1.BE3661A3-A2A0-4248-B7D5-D8986E529B6C,tcga_brca,IDC,0.08648270,1.20023900
1,TCGA-D8-A1XW-01Z-00-DX1.10187A1F-086B-4CD9-AC01-ADA2E435CD34,tcga_brca,IDC,0.15509695,0.69305912
1,TCGA-D8-A1XW-01Z-00-DX2.9849E503-BE3E-417C-ABE8-93A39583DDE0,tcga_brca,IDC,0.16441160,0.73156140
1,TCGA-A8-A08X-01Z-00-DX1.01FB49CC-6B8E-4317-8C42-6B6D81187A40,tcga_brca,IDC,0.11856383,0.89994794
1,TCGA-AN-A0FN-01Z-00-DX1.CAA3C2D0-7E74-48E5-ACB7-487434C7AAD2,tcga_brca,IDC,-0.00688332,0.32357032
1,TCGA-BH-A0DT-01Z-00-DX1.73AFCEBB-06B1-4870-ADA2-881511B1BE2D,tcga_brca,IDC,0.09100062,0.89218766
1,TCGA-AR-A5QM-01Z-00-DX1.A9017CED-FF57-4090-95B9-94DC91854347,tcga_brca,ILC,-0.04983550,-0.32485144
1,TCGA-C8-A1HF-01Z-00-DX1.81EF9A57-54E1-4750-9816-5571FD18A297,tcga_brca,IDC,0.08144838,0.94274417
1,TCGA-LL-A73Z-01Z-00-DX1.C010142E-29C0-411D-9E0E-4B7D8A4C09BF,tcga_brca,IDC,0.00378537,-0.03271684
1,TCGA-GM-A2DB-01Z-00-DX1.9EE36AA6-2594-44C7-B05C-91A0AEC7E511,tcga_brca,IDC,0.12221062,0.75032070
1,TCGA-LL-A7SZ-01Z-00-DX1.4DAF6421-6A1D-41C8-BFD6-859FE10CB8CC,tcga_brca,IDC,0.10104084,0.78765685
1,TCGA-AR-A0TT-01Z-00-DX1.127C2A4F-62AC-4E83-99DB-13519BD2949D,tcga_brca,IDC,0.08772576,1.08581387
1,TCGA-B6-A0X1-01Z-00-DX1.2A41630E-A8BF-4966-99F5-D5D8036B1759,tcga_brca,IDC,0.15085220,0.92177608
1,TCGA-BH-A0HF-01Z-00-DX1.1EB2F7CE-54F4-4E41-A3CF-78209770B7CE,tcga_brca,IDC,0.03112042,0.58729280
1,TCGA-A2-A3XV-01Z-00-DX1.4B58B7CD-B3F6-4C31-863F-924D291EF17C,tcga_brca,IDC,0.11749995,0.96170023
1,TCGA-A2-A04V-01Z-00-DX1.EB430DDB-8FE9-4302-8829-53DBAD09E79F,tcga_brca,IDC,0.08754826,1.24160149
1,TCGA-GM-A2DC-01Z-00-DX1.39F956BB-52D0-4385-9923-4D7D36D78862,tcga_brca,IDC,0.10380852,0.67910426
1,TCGA-E2-A10A-01Z-00-DX1.98B19EF1-0DAE-4DC6-8B0E-963CFABC6724,tcga_brca,IDC,0.10360718,1.30688762
1,TCGA-B6-A0I1-01Z-00-DX1.86BEC5E4-A2D1-4039-8D08-0598FA8BCC2B,tcga_brca,IDC,0.14330953,0.77247667
1,TCGA-A2-A0EN-01Z-00-DX1.F43A5D17-9267-4963-993A-93AC91BDC031,tcga_brca,ILC,-0.05239743,0.08600003
1,TCGA-A2-A0YK-01Z-00-DX1.FB23FC30-B3B2-452A-A6B0-94129B333207,tcga_brca,ILC,-0.02796417,-0.10702516
1,TCGA-AN-A0XS-01Z-00-DX1.B4D4B73E-2912-4B2E-B18A-FBC35F8160D3,tcga_brca,IDC,0.08332908,0.70480619
1,TCGA-A8-A09D-01Z-00-DX1.66312A8A-88BA-4B58-96DF-1A7AC39F9E4A,tcga_brca,IDC,0.09402382,0.96131981
1,TCGA-5L-AAT1-01Z-00-DX1.F3449A5B-2AC4-4ED7-BF44-4C8946CDB47D,tcga_brca,ILC,-0.14833510,0.46216506
1,TCGA-B6-A1KC-01Z-00-DX1.4DD3E48B-F434-499F-9FF1-0FFD2883A375,tcga_brca,IDC,0.07311606,0.95628609
1,TCGA-B6-A0IK-01Z-00-DX1.1640DB44-4AC0-4A34-9E21-4673C4289A99,tcga_brca,IDC,0.09339446,0.70500161
1,TCGA-51-6867-01Z-00-DX1.5f3a0562-efbe-413f-8e13-9826aaefa298,tcga_lung,LUSC,-0.08961087,-0.13718759
1,TCGA-66-2789-01Z-00-DX1.93719e52-7dd4-4bbb-b908-c91db1d99b76,tcga_lung,LUSC,-0.11279696,-0.65793652
1,TCGA-85-8277-01Z-00-DX1.ffad077e-e969-40ba-8504-2f2103911758,tcga_lung,LUSC,-0.02742618,-0.27013813
1,TCGA-98-A53B-01Z-00-DX1.5429DF3F-9F1C-4DEE-8A7A-CCB3E2BBDC8A,tcga_lung,LUSC,-0.21746111,-0.16401935
1,TCGA-85-7844-01Z-00-DX1.9035209b-75ae-4c9b-8edf-5851af490f29,tcga_lung,LUSC,-0.07011038,-0.44180036
1,TCGA-56-8625-01Z-00-DX1.11AADFB3-33FF-4EAA-B423-CD0F07163747,tcga_lung,LUSC,-0.05417627,-0.12735224
1,TCGA-85-A4JB-01Z-00-DX1.3CEC3662-68C1-4874-8273-540459B8F138,tcga_lung,LUSC,-0.12941012,-0.12678769
1,TCGA-52-7622-01Z-00-DX1.cb3bb056-27dd-4c15-9004-b06cc8923663,tcga_lung,LUSC,-0.18144119,-0.49229532
1,TCGA-33-A5GW-01Z-00-DX2.8E12990B-CA60-4C94-9309-9A0DA6C63588,tcga_lung,LUSC,-0.14785165,-0.64044807
1,TCGA-33-A5GW-01Z-00-DX3.7A1C5169-96C6-4ECB-81E1-1050EFE84B60,tcga_lung,LUSC,-0.15009135,-0.48686898
1,TCGA-33-A5GW-01Z-00-DX1.6F0833B7-EDAB-4DF4-83D9-393D8ADBFCF3,tcga_lung,LUSC,-0.12502170,-0.43134481
1,TCGA-43-6773-01Z-00-DX1.a05f9597-51b5-4a5a-9936-c61535b115bb,tcga_lung,LUSC,-0.11775661,-0.38953581
1,TCGA-56-8503-01Z-00-DX1.87FEB654-FC88-4CDA-8F52-ACF0D9A19191,tcga_lung,LUSC,-0.31834325,-0.63540650
1,TCGA-56-A4BX-01Z-00-DX1.60E64193-473C-4220-9E38-0F5D952BD157,tcga_lung,LUSC,-0.25068986,-1.18019222
1,TCGA-98-8020-01Z-00-DX1.fcf8e956-c413-40ae-9f09-610403e70fb3,tcga_lung,LUSC,-0.29653940,-1.10654572
1,TCGA-22-5481-01Z-00-DX1.6BB77BD0-92FF-43FF-A86C-9EF41B2921DA,tcga_lung,LUSC,-0.07099658,-0.07061159
1,TCGA-18-3421-01Z-00-DX1.3777597A-8B36-48A9-B950-C8233392A6D5,tcga_lung,LUSC,-0.25377262,-0.99522307
1,TCGA-22-5492-01Z-00-DX1.A17DE349-CD76-4B12-9C5C-DB8DFB23C003,tcga_lung,LUSC,-0.19871414,-0.97523166
1,TCGA-37-4129-01Z-00-DX1.0b52aa1e-20d4-4084-8fa1-2f1b7f09dd5b,tcga_lung,LUSC,0.06633478,0.24200464
1,TCGA-22-4613-01Z-00-DX1.4BC3B7B8-99E7-4744-8F5A-089ECCDE144E,tcga_lung,LUSC,-0.17224765,-0.38876633
1,TCGA-66-2768-01Z-00-DX1.02fadcc4-9d05-4b37-9114-d8e80c09ef1a,tcga_lung,LUSC,-0.10278976,-0.16541687
1,TCGA-77-6842-01Z-00-DX1.934f1e6a-9c30-40ad-a764-7d0b6fdb92e9,tcga_lung,LUSC,-0.10959023,-0.37413933
1,TCGA-85-7698-01Z-00-DX1.bc8a89a7-356e-4913-9632-627774730f48,tcga_lung,LUSC,-0.34454173,-0.99944572
1,TCGA-66-2778-01Z-00-DX1.5806ab4d-fdde-45b6-a131-fd5f71bcde0b,tcga_lung,LUSC,-0.10280365,-0.47395029
1,TCGA-37-3789-01Z-00-DX1.d7a4923e-988e-45e9-a64e-30c983740614,tcga_lung,LUSC,-0.30603659,-0.94519019
1,TCGA-55-1592-01Z-00-DX1.ee15e261-2f9c-4a93-a19f-27cb1c3bae15,tcga_lung,LUAD,0.13136333,0.71146267
1,TCGA-38-A44F-01Z-00-DX1.B9958072-D8BB-40DD-B28E-2E83CE2B550B,tcga_lung,LUAD,0.16880453,0.52807755
1,TCGA-18-3409-01Z-00-DX1.3E32CC78-B066-4F85-A781-EDAF39DE0704,tcga_lung,LUSC,-0.10775387,0.27677692
1,TCGA-43-A475-01Z-00-DX1.48694B33-6070-4D6E-9CE4-BDEF072500A1,tcga_lung,LUSC,-0.15562451,-0.20976407
1,TCGA-34-5929-01Z-00-DX1.a461aed7-0ba9-44dc-8f5b-941cb57aa855,tcga_lung,LUSC,-0.20983344,-0.89195223
1,TCGA-85-A53L-01Z-00-DX1.4B1C0D74-CF56-4B52-9EA0-9DC72EA07B1C,tcga_lung,LUSC,-0.17766750,-0.64403317
1,TCGA-NK-A5CX-01Z-00-DX1.CA1C230C-7A29-491B-A124-7D3B600DAFB7,tcga_lung,LUSC,-0.12684405,-0.07972636
1,TCGA-NC-A5HF-01Z-00-DX1.6371242D-227A-4531-8BB3-FD1AABF770C9,tcga_lung,LUSC,-0.25641435,-1.33692091
1,TCGA-NC-A5HL-01Z-00-DX1.E40E17C1-42BA-4C02-AA01-0E2891B3174A,tcga_lung,LUSC,-0.17919421,-0.88651253
1,TCGA-77-8143-01Z-00-DX1.e844a7e1-ebba-4acb-8fe2-08aee2102848,tcga_lung,LUSC,-0.03601247,-0.32340929
1,TCGA-33-6738-01Z-00-DX5.4af96952-d323-4d2e-9871-e590b7c5f59d,tcga_lung,LUSC,0.09814048,0.39571219
1,TCGA-33-6738-01Z-00-DX6.631ec263-2df0-4d13-982b-14db382a2532,tcga_lung,LUSC,0.10201567,0.42799360
1,TCGA-33-6738-01Z-00-DX2.3a2fa17d-0297-4b0c-8a5f-aa18c5342ef4,tcga_lung,LUSC,0.07596666,0.32375533
1,TCGA-33-6738-01Z-00-DX3.26deb8f3-f138-45e4-9765-f713030746e8,tcga_lung,LUSC,0.07197881,0.47926484
1,TCGA-33-6738-01Z-00-DX1.d688fae9-4daf-4b6e-b907-fb55e3983d62,tcga_lung,LUSC,0.08091879,0.33409685
1,TCGA-33-6738-01Z-00-DX4.8a8b2411-f425-4181-82cc-0c8535055028,tcga_lung,LUSC,0.08562773,0.53131013
1,TCGA-66-2788-01Z-00-DX1.1a57324a-5b00-44ed-912d-9522d0141500,tcga_lung,LUSC,-0.15867198,-0.42298047
1,TCGA-22-4599-01Z-00-DX1.2178D5C0-A444-44F5-B878-F5D1FB2943C9,tcga_lung,LUSC,-0.16193271,-0.29973869
1,TCGA-55-A48Y-01Z-00-DX1.D8735347-E060-439F-B5A1-1E47A958A392,tcga_lung,LUAD,0.18821096,0.38506908
1,TCGA-86-8054-01Z-00-DX1.2c4c08f6-be1c-46d1-a719-5983cade0c54,tcga_lung,LUAD,0.04963964,0.22124294
1,TCGA-MN-A4N5-01Z-00-DX1.D0FBA0D2-6245-4EFD-AF2B-849215600DBE,tcga_lung,LUAD,0.12339985,0.48603018
1,TCGA-MP-A4T4-01Z-00-DX1.5F72FF0B-59C0-4E95-A8C1-BF22A948F7AC,tcga_lung,LUAD,0.08141905,0.68369349
1,TCGA-78-7158-01Z-00-DX1.74db3dcd-2715-4ce7-8e48-30c8b7946ba0,tcga_lung,LUAD,0.23572195,0.87503727
1,TCGA-49-AARO-01Z-00-DX1.FB8C82DC-F823-43CF-A8EA-1208C767AF54,tcga_lung,LUAD,0.14488673,0.47572848
1,TCGA-NJ-A4YQ-01Z-00-DX1.56C29975-77E9-4822-A9E1-83AD70D6C5F7,tcga_lung,LUAD,0.13079244,0.64462859
1,TCGA-44-7662-01Z-00-DX1.2f0b6cea-795a-40ad-93a9-319858e6fb3b,tcga_lung,LUAD,0.06182867,0.55423724
1,TCGA-78-7160-01Z-00-DX1.f40f6c04-74b1-4cef-aabc-cbafadbdf39f,tcga_lung,LUAD,0.25488567,1.05701091
1,TCGA-J2-A4AG-01Z-00-DX1.487780B8-18E7-494A-8054-5637239870EB,tcga_lung,LUAD,0.20806944,0.45288556
1,TCGA-J2-A4AE-01Z-00-DX1.42C5DE4A-7787-4E59-8969-D12503262C96,tcga_lung,LUAD,0.15216482,0.58187021
1,TCGA-97-7937-01Z-00-DX1.6db4b2ff-722c-4bb8-b12f-15f1a38b4ab1,tcga_lung,LUAD,0.15023315,1.23335629
1,TCGA-90-7964-01Z-00-DX1.25D2CC5D-2383-41FE-B5D5-0ACFC0F8209B,tcga_lung,LUSC,-0.07240999,0.35642007
1,TCGA-85-A513-01Z-00-DX1.9C4C6BA2-BBEB-4EC6-9A70-65B1F6198E1F,tcga_lung,LUSC,0.15454197,0.61480505
1,TCGA-98-A53C-01Z-00-DX1.1E06B7B5-32C3-436C-AD66-27E5829ADA85,tcga_lung,LUSC,-0.15213990,-0.08043560
1,TCGA-LA-A7SW-01Z-00-DX1.A65863F5-EA8F-46F5-A4D1-52FAD3D93E26,tcga_lung,LUSC,0.00124264,-0.44184102
1,TCGA-85-7699-01Z-00-DX1.418bb5e3-9721-41b0-82f6-21ce3cc29de2,tcga_lung,LUSC,-0.25762746,-1.13125732
1,TCGA-O2-A52W-01Z-00-DX1.3D388EB0-8402-4540-9E50-7C3757FA5D83,tcga_lung,LUSC,-0.20473349,-0.57875073
1,TCGA-56-8626-01Z-00-DX1.C9836EAF-F005-40E9-B781-1D5586141F0D,tcga_lung,LUSC,-0.14992380,-0.44669798
1,TCGA-18-3406-01Z-00-DX1.8D07F006-425C-4724-BBB3-5BA099401234,tcga_lung,LUSC,-0.09088355,-0.36645816
1,TCGA-55-7724-01Z-00-DX1.31a194ac-62e3-4225-8e32-8c2a83dcdd10,tcga_lung,LUAD,0.13164741,0.19879446
1,TCGA-38-4625-01Z-00-DX1.ffdbfc1d-7a21-4e67-a54f-89597bd14a7f,tcga_lung,LUAD,0.02013922,0.52950520
1,TCGA-97-7552-01Z-00-DX1.a5ab8959-ff7a-4287-b014-87439957fb67,tcga_lung,LUAD,0.25090802,0.27710645
1,TCGA-35-4122-01Z-00-DX1.2ac022e4-e796-49e5-9a24-f0ff3f76a527,tcga_lung,LUAD,0.04051352,0.25173007
1,TCGA-67-3772-01Z-00-DX1.CB05C5CC-2801-4BB9-94A0-83E9005BCA2E,tcga_lung,LUAD,0.10002679,0.94299765
1,TCGA-05-4424-01Z-00-DX1.4892016C-1A96-4A72-ACB8-FFD282FC4E69,tcga_lung,LUAD,0.04745829,0.91116648
1,TCGA-95-7039-01Z-00-DX1.C191A46D-A667-4BF6-8E6B-3E5CBF9DF43F,tcga_lung,LUAD,0.10720432,1.00634930
1,TCGA-55-7907-01Z-00-DX1.f5a264f5-3926-4d09-82f3-cd38d554f3db,tcga_lung,LUAD,0.15483791,0.55901258
1,TCGA-38-4628-01Z-00-DX1.eee4f100-142f-4d9c-8e38-b16aab123413,tcga_lung,LUAD,0.14752650,1.20695359
1,TCGA-05-4403-01Z-00-DX1.fee8e988-956c-42a2-a6c5-06b6d6736295,tcga_lung,LUAD,0.20842940,0.85093811
1,TCGA-44-6147-01Z-00-DX1.a34a9f49-e86b-43ee-9e2d-7ef35da0aecf,tcga_lung,LUAD,0.12797618,1.08315787
1,TCGA-55-1596-01Z-00-DX1.de65522d-92ab-408e-9b7e-24210d386b97,tcga_lung,LUAD,-0.01272321,0.18912333
1,TCGA-55-8511-01Z-00-DX1.8EDFB05B-5B59-46EA-973C-1048B1E284D2,tcga_lung,LUAD,0.02904904,0.27090948
1,TCGA-44-6146-01Z-00-DX1.8db8c567-690e-4df3-98a9-f241b6a8d811,tcga_lung,LUAD,0.24926087,0.96268675
1,TCGA-44-3917-01Z-00-DX1.cf5b5b49-de5e-4f2e-90b4-b138f55560a9,tcga_lung,LUAD,0.09630692,0.60816989
1,TCGA-86-7955-01Z-00-DX1.ef4f4d94-5efb-4a07-97cf-b0ed69085827,tcga_lung,LUAD,0.14308459,0.55914678
1,TCGA-95-7567-01Z-00-DX1.982FF122-A440-4949-926C-B58AF8381090,tcga_lung,LUAD,0.12850785,0.48704015
1,TCGA-73-4666-01Z-00-DX1.dd9c8922-ddd1-4674-8124-9e334532e47e,tcga_lung,LUAD,0.01025927,0.33989813
1,TCGA-78-7537-01Z-00-DX1.e5597e41-ebba-4d6f-8a1f-15cd81d8f026,tcga_lung,LUAD,0.25132072,0.76194370
1,TCGA-MN-A4N1-01Z-00-DX2.9B0852C4-16BF-4962-B86F-E2570E48A89E,tcga_lung,LUAD,0.12255156,0.65069869
1,TCGA-MN-A4N1-01Z-00-DX1.07CD10C3-73A7-47E5-AD45-45458CE33107,tcga_lung,LUAD,0.11776894,0.86501206
1,TCGA-55-8614-01Z-00-DX1.043DE2B5-A453-4570-8830-99170450658C,tcga_lung,LUAD,-0.08807373,0.19026006
1,TCGA-62-A46S-01Z-00-DX1.7A8A6F38-76EA-4F43-BC03-1C42E6787E33,tcga_lung,LUAD,0.25496644,0.69746612
1,TCGA-78-7147-01Z-00-DX1.a9fd2c5d-b8f3-4524-bd64-6c3362ce373b,tcga_lung,LUAD,0.11713958,0.91377371
1,TCGA-78-7148-01Z-00-DX1.aac94f79-77f2-45e6-b0c3-0b103fecbb22,tcga_lung,LUAD,0.17171085,0.48101608
1,TCGA-64-1676-01Z-00-DX1.3B8F1FAC-0FB2-45DE-AFA1-6ED451A4A61B,tcga_lung,LUAD,0.01030093,0.13073891
1,TCGA-55-6982-01Z-00-DX1.055aeec1-2fc1-4796-b5df-c159335e0300,tcga_lung,LUAD,0.10507941,0.32757037
1,TCGA-05-4398-01Z-00-DX1.269bc75f-492e-48b1-87ee-85924aa80e74,tcga_lung,LUAD,0.08239621,1.11104464
1,TCGA-55-6642-01Z-00-DX1.0487cfc6-8216-4da3-aae1-a35452e9e4f6,tcga_lung,LUAD,0.15378928,0.55898548
1,TCGA-05-4249-01Z-00-DX1.9fce0297-cc19-4c04-872c-4466ee4024db,tcga_lung,LUAD,0.17040765,0.68052730
1,TCGA-55-6970-01Z-00-DX1.be042a9b-3eab-4b6c-9cd7-7486ffab037f,tcga_lung,LUAD,0.19812822,1.00441432
1,TCGA-73-4659-01Z-00-DX1.578400cd-d284-451b-8fdf-9f82c1458276,tcga_lung,LUAD,0.23643240,0.76030121
2,TCGA-R6-A6L6-01Z-00-DX1.8B0A74E3-35C0-49AE-B130-D956AB6AFC83,tcga_esca,ESAD,0.06033880,0.39287096
2,TCGA-VR-A8Q7-01Z-00-DX1.A85EC6C9-A5F4-4497-BFA0-9FE10A0E9A37,tcga_esca,ESCC,-0.09240717,0.06695763
2,TCGA-2H-A9GH-01Z-00-DX1.B2BF80D6-D348-4C5F-A205-6827684BF3B6,tcga_esca,ESAD,0.37206900,0.46081936
2,TCGA-2H-A9GG-01Z-00-DX1.0C979026-128C-4124-96CB-0B93FF35CFFF,tcga_esca,ESAD,0.21537673,0.33678811
2,TCGA-LN-A49X-01Z-00-DX1.16959B16-CA82-4D8A-BD15-E87FC0095F86,tcga_esca,ESCC,-0.21490869,-0.50124629
2,TCGA-RE-A7BO-01Z-00-DX1.E6F76917-D416-420D-A3A7-A89576B22D01,tcga_esca,ESAD,0.30040294,0.48155438
2,TCGA-LN-A9FR-01Z-00-DX1.48C8807A-3EE8-4863-9A73-BA53047621B8,tcga_esca,ESCC,-0.22483906,-0.48173461
2,TCGA-VR-A8EY-01Z-00-DX1.DD6ABA23-88BF-4D66-B405-EC889D25029B,tcga_esca,ESCC,-0.27289763,-0.50231734
2,TCGA-VR-A8EW-01Z-00-DX1.1422DA1B-9867-4A6F-A0D6-0692230B7734,tcga_esca,ESCC,-0.28054351,-0.09764966
2,TCGA-L5-A4OE-01Z-00-DX1.D9EA9F53-7455-4EE2-B721-54F0086950F0,tcga_esca,ESAD,0.03706729,0.37565500
2,TCGA-LN-A5U7-01Z-00-DX1.9397E01B-C88B-4A79-A09A-DBCF65BBADBB,tcga_esca,ESCC,-0.27754971,-0.67669994
2,TCGA-LN-A4A5-01Z-00-DX1.375EC417-663F-4E58-9369-C50BD2385C20,tcga_esca,ESCC,-0.28808141,-0.65091307
2,TCGA-L5-A4OH-01Z-00-DX1.B9DC5CD0-7ACD-4D73-BEF6-98191228FB78,tcga_esca,ESAD,0.12861258,0.41616928
2,TCGA-S8-A6BW-01Z-00-DX1.3DD9D2C3-73C9-4B9C-9491-5A438A9DE2C0,tcga_esca,ESCC,-0.22953877,-0.36325246
2,TCGA-L5-A4OX-01Z-00-DX1.44575F16-A28B-4865-BAF2-165DA3A1D4FA,tcga_esca,ESAD,0.16205901,0.57666981
2,TCGA-2Z-A9JD-01Z-00-DX1.46779418-49C3-4E76-BFC7-1711219548A7,tcga_rcc,PRCC,-0.31417888,-0.29095830
2,TCGA-BQ-5886-01Z-00-DX1.7a12ddce-2ece-46d3-bc42-12ec540d0ffe,tcga_rcc,PRCC,-0.22485840,-0.29344774
2,TCGA-KV-A6GD-01Z-00-DX5.18A8340C-3D22-48A9-AC14-AE33E3C7D3A9,tcga_rcc,PRCC,-0.18372661,-0.17494249
2,TCGA-KV-A6GD-01Z-00-DX7.5C5DEAAC-18A6-48A1-9963-14940A13E74E,tcga_rcc,PRCC,-0.09602815,-0.24794189
2,TCGA-KV-A6GD-01Z-00-DX3.8193FBFB-8B4C-4F09-82BA-A782135CCD19,tcga_rcc,PRCC,0.00292629,-0.27111966
2,TCGA-KV-A6GD-01Z-00-DX1.3B8EE131-FF82-4F71-BE12-053422958E41,tcga_rcc,PRCC,0.02687633,-0.14832040
2,TCGA-KV-A6GD-01Z-00-DX4.00A9C64C-828B-4F38-979D-414344615AB2,tcga_rcc,PRCC,-0.06533957,-0.01509039
2,TCGA-KV-A6GD-01Z-00-DX2.5547F30C-42D3-485A-959B-3ED18C066D15,tcga_rcc,PRCC,-0.20260227,-0.13897321
2,TCGA-KV-A6GD-01Z-00-DX6.0B219162-A9ED-447F-BBBD-A73D383A5B5B,tcga_rcc,PRCC,-0.17301363,-0.08172038
2,TCGA-B9-7268-01Z-00-DX1.6F3C101D-49F1-43B4-AFEB-C5F55054E27D,tcga_rcc,PRCC,-0.31744164,-1.05171903
2,TCGA-A4-8098-01Z-00-DX1.2ac5ab19-544e-4ba5-8b82-7810dcd45fa4,tcga_rcc,PRCC,-0.13805759,-0.46979055
2,TCGA-CJ-5671-01Z-00-DX1.B5C9CA9F-A061-42EC-9A19-F0702F1577E5,tcga_rcc,CCRCC,0.27528560,0.68676172
2,TCGA-BP-5010-01Z-00-DX1.e906e855-5dc0-4c28-85e3-a0ce1af27f5d,tcga_rcc,CCRCC,0.19476187,0.78267705
2,TCGA-CJ-4920-01Z-00-DX1.103EF882-1E2D-443D-AEBC-EFC39CD5376F,tcga_rcc,CCRCC,0.30275851,0.76576041
2,TCGA-B0-5083-01Z-00-DX1.f27af4bd-c418-46aa-aa6e-10890090645e,tcga_rcc,CCRCC,0.23292804,0.10810764
2,TCGA-EU-5906-01Z-00-DX1.49598f26-e980-424e-be04-98c9f6cb3d25,tcga_rcc,CCRCC,0.32216895,1.20274343
2,TCGA-A3-3357-01Z-00-DX1.b85a8293-7b4f-4a8a-b799-77d7d7b39b3e,tcga_rcc,CCRCC,0.23681211,0.87900834
2,TCGA-CZ-5463-01Z-00-DX1.3abac01c-cdd3-4ea2-9a2e-ac0bae861fc1,tcga_rcc,CCRCC,0.18490326,1.02642542
2,TCGA-B0-4852-01Z-00-DX1.b3511f16-8d4e-4fa4-9f67-8309f277f167,tcga_rcc,CCRCC,0.31007284,1.24940401
2,TCGA-CJ-4637-01Z-00-DX1.5632396E-A880-4686-9E94-89E3F01AFBFB,tcga_rcc,CCRCC,0.32180074,0.80043476
2,TCGA-B8-A54I-01Z-00-DX1.76B5A794-746B-47DC-A771-3B56F24EF28B,tcga_rcc,CCRCC,0.12226647,0.42360867
2,TCGA-A3-3325-01Z-00-DX1.53D2B035-AD02-4B52-803B-1CE584C59175,tcga_rcc,CCRCC,0.42052427,1.18085485
2,TCGA-BP-4795-01Z-00-DX1.29d32315-efd2-495c-85b5-86db265cfc9c,tcga_rcc,CCRCC,0.15415430,0.64519985
2,TCGA-B8-5545-01Z-00-DX1.28896ee1-da73-432d-b6f7-f0e9bc911aa8,tcga_rcc,CCRCC,0.12285173,0.85903505
2,TCGA-B0-5693-01Z-00-DX1.357ab4bd-c410-4843-96a2-8b6c5b56d9d6,tcga_rcc,CCRCC,0.28776813,0.93144485
2,TCGA-DV-5573-01Z-00-DX1.3c1c2107-9272-4335-9004-b9f78a93cfc5,tcga_rcc,CCRCC,0.08242673,0.55000379
2,TCGA-B0-5092-01Z-00-DX1.9b3a2c5c-4614-41bc-973c-601ad1f4d962,tcga_rcc,CCRCC,0.35031694,0.41286376
2,TCGA-BP-4965-01Z-00-DX1.80afb4f3-e44e-4e99-8047-102be4aad2de,tcga_rcc,CCRCC,0.35553068,0.43324694
2,TCGA-A3-3358-01Z-00-DX1.1bd1c720-f6db-4837-8f83-e7476dd2b0a3,tcga_rcc,CCRCC,0.22654057,1.22086358
2,TCGA-BP-4781-01Z-00-DX1.5bb96821-4711-4fb3-8fd6-5469240a050b,tcga_rcc,CCRCC,0.21853685,0.70944236
2,TCGA-CZ-5985-01Z-00-DX1.d04f9dbf-987e-4640-847c-9d263b15b4bc,tcga_rcc,CCRCC,0.16688055,0.71486747
2,TCGA-A3-A6NI-01Z-00-DX1.F7C8BE3C-D2B9-4374-BBB7-64C7CE11C0E1,tcga_rcc,CCRCC,0.20200127,0.93529997
2,TCGA-BP-5000-01Z-00-DX1.0915cb6f-f9b1-4ea8-a227-cbc559db4c6a,tcga_rcc,CCRCC,0.21169555,1.06752920
2,TCGA-B0-5711-01Z-00-DX1.6839921f-ec08-4e94-8bf9-4b5a4fcdda45,tcga_rcc,CCRCC,0.27685183,1.15775478
2,TCGA-GL-A4EM-01Z-00-DX1.40D84E7D-B7F9-40A8-B411-645403CB0B9E,tcga_rcc,PRCC,-0.07141483,-0.15371672
2,TCGA-AL-3467-01Z-00-DX2.3ADEDD93-AD93-46D8-B3AE-1EBC6BD5EAF2,tcga_rcc,PRCC,-0.32302713,-0.56264002
2,TCGA-AL-3467-01Z-00-DX1.89C0449A-A38F-4614-86FC-DDFD925086D7,tcga_rcc,PRCC,-0.34173405,-0.66254222
2,TCGA-F9-A7VF-01Z-00-DX1.5EE5DC2E-B20F-4155-837F-B69E05F2BF95,tcga_rcc,PRCC,-0.25244641,-0.47269573
2,TCGA-UZ-A9PV-01Z-00-DX1.1E5D118D-0410-4E81-8B29-F1F6F26BDC69,tcga_rcc,PRCC,-0.35718465,-0.26421480
2,TCGA-SX-A7SM-01Z-00-DX1.567A7D93-3511-4AB5-AF26-019994048AF5,tcga_rcc,PRCC,-0.32843775,-0.57356751
2,TCGA-B1-A47O-01Z-00-DX1.AFF4F6F0-BF6F-45DE-BC24-A25F5CD3B43A,tcga_rcc,PRCC,-0.10961717,-0.38143660
2,TCGA-2Z-A9JI-01Z-00-DX1.41A4F992-87D9-43A4-8776-D11BF5EB1123,tcga_rcc,PRCC,-0.04693401,-0.07115497
2,TCGA-A4-7584-01Z-00-DX1.ffa7e13e-0ed8-4913-a0f0-51b36f4d858c,tcga_rcc,PRCC,-0.32391188,-0.64752013
2,TCGA-BQ-5883-01Z-00-DX1.39ab2684-a82c-43d7-8134-e2c5830a5688,tcga_rcc,PRCC,-0.27216113,-0.71612215
2,TCGA-AT-A5NU-01Z-00-DX1.6A8FAEC2-3E1B-4BAD-A7EB-F861324D4CB4,tcga_rcc,PRCC,-0.32918972,-0.85965935
2,TCGA-DW-5560-01Z-00-DX1.d3da6f16-6a12-417b-8555-585f5097d4f4,tcga_rcc,PRCC,-0.25782073,-1.06372637
2,TCGA-IA-A40X-01Z-00-DX1.AE832D8E-57E9-466C-B9BA-D71851219986,tcga_rcc,PRCC,-0.28625947,-0.70904288
2,TCGA-BQ-7044-01Z-00-DX1.82831b80-af50-4d10-9f92-821079af66fa,tcga_rcc,PRCC,-0.31584370,-0.72400952
2,TCGA-GK-A6C7-01Z-00-DX1.291DEE77-CD13-4D8E-BA35-6EC15F45D264,tcga_rcc,CCRCC,0.18566000,-0.31109476
2,TCGA-CJ-4918-01Z-00-DX1.FC5811FB-D6B4-479C-8A47-9023D0873319,tcga_rcc,CCRCC,0.21717227,0.60135975
2,TCGA-BP-4976-01Z-00-DX1.da190cd4-651e-47d9-8573-afb8395c02bc,tcga_rcc,CCRCC,0.14688277,0.98086407
2,TCGA-P4-AAVM-01Z-00-DX1.4F1F04A5-0D75-4EEA-93FF-0ABA77BA4D17,tcga_rcc,PRCC,-0.34922436,-0.64448285
2,TCGA-G7-A8LE-01Z-00-DX1.EBF92326-187F-4EC2-8CF2-791D43473D72,tcga_rcc,PRCC,-0.19653052,-0.61002645
2,TCGA-CJ-5686-01Z-00-DX1.9DC91DB0-272B-485C-9F61-7F7C00915746,tcga_rcc,CCRCC,0.23737073,0.52274584
2,TCGA-CJ-5679-01Z-00-DX1.659CD853-BC8A-474D-9EEF-32FF73CFC12F,tcga_rcc,CCRCC,0.32140538,0.72384562
2,TCGA-B0-4839-01Z-00-DX1.0c13b082-d7e6-4327-b5cc-ab6bd99b78aa,tcga_rcc,CCRCC,0.13802451,1.02826633
2,TCGA-CZ-5466-01Z-00-DX1.f0fd74a8-2430-45dd-9c76-8794619ccf9d,tcga_rcc,CCRCC,0.19090503,0.99071598
2,TCGA-BP-5189-01Z-00-DX1.cfffe175-da76-4edd-9187-0570a877127b,tcga_rcc,CCRCC,0.21368623,0.75326989
2,TCGA-BP-5178-01Z-00-DX1.4d59b151-8cc6-451a-b009-a4f3a46ae653,tcga_rcc,CCRCC,0.24333757,1.08678790
2,TCGA-BP-4983-01Z-00-DX1.6fe545db-0aee-49cc-93be-b87e9313b9d1,tcga_rcc,CCRCC,0.27449054,0.66637479
2,TCGA-CJ-4878-01Z-00-DX1.33EAAB31-7D61-4479-B590-C354B9256433,tcga_rcc,CCRCC,0.26212895,0.89811611
2,TCGA-BP-4993-01Z-00-DX1.9eb12eba-9015-4f39-a241-8038ab4ae4a7,tcga_rcc,CCRCC,0.23325229,0.71536781
2,TCGA-BP-4998-01Z-00-DX1.f3ea98d5-3807-47d3-bcd6-5501d7679b88,tcga_rcc,CCRCC,0.09646606,0.23445018
2,TCGA-B4-5838-01Z-00-DX1.0CC46AA4-5C2C-46FD-9C94-BD96FF287218,tcga_rcc,CCRCC,0.20148486,1.01282194
2,TCGA-CZ-5465-01Z-00-DX1.1b6e44b4-cfa8-4804-a5d5-b50876b95669,tcga_rcc,CCRCC,0.29642200,1.19075549
2,TCGA-BP-4787-01Z-00-DX1.8bac7e59-04be-43a6-8656-501bf157452c,tcga_rcc,CCRCC,0.22664928,0.75571753
2,TCGA-BP-4344-01Z-00-DX1.a6ed5255-894e-494c-83bd-736daedd1d5c,tcga_rcc,CCRCC,0.24506092,0.82002893
2,TCGA-B0-4848-01Z-00-DX1.ceef08c2-711e-434f-a1de-71b538be2fd4,tcga_rcc,CCRCC,0.25861526,1.01789964
2,TCGA-UZ-A9PP-01Z-00-DX1.2754A8FC-28CB-40B9-8617-3FAB4C83F4C8,tcga_rcc,PRCC,-0.22712231,-0.91746386
2,TCGA-B0-5109-01Z-00-DX1.7d4f557d-d4f5-4c89-886c-49ff27fd063a,tcga_rcc,CCRCC,0.32485056,0.53729032
2,TCGA-B0-4833-01Z-00-DX1.8fdfe3f1-fd35-48de-8b87-b68e901cd883,tcga_rcc,CCRCC,0.25987130,1.16286870
2,TCGA-A3-A8CQ-01Z-00-DX1.78DA0827-5FB8-4B9F-A845-22F85830B5FB,tcga_rcc,CCRCC,0.28684461,0.76112738
2,TCGA-BP-5185-01Z-00-DX1.e965a765-7610-4299-8a21-b4e004f6892e,tcga_rcc,CCRCC,0.16821486,0.81754857
2,TCGA-B4-5843-01Z-00-DX1.6e020ad3-b4fc-4280-ab98-865eb075fe29,tcga_rcc,CCRCC,0.18417609,0.99201229
2,TCGA-DV-5574-01Z-00-DX1.29e43c01-6f4b-4e06-8097-bbe69a187de0,tcga_rcc,CCRCC,0.23700941,0.73416046
2,TCGA-CJ-6032-01Z-00-DX1.37FA1176-310F-4A01-B944-501129FB797D,tcga_rcc,CCRCC,0.30171382,0.55780104
2,TCGA-BP-4164-01Z-00-DX1.9834000b-0e64-46b0-ad7f-9c18b93bf4c0,tcga_rcc,CCRCC,0.21943384,0.96239666
2,TCGA-2Z-A9J5-01Z-00-DX1.ABD15820-58CA-4765-ACB3-6601FC5C9F24,tcga_rcc,PRCC,-0.16031450,-0.51885808
2,TCGA-UZ-A9PU-01Z-00-DX1.437BFD69-53A3-43BC-9B52-B72DA32F1888,tcga_rcc,PRCC,-0.14022446,-0.36129537
2,TCGA-P4-A5E8-01Z-00-DX1.71EDB6C0-3FA1-4380-BFDB-C1B757E83C3A,tcga_rcc,PRCC,-0.23868173,-0.62007417
2,TCGA-IZ-8195-01Z-00-DX1.CC45F225-99E9-437C-8105-5B6F1D87C200,tcga_rcc,PRCC,-0.18804473,-0.24849723
2,TCGA-C8-A1HI-01Z-00-DX1.C6D0F8B8-55ED-477F-BAF7-AA05D0449CC8,tcga_brca,IDC,0.09418076,0.71512052
2,TCGA-AN-A0AK-01Z-00-DX1.4B410152-8588-4000-870A-B31B21161015,tcga_brca,IDC,0.15267378,1.28739035
2,TCGA-E9-A22A-01Z-00-DX1.d986c9eb-2c54-4663-a54b-04c0756db6db,tcga_brca,IDC,0.10965800,0.78820533
2,TCGA-AN-A0FZ-01Z-00-DX1.9555AF11-3A0D-4FE3-AE91-09DA77B175CA,tcga_brca,IDC,0.17220271,1.47081615
2,TCGA-EW-A1J2-01Z-00-DX1.F1D8E593-2DF4-44C3-873D-FD3C910011E4,tcga_brca,ILC,-0.02467906,0.39357801
2,TCGA-E2-A1IN-01Z-00-DX1.F63F004F-847D-41B0-BAEF-3189D4965838,tcga_brca,IDC,0.09104556,0.71205070
2,TCGA-EW-A1PH-01Z-00-DX1.77e0f907-fe59-4dc2-b582-6f10330a9c01,tcga_brca,IDC,0.15425158,0.86071458
2,TCGA-BH-A0W7-01Z-00-DX1.93F11232-A1FB-4682-B744-3531D4DF11AF,tcga_brca,IDC,0.04049611,0.66659823
2,TCGA-BH-A0H9-01Z-00-DX1.8AE869C6-5C78-4D52-AC8B-5B6FD5FD91AA,tcga_brca,IDC,0.16094404,1.13615561
2,TCGA-BH-A0GZ-01Z-00-DX1.9AD4F493-A0A9-499D-B667-B33333FC1A51,tcga_brca,IDC,0.10216796,0.82418839
2,TCGA-BH-A1F6-01Z-00-DX1.E83F0DC0-EA2C-4641-81B0-8702B9C5D579,tcga_brca,IDC,0.16287017,0.93766603
2,TCGA-AN-A0XP-01Z-00-DX1.A4EE3970-5C1F-482E-9AED-F1E3C52A776F,tcga_brca,IDC,0.05869591,0.79020335
2,TCGA-BH-A18G-01Z-00-DX1.DB2B5819-CE83-4E07-BD03-2CD9CF2E246C,tcga_brca,IDC,0.22610077,0.57941732
2,TCGA-BH-A1EW-01Z-00-DX1.A6A5F9C5-FB97-4DA3-A1EA-1F84BC006681,tcga_brca,IDC,0.10903180,0.90763281
2,TCGA-AC-A3BB-01Z-00-DX1.CE889249-2A5E-44DA-B04E-746BE82CD805,tcga_brca,ILC,-0.03484291,-0.49751046
2,TCGA-E2-A1LK-01Z-00-DX1.5EBAA1F4-F1B4-4938-A51F-0246621BB0ED,tcga_brca,IDC,0.11911488,0.47945694
2,TCGA-BH-A0B8-01Z-00-DX1.380ABAE9-EA83-4E9B-BFB2-6476A86C1ADD,tcga_brca,IDC,0.10455847,0.85087721
2,TCGA-A1-A0SM-01Z-00-DX1.AD503DBD-4D93-4476-B467-F091254FDF78,tcga_brca,IDC,0.15407485,0.96814226
2,TCGA-A8-A075-01Z-00-DX1.8E06AF51-951F-48E8-934E-42A455F65E5F,tcga_brca,IDC,0.10018617,0.85987346
2,TCGA-E2-A10F-01Z-00-DX1.18F9324C-A38F-478E-95DF-B8E172D0DD07,tcga_brca,ILC,-0.05532575,0.45945131
2,TCGA-AR-A1AY-01Z-00-DX1.6AC0BE3B-FFC5-4EDA-9E40-B18CAAC52B81,tcga_brca,IDC,0.09761453,0.57733213
2,TCGA-D8-A27L-01Z-00-DX1.6572593C-B015-4F9A-8C9B-B634CAA0D3B4,tcga_brca,IDC,0.11134195,0.64101146
2,TCGA-BH-A0B1-01Z-00-DX1.CC60D284-04FB-4B73-90AA-FCE9185DADB6,tcga_brca,IDC,-0.00033933,0.56305818
2,TCGA-AN-A0XW-01Z-00-DX1.811E11E7-FA67-46BB-9BC6-1FD0106B789D,tcga_brca,IDC,0.04769960,-0.06280713
2,TCGA-D8-A1XY-01Z-00-DX1.AC051FB4-1D51-449B-BF2D-9DDB4382414C,tcga_brca,IDC,0.16633695,0.90594322
2,TCGA-D8-A1XY-01Z-00-DX2.33D96E5C-5291-4864-B282-8BACA2043586,tcga_brca,IDC,0.13726187,1.24070890
2,TCGA-EW-A1P7-01Z-00-DX1.97575C9F-C318-45A5-A4B7-1A902B93FA3F,tcga_brca,IDC,0.00022942,0.51427234
2,TCGA-AN-A0AT-01Z-00-DX1.DFD68CD2-C25E-47BE-BC06-8CE3C657B9FD,tcga_brca,IDC,0.11819589,0.80477005
2,TCGA-A2-A0T6-01Z-00-DX1.207A3883-5B41-40EB-95A1-D64C9610650B,tcga_brca,ILC,-0.03746903,0.11745589
2,TCGA-A8-A09Q-01Z-00-DX1.C7240AFB-5971-4577-812C-A255C249001A,tcga_brca,IDC,0.09470344,0.71891334
2,TCGA-AR-A24L-01Z-00-DX1.218A0AE1-D070-4A16-A277-31185F10724D,tcga_brca,IDC,0.04439992,0.51658347
2,TCGA-E2-A14U-01Z-00-DX1.F788A244-6C96-4CDC-AD9A-157DE951A723,tcga_brca,ILC,-0.04442704,-0.20661509
2,TCGA-A2-A0ST-01Z-00-DX1.AE05A5DB-4861-40DE-B0F5-7955FC903A96,tcga_brca,IDC,-0.03155988,0.36091257
2,TCGA-EW-A3U0-01Z-00-DX1.526F60F9-D1EB-4613-B428-18A1FC0BAAE2,tcga_brca,IDC,0.02438384,0.50520121
2,TCGA-BH-A0HB-01Z-00-DX1.F90F7139-B804-4548-9FAF-9B475BF225EB,tcga_brca,IDC,0.11468130,0.75853262
2,TCGA-B6-A0X5-01Z-00-DX1.02A9FF1E-EA20-4F2D-A2BB-427A287DE3FD,tcga_brca,IDC,0.08170402,0.63061072
2,TCGA-AR-A2LE-01Z-00-DX1.E8E1FC5C-9A4A-463F-81D7-E9A8AF43EAD9,tcga_brca,ILC,0.01025820,0.34293821
2,TCGA-AR-A255-01Z-00-DX1.E67C081D-50C9-451C-814B-F097B2671300,tcga_brca,IDC,0.04420638,0.71036892
2,TCGA-BH-A0B6-01Z-00-DX1.4D982935-F600-4F37-ABB5-13AF74F4FDC4,tcga_brca,IDC,0.09063625,0.54320532
2,TCGA-E2-A10C-01Z-00-DX1.29A2B20B-29C6-4491-ADAB-0584C772EF25,tcga_brca,IDC,0.08751464,0.83014117
2,TCGA-C8-A12W-01Z-00-DX1.3727E7BB-831E-42DB-B5CB-F2D7C649290F,tcga_brca,IDC,0.11542797,0.92118521
2,TCGA-GM-A2DI-01Z-00-DX1.5E9715EA-9D2B-49D0-8F1D-972CF24B1960,tcga_brca,IDC,0.06910902,0.44677192
2,TCGA-E9-A1R7-01Z-00-DX1.af9ff432-440e-44ac-bc33-298f5db9a706,tcga_brca,IDC,0.04663527,0.50667169
2,TCGA-A8-A09X-01Z-00-DX1.17B5BE28-944F-427B-8F90-44885C3EDD36,tcga_brca,ILC,0.00575918,-0.29427672
2,TCGA-A8-A08O-01Z-00-DX1.BC87C01D-F081-41CA-939A-875C61588E88,tcga_brca,IDC,0.06781310,0.94338914
2,TCGA-C8-A275-01Z-00-DX1.44D27E67-4DD6-4893-B38A-01E48F5A358A,tcga_brca,IDC,0.16579384,1.33067835
2,TCGA-BH-A0DV-01Z-00-DX1.2F0B5FB3-40F0-4D27-BFAC-390FB9A42B39,tcga_brca,IDC,0.05721486,0.62454788
2,TCGA-A8-A0A1-01Z-00-DX1.CA64E221-E2A8-42B5-B611-25B9FE5FB0B0,tcga_brca,ILC,-0.02624369,-0.04943791
2,TCGA-BH-A0HY-01Z-00-DX1.D7A1BF42-F268-4220-B71B-354CE2AF32D8,tcga_brca,IDC,0.02622187,0.54841016
2,TCGA-EW-A1PF-01Z-00-DX1.9420D058-65CE-4DF8-815F-EB407003096E,tcga_brca,IDC,0.07122242,0.77766208
2,TCGA-A2-A25D-01Z-00-DX1.41DADDB8-3E3F-4F8F-8BE7-C43F8FBCFD2B,tcga_brca,ILC,-0.04290533,-0.42868075
2,TCGA-E9-A2JT-01Z-00-DX1.49C2B936-3B1A-4014-8B43-26D483DEF53A,tcga_brca,ILC,-0.06212533,-0.25870058
2,TCGA-LL-A73Y-01Z-00-DX1.50C20931-3AA9-40B4-8A73-56B1976423A8,tcga_brca,IDC,0.09161532,0.63771131
2,TCGA-LL-A5YN-01Z-00-DX1.F221939B-3680-4B95-93A9-BE8599550E87,tcga_brca,IDC,0.12649930,0.74798614
2,TCGA-E2-A2P5-01Z-00-DX1.375B5E5D-D8D0-425C-9163-6DF26E31BBE1,tcga_brca,ILC,-0.01496178,-0.40319300
2,TCGA-C8-A3M8-01Z-00-DX1.97AC85E0-6281-4F2E-8034-24AD5F52D5A6,tcga_brca,ILC,0.12064880,0.96269771
2,TCGA-A2-A0EU-01Z-00-DX1.13335BEB-63D4-469B-A389-8A079A096129,tcga_brca,IDC,0.12895566,0.97567704
2,TCGA-EW-A2FR-01Z-00-DX1.FF521BBF-F5BA-4B03-9CA1-101A337F4B45,tcga_brca,IDC,0.15382111,1.07946505
2,TCGA-E2-A14Q-01Z-00-DX1.C19BA7FD-D986-4E3B-9A79-F3531A78F05D,tcga_brca,IDC,0.03660047,0.42906568
2,TCGA-BH-A18H-01Z-00-DX1.4EC9108F-04C2-4B28-BD74-97A414C9A536,tcga_brca,IDC,0.12687159,0.54928708
2,TCGA-E2-A14P-01Z-00-DX1.663B02FF-C64B-41A6-8685-FD61CD76F9C6,tcga_brca,IDC,0.16285312,1.02559792
2,TCGA-WT-AB41-01Z-00-DX1.75BDFDF2-CD87-46D1-B32C-725741CB02BE,tcga_brca,IDC,0.04159236,0.45959328
2,TCGA-D8-A27V-01Z-00-DX2.81E4FFDF-7123-4AC3-BE24-A82564A6C34C,tcga_brca,ILC,-0.06028926,-0.25218501
2,TCGA-D8-A27V-01Z-00-DX1.F937C53B-0B55-4271-843E-2C28F72CF28E,tcga_brca,ILC,-0.07808548,-0.61093327
2,TCGA-EW-A1PB-01Z-00-DX1.B2E9B88F-C371-4821-9B7B-8A63BB120D95,tcga_brca,IDC,0.08538270,0.11681109
2,TCGA-E2-A14W-01Z-00-DX1.2AF665A9-F582-4C41-B2B8-1982648CDEC7,tcga_brca,IDC,0.09526187,0.83577582
2,TCGA-AR-A0TZ-01Z-00-DX1.2D58BE38-03F6-4310-8E06-F1A523FB0904,tcga_brca,IDC,0.06505609,0.49554777
2,TCGA-B6-A2IU-01Z-00-DX1.3C7DF701-4ED9-4989-AA63-A6B7B105F6EE,tcga_brca,ILC,-0.11765194,-0.71486872
2,TCGA-C8-A12Z-01Z-00-DX1.22616420-7C80-42DE-9C44-0F00327681C6,tcga_brca,IDC,0.18697435,0.69413905
2,TCGA-B6-A0WV-01Z-00-DX1.A8B9E114-A8CF-4389-B47C-2E1B842F7FF9,tcga_brca,IDC,0.13626891,1.04890815
2,TCGA-E2-A1IO-01Z-00-DX1.C812D02F-3B40-496B-9EF5-7F68ADE64962,tcga_brca,IDC,0.09545308,0.84863628
2,TCGA-A1-A0SH-01Z-00-DX1.90E71B08-E1D9-4FC2-85AC-062E56DDF17C,tcga_brca,IDC,0.04290164,0.61156448
2,TCGA-AR-A0U2-01Z-00-DX1.03E2ADD9-F20F-44DA-93D1-D10BBD3844A5,tcga_brca,IDC,0.13091439,1.03647559
2,TCGA-C8-A26X-01Z-00-DX1.FBD86F91-BAD7-4484-8D50-202340FBF242,tcga_brca,IDC,0.16528428,0.62479517
2,TCGA-AR-A24W-01Z-00-DX1.0663B4A3-6475-4981-91F0-20D2C79CBF89,tcga_brca,IDC,0.05006206,0.55411604
2,TCGA-A2-A3XU-01Z-00-DX1.174A92D4-50B2-4A59-AD31-D5EC5BBF2F65,tcga_brca,IDC,0.12437272,0.66446078
2,TCGA-BH-A0W4-01Z-00-DX1.23E017DC-15CB-4838-AC91-CFB11B932AB0,tcga_brca,IDC,0.05609673,0.60076056
2,TCGA-E9-A1RE-01Z-00-DX1.fd100503-ba95-4af8-8e59-689b2cea145c,tcga_brca,IDC,0.10757160,1.11690695
2,TCGA-E9-A248-01Z-00-DX1.C991932F-39D4-4F2C-91C3-CE12B5BAEDB1,tcga_brca,IDC,0.12650907,0.90050561
2,TCGA-BH-A18Q-01Z-00-DX1.E89E49C7-D62A-4408-A3D9-19E79FCB249E,tcga_brca,IDC,0.19963777,1.22955310
2,TCGA-D8-A1JN-01Z-00-DX1.3B02989C-CEA0-4EDD-A6DC-21C3A957C640,tcga_brca,ILC,-0.09523487,-1.05284731
2,TCGA-A2-A1G6-01Z-00-DX1.BCC3EC46-CEBF-4B37-BCF0-266D18170B54,tcga_brca,IDC,0.12580937,0.83103274
2,TCGA-A7-A5ZX-01Z-00-DX1.A4C651F0-DB8E-4534-84A2-AD875F62209F,tcga_brca,ILC,-0.05435127,-0.54385435
2,TCGA-A7-A5ZX-01Z-00-DX2.02F586FE-4775-480B-8035-D6AD3386F45D,tcga_brca,ILC,-0.11533716,0.53884015
2,TCGA-AC-A23H-01Z-00-DX1.8E0AE339-1047-4CA5-BFC5-37A3B10FD8B5,tcga_brca,IDC,0.16764170,1.09233066
2,TCGA-A2-A0YM-01Z-00-DX1.A48B4C96-2CC5-464C-98B7-F0F92AE56533,tcga_brca,IDC,0.18807381,0.90579356
2,TCGA-AR-A24Q-01Z-00-DX1.69DC7E35-DC0D-4F20-88DA-04C25F28628C,tcga_brca,IDC,0.08846730,0.50223213
2,TCGA-A7-A0DC-01Z-00-DX2.795FD529-D7C2-407D-9E8A-5DCE1EF49029,tcga_brca,IDC,0.20432943,0.60902411
2,TCGA-A7-A0DC-01Z-00-DX1.C770781E-83E4-47DD-B658-25BBBBB32066,tcga_brca,IDC,0.16048074,0.48910848
2,TCGA-AR-A2LL-01Z-00-DX1.F0AF890C-2B34-4758-A929-58AAFF593EC5,tcga_brca,ILC,0.04553884,0.14100056
2,TCGA-A8-A07E-01Z-00-DX1.AC684481-979A-46F9-91D7-C56CE85992F2,tcga_brca,IDC,0.05406952,0.39066111
2,TCGA-D8-A27R-01Z-00-DX1.F6E2FD1C-0666-4788-8D95-A76D15907270,tcga_brca,IDC,0.09065783,0.85585341
2,TCGA-D8-A27R-01Z-00-DX2.31F47D8F-DFD7-42AE-BBBA-7DBBA12FA97D,tcga_brca,IDC,0.14279699,0.83217481
2,TCGA-D8-A1XL-01Z-00-DX2.FDE2C80D-5DC4-4743-A180-C5AFC5BB0BE2,tcga_brca,IDC,0.13577807,0.93221950
2,TCGA-D8-A1XL-01Z-00-DX1.FDF07020-8F40-4C00-9023-E5F40E0D8A7C,tcga_brca,IDC,0.14710301,0.92702993
2,TCGA-J1-A4AH-01Z-00-DX1.702A5CC6-0BFA-42F4-995B-8567A1DE0D09,tcga_lung,LUSC,-0.22703281,-0.77351134
2,TCGA-21-1077-01Z-00-DX1.e7d0d3ca-b24c-4b2b-bb8f-13cc6991fb78,tcga_lung,LUSC,-0.06850886,-0.37814339
2,TCGA-22-5478-01Z-00-DX1.6368788A-96D5-499B-A199-89BF1413AE43,tcga_lung,LUSC,-0.10136360,-0.09351947
2,TCGA-56-7580-01Z-00-DX1.dc642f9d-20ed-411b-8697-4e33bf7db57e,tcga_lung,LUSC,0.11132249,-0.10461855
2,TCGA-85-A4QR-01Z-00-DX1.B5E18F89-D5B4-4F51-BC7E-9FA868A6A443,tcga_lung,LUSC,-0.14467371,-0.55492961
2,TCGA-18-3411-01Z-00-DX1.D9228674-5B13-44CB-A7AE-C64FD97A3BBB,tcga_lung,LUSC,-0.22153497,-0.86621731
2,TCGA-77-7338-01Z-00-DX1.52f2f410-a5cb-47e8-a4f9-242616a21e8e,tcga_lung,LUSC,-0.14718968,-0.17902085
2,TCGA-34-8454-01Z-00-DX1.A2308ED3-E430-4448-853F-B51412354279,tcga_lung,LUSC,-0.17439348,-0.75584121
2,TCGA-66-2763-01Z-00-DX1.99bc6dec-4e57-45bb-8d94-4dc38657d852,tcga_lung,LUSC,-0.10853922,-0.71228704
2,TCGA-85-8666-01Z-00-DX1.d856233a-beef-4da2-a724-759fe23e6227,tcga_lung,LUSC,-0.18889791,-0.67436737
2,TCGA-56-7222-01Z-00-DX1.f932abe9-4f5c-46d8-908b-29669681d2db,tcga_lung,LUSC,0.02302396,0.36484378
2,TCGA-43-5670-01Z-00-DX1.1b5d262e-1f39-4f6f-883c-52101b57791f,tcga_lung,LUSC,-0.17412251,-0.84406033
2,TCGA-66-2793-01Z-00-DX1.133bc2be-1407-422c-a356-2477f1020c50,tcga_lung,LUSC,-0.14319932,-0.68318507
2,TCGA-85-8350-01Z-00-DX1.F9A32453-2E24-4874-A1FA-67B4173ABF03,tcga_lung,LUSC,-0.06771505,0.04449954
2,TCGA-18-3414-01Z-00-DX1.B76AF657-7A93-4F33-BC1A-2E8BF652FC17,tcga_lung,LUSC,-0.09755301,-0.72680225
2,TCGA-33-4538-01Z-00-DX5.19d6ae2f-feaa-4c38-9335-6bb549631f94,tcga_lung,LUSC,-0.20634663,-1.13022742
2,TCGA-33-4538-01Z-00-DX7.4a9f5939-4299-4648-8f62-2a0909e8d3bd,tcga_lung,LUSC,-0.16168475,-0.53904551
2,TCGA-33-4538-01Z-00-DX1.efde88cb-4766-4fb6-bed9-52b14059c7c1,tcga_lung,LUSC,-0.22542876,-0.63917754
2,TCGA-33-4538-01Z-00-DX9.f05eb71e-b511-4326-9097-5ca191f0100e,tcga_lung,LUSC,-0.19290698,-0.63271125
2,TCGA-33-4538-01Z-00-DX6.4eef2215-0a0e-478d-81be-207d566e8788,tcga_lung,LUSC,-0.16619885,-0.69872056
2,TCGA-33-4538-01Z-00-DX8.ec0d10ef-ec0e-4ad2-81fb-907754694e42,tcga_lung,LUSC,-0.18857831,-0.13802736
2,TCGA-33-4538-01Z-00-DX4.038eb76c-beff-46f0-b0bb-b5c951305b52,tcga_lung,LUSC,-0.20395052,-1.13230692
2,TCGA-33-4538-01Z-00-DX2.62dcecc8-576b-406b-81db-1651e5ea589e,tcga_lung,LUSC,-0.21321946,-1.16505280
2,TCGA-33-4538-01Z-00-DX3.27b62beb-d3c4-493b-8663-73f128c0ad77,tcga_lung,LUSC,-0.14667547,-0.81393945
2,TCGA-56-A5DS-01Z-00-DX1.952C8777-4B8F-415A-9D27-C155D1623A86,tcga_lung,LUSC,-0.04743814,0.35537677
2,TCGA-22-5474-01Z-00-DX1.8736FB24-7E65-4ACB-9325-382D7F864F62,tcga_lung,LUSC,-0.06615329,-0.14550450
2,TCGA-98-A538-01Z-00-DX1.42BC06E8-8E8F-4CF0-A757-B5201BB2794F,tcga_lung,LUSC,-0.32548490,-1.39931405
2,TCGA-34-5232-01Z-00-DX1.7483c36b-8473-439b-a726-2821ec834fc2,tcga_lung,LUSC,-0.16161978,-0.38147789
2,TCGA-85-A50M-01Z-00-DX1.CFB67271-FC1B-4BA0-95DB-51D859D68D18,tcga_lung,LUSC,-0.01945746,-0.48246466
2,TCGA-77-7335-01Z-00-DX1.DDE20A50-7303-4A2D-936A-D02FE15A0752,tcga_lung,LUSC,-0.19644755,-1.12969009
2,TCGA-22-5479-01Z-00-DX1.3DCD4654-459D-4046-87C3-E59C61A1E7FA,tcga_lung,LUSC,-0.23280141,-1.02998060
2,TCGA-44-7671-01Z-00-DX1.00297baa-00e7-4894-a7b8-c9ac2a9d42d8,tcga_lung,LUAD,0.05848467,0.76138911
2,TCGA-55-7911-01Z-00-DX1.081bc002-06ee-4218-a25f-26c0e6c4b333,tcga_lung,LUAD,0.14496547,0.37445165
2,TCGA-MP-A4SW-01Z-00-DX1.A6651B25-A35A-4BDE-9EBF-D264A02003C8,tcga_lung,LUAD,0.12753487,0.81588474
2,TCGA-22-5489-01Z-00-DX1.0518AF53-5642-40FB-A631-4C50D7707C8F,tcga_lung,LUSC,-0.14693251,-0.70885032
2,TCGA-85-8288-01Z-00-DX1.0e68535f-a1f3-450c-b8fa-a859f2269da8,tcga_lung,LUSC,-0.25574791,-0.44047096
2,TCGA-60-2704-01Z-00-DX1.e904afb3-7935-4df5-90dc-f7151e15b31b,tcga_lung,LUSC,-0.07407117,-0.53747615
2,TCGA-NC-A5HQ-01Z-00-DX1.E7FA7F88-2B81-4EBD-8A48-883BD6953428,tcga_lung,LUSC,0.15322506,0.55763008
2,TCGA-34-2596-01Z-00-DX1.be778d17-d06c-4300-aaf1-c0acbef8fa41,tcga_lung,LUSC,-0.13843283,-0.70771376
2,TCGA-46-6026-01Z-00-DX1.e0248ea6-ae04-4960-95a8-f39b8e168a38,tcga_lung,LUSC,-0.21950501,-1.15494638
2,TCGA-NC-A5HN-01Z-00-DX1.51BA5504-7EFE-47F9-82A3-DCE0DCCF76D1,tcga_lung,LUSC,0.01568538,-0.72295570
2,TCGA-64-1680-01Z-00-DX1.9CB14F20-E7B0-49A1-A327-404B3160FD65,tcga_lung,LUAD,0.28125662,1.38970884
2,TCGA-44-6774-01Z-00-DX1.f169485b-f863-4be0-9844-258d78170b64,tcga_lung,LUAD,-0.00591224,0.38558874
2,TCGA-97-7547-01Z-00-DX1.3563966f-21ee-4405-9106-9e0bf8df9f1a,tcga_lung,LUAD,0.10039294,0.82469539
2,TCGA-38-4632-01Z-00-DX1.5E05F85C-53BC-4280-8E7F-8B9DECEF849F,tcga_lung,LUAD,-0.00259781,-0.04765972
2,TCGA-99-8028-01Z-00-DX1.23de89b1-67f8-41fb-980a-010ea190d687,tcga_lung,LUAD,-0.00095594,-0.07691374
2,TCGA-55-A494-01Z-00-DX1.8C7C4BE0-791A-47CA-B0A8-1935366350E0,tcga_lung,LUAD,0.10056174,0.63277482
2,TCGA-NJ-A55A-01Z-00-DX1.42C356FE-52A3-4A60-886B-75F84ADBC534,tcga_lung,LUAD,0.11543322,0.72806555
2,TCGA-44-A4SU-01Z-00-DX1.AE2607C1-B208-4557-ADB4-6AAF03C6D3A9,tcga_lung,LUAD,0.07957393,1.02689310
2,TCGA-55-6969-01Z-00-DX1.713df9f6-1a91-4e0e-ad43-42e66dcca191,tcga_lung,LUAD,0.00497699,0.37065485
2,TCGA-44-5645-01Z-00-DX1.8b0d89d7-7849-49a6-a2f5-a8faf2c5aab4,tcga_lung,LUAD,0.11721367,1.32910820
2,TCGA-55-A493-01Z-00-DX1.1CF94B85-7A64-4213-9B04-16504512DE2E,tcga_lung,LUAD,-0.10006762,0.11066696
2,TCGA-MP-A4TI-01Z-00-DX1.08AB4C0B-F953-41B5-A9BB-7452A8E34A54,tcga_lung,LUAD,0.02194595,0.18054796
2,TCGA-44-2657-01Z-00-DX1.b7f608bd-2381-40a2-a757-ca4648a7de8a,tcga_lung,LUAD,0.06971288,0.85469786
2,TCGA-94-7557-01Z-00-DX1.ac61f900-6f9f-44eb-91ad-98c98af8b741,tcga_lung,LUSC,-0.12168902,-0.34938228
2,TCGA-18-4083-01Z-00-DX1.337D4583-326F-4108-9441-DC74FAED6AE2,tcga_lung,LUSC,-0.19893560,-0.34437658
2,TCGA-92-8065-01Z-00-DX1.cfadb520-1653-4082-9fc3-0680bf39253b,tcga_lung,LUSC,-0.09481552,-0.58097618
2,TCGA-22-5482-01Z-00-DX1.901F90D4-1F4E-4344-925B-37B7DD78B751,tcga_lung,LUSC,-0.21137637,-0.68547615
2,TCGA-77-6845-01Z-00-DX1.1d8e2711-a82c-4d9b-97e2-d966417731b7,tcga_lung,LUSC,-0.18799981,-0.17282451
2,TCGA-77-A5GF-01Z-00-DX1.8E70F660-4492-4BEB-A688-217DE27C1E6D,tcga_lung,LUSC,-0.13033229,-0.23883544
2,TCGA-70-6723-01Z-00-DX1.1e6468e8-0d39-48a9-af32-9968f9207810,tcga_lung,LUSC,-0.33756751,-0.93128471
2,TCGA-77-8146-01Z-00-DX1.19213f57-1890-4e56-9909-86e506be1833,tcga_lung,LUSC,-0.03484344,-0.25500539
2,TCGA-21-1072-01Z-00-DX1.9e6c90ad-0529-4b8b-a4f8-1b05430600f9,tcga_lung,LUSC,-0.13731945,-0.80341584
2,TCGA-85-A50Z-01Z-00-DX1.A8911EBB-EAB6-4787-9F6E-3E8A9F1078F3,tcga_lung,LUSC,-0.14173123,-0.42185522
2,TCGA-85-8048-01Z-00-DX1.1a663caa-dff1-4f03-b06b-c8b8b5ce08c6,tcga_lung,LUSC,-0.00768834,0.04026666
2,TCGA-73-4676-01Z-00-DX1.4d781bbc-a45e-4f9d-b6b6-2265282dff99,tcga_lung,LUAD,0.10896617,0.36423702
2,TCGA-95-7562-01Z-00-DX1.C722891A-C5C6-4F0D-A73F-259FA8DB2394,tcga_lung,LUAD,0.08525348,0.29730880
2,TCGA-86-8674-01Z-00-DX1.9fcaae4e-4062-45ab-a49d-7dba43040919,tcga_lung,LUAD,0.21211013,0.61060530
2,TCGA-55-8299-01Z-00-DX1.6F652EC5-EBB8-499C-A66D-E0951FBFCAA2,tcga_lung,LUAD,0.05789888,0.54903473
2,TCGA-55-6983-01Z-00-DX1.8f940a64-1f1b-4e6e-99ea-418175be2b3f,tcga_lung,LUAD,0.20161945,0.49118510
2,TCGA-69-8255-01Z-00-DX1.75d1666c-c088-405c-80da-52d84b990361,tcga_lung,LUAD,0.04712558,0.14554580
2,TCGA-44-3918-01Z-00-DX1.6da70a8b-6307-423a-9d2d-380c16962855,tcga_lung,LUAD,0.05425644,0.80631438
2,TCGA-86-8673-01Z-00-DX1.21191041-c10e-4166-ad00-1243656feaa7,tcga_lung,LUAD,0.18884647,0.93245411
2,TCGA-44-6779-01Z-00-DX1.40f10ad8-55f3-4043-a89b-37d33a26dd8c,tcga_lung,LUAD,0.17176300,0.52871122
2,TCGA-86-A4JF-01Z-00-DX1.22828B15-D68E-4300-A3A8-FBC11B319BC5,tcga_lung,LUAD,0.11514604,0.62402271
2,TCGA-55-8087-01Z-00-DX1.548f2800-8caf-4c0e-a7b5-6d3d28315d9c,tcga_lung,LUAD,0.11719662,1.34780247
2,TCGA-49-AAR2-01Z-00-DX1.1F09F896-446E-4C55-8D01-6C34A98AB1D2,tcga_lung,LUAD,0.18526241,0.59695055
2,TCGA-55-7284-01Z-00-DX1.68b95b9b-1aab-4f03-aad3-1132467b7499,tcga_lung,LUAD,0.22246510,0.94123204
2,TCGA-55-8207-01Z-00-DX1.2dafc442-f927-4b0d-b197-cc8c5f86d0fc,tcga_lung,LUAD,0.05417603,0.63472060
2,TCGA-38-7271-01Z-00-DX1.EF258BEB-8DEA-483E-823A-1E0B90AAA392,tcga_lung,LUAD,0.09343857,0.51925735
2,TCGA-55-8619-01Z-00-DX1.46C7678A-6032-4C95-B535-85C87B92B6ED,tcga_lung,LUAD,0.18106270,0.55705201
2,TCGA-86-6851-01Z-00-DX1.0b13e600-fd7b-44a2-9ec2-26e9938fb7bc,tcga_lung,LUAD,0.09407157,0.53234038
2,TCGA-55-A4DG-01Z-00-DX1.9CE9B7BE-48EF-44F1-9C25-F15700A3E5DE,tcga_lung,LUAD,0.03661317,1.04971262
2,TCGA-44-6775-01Z-00-DX1.38d3bc6d-8bb5-4126-8d61-d39e6a1d7bcf,tcga_lung,LUAD,0.12687981,0.99147345
2,TCGA-MP-A4SY-01Z-00-DX1.9535274F-C850-409E-80A1-B933B2F1A110,tcga_lung,LUAD,0.11230028,1.00245656
2,TCGA-93-A4JN-01Z-00-DX1.ED4C9365-6CCF-4AEE-B4C9-3CC5EC57286C,tcga_lung,LUAD,0.02098507,0.58065105
2,TCGA-35-3615-01Z-00-DX1.585128eb-6652-4b05-9a83-dc8f242904a6,tcga_lung,LUAD,0.21289217,1.09753657
2,TCGA-77-8138-01Z-00-DX1.fac6dcf9-7367-4345-a764-38e5471763c0,tcga_lung,LUSC,-0.00974089,-0.38963144
2,TCGA-64-1679-01Z-00-DX1.f9fd24ef-d51c-4530-9fb5-e8a8f09dba73,tcga_lung,LUAD,0.11126775,0.83501587
2,TCGA-MP-A4TJ-01Z-00-DX1.14EDBE5C-5D0C-4002-BE95-AF5C9D9F3D43,tcga_lung,LUAD,0.19954216,0.73611757
2,TCGA-55-8510-01Z-00-DX1.BB1EAC72-6215-400B-BCBF-E3D51A60182D,tcga_lung,LUAD,0.11669821,0.60017803
2,TCGA-55-8513-01Z-00-DX1.E21776FE-DF49-48D1-90D6-6F71D0764492,tcga_lung,LUAD,0.21555170,0.96224801
2,TCGA-50-6673-01Z-00-DX1.e24fb432-3fff-4f00-a316-16d05275c1e7,tcga_lung,LUAD,0.10610706,0.71549189
2,TCGA-73-4675-01Z-00-DX1.1027587f-8ec4-4b8c-8768-ff7b669683e0,tcga_lung,LUAD,0.19913638,0.92517794
2,TCGA-55-8507-01Z-00-DX1.3C6198CF-3E13-4C4C-B851-5BDFF8552621,tcga_lung,LUAD,0.12104428,0.57410800
3,TCGA-2H-A9GL-01Z-00-DX1.8560DF40-122E-4E7F-B2B8-C77769F88ECC,tcga_esca,ESAD,0.29052508,0.28311962
3,TCGA-JY-A6FD-01Z-00-DX1.9AD5430C-5B26-44F0-82FB-005436F5ABE6,tcga_esca,ESCC,-0.29457730,-0.31179880
3,TCGA-L5-A43H-01Z-00-DX1.05652837-4FDF-4A30-80FF-C942FB9C62D9,tcga_esca,ESCC,-0.28157699,-0.23595056
3,TCGA-L5-A43J-01Z-00-DX1.9416C31D-C72C-4665-9345-7AE1395F4B86,tcga_esca,ESCC,-0.20103168,0.01984657
3,TCGA-2H-A9GR-01Z-00-DX1.612AB333-7732-4761-B6D0-25E52AFF94E7,tcga_esca,ESAD,0.24400926,0.36895400
3,TCGA-V5-A7RB-01Z-00-DX1.44386D51-0042-43AB-A5F6-C2674B6A01D0,tcga_esca,ESAD,0.24800360,0.43124977
3,TCGA-LN-A49P-01Z-00-DX1.04569E45-A4D1-49A8-9541-BC33A010D743,tcga_esca,ESCC,-0.06488377,-0.32258637
3,TCGA-2H-A9GM-01Z-00-DX1.DC69739A-98B1-4ACA-94A4-A1B683124D1D,tcga_esca,ESAD,0.35999453,0.30458084
3,TCGA-LN-A8I1-01Z-00-DX1.F2C4FBC3-1FFA-45E9-9483-C3F1B2B7EF2D,tcga_esca,ESCC,-0.19606113,-0.50550216
3,TCGA-LN-A8I0-01Z-00-DX1.E0DEE648-0979-4F35-9D97-E5D894613813,tcga_esca,ESCC,-0.23346990,-0.65984534
3,TCGA-VR-AA7B-01Z-00-DX1.2C59E44A-5691-4193-8970-774591B83CC9,tcga_esca,ESCC,-0.27668735,-0.35532492
3,TCGA-VR-AA4D-01Z-00-DX1.1267B1EC-1EBB-46AE-9AA3-9162F5559862,tcga_esca,ESAD,0.32148418,0.13230341
3,TCGA-LN-A49O-01Z-00-DX1.AB102F19-2483-4F79-B02C-825E74F3ADD8,tcga_esca,ESCC,-0.19006437,-0.29925502
3,TCGA-R6-A6DN-01Z-00-DX1.F0F21659-8F9E-415A-A0A8-8EB27FF6D312,tcga_esca,ESAD,0.13357776,0.31730149
3,TCGA-R6-A8WC-01Z-00-DX1.D7838B62-73C9-4FC8-AC0A-28DAB10470BA,tcga_esca,ESAD,0.38056377,0.85056312
3,TCGA-B9-A44B-01Z-00-DX1.0DB33EE7-EA4F-45E1-A90D-E5635383E6F7,tcga_rcc,PRCC,-0.22470957,-0.14301256
3,TCGA-B1-A47N-01Z-00-DX1.DFEAF807-D0FB-4967-8E50-07B42ECABFE5,tcga_rcc,PRCC,-0.30902129,-1.36939049
3,TCGA-WN-AB4C-01Z-00-DX1.9A983740-01DA-42EB-BC00-B10A581C519F,tcga_rcc,PRCC,-0.00477630,-0.16169112
3,TCGA-EV-5901-01Z-00-DX1.3747c586-69ab-4607-994e-7802cdbe7627,tcga_rcc,PRCC,-0.19520032,-0.25346733
3,TCGA-G7-6789-01Z-00-DX1.17c821de-0db5-48e8-b2a3-67654dbae7c2,tcga_rcc,PRCC,-0.24694622,-0.15236371
3,TCGA-MH-A560-01Z-00-DX1.C23332C9-E3B8-4018-BD2D-4EEC759D76D4,tcga_rcc,PRCC,-0.25301570,-0.92224989
3,TCGA-MH-A560-01Z-00-DX2.FE12791C-8C7D-4FF6-B79C-EA9D2B3B784F,tcga_rcc,PRCC,-0.21452892,-0.76187812
3,TCGA-UZ-A9PJ-01Z-00-DX1.088CD0AD-C063-47E4-8398-324A8E7369D7,tcga_rcc,PRCC,-0.19196439,-0.81542548
3,TCGA-AK-3427-01Z-00-DX2.f79ddc05-97bc-49a0-9e0b-25f5e325555a,tcga_rcc,CCRCC,0.08658105,0.38295053
3,TCGA-AK-3427-01Z-00-DX1.bddd6316-1f27-40d7-8cdc-e19e58ef420d,tcga_rcc,CCRCC,0.08727002,0.17373387
3,TCGA-CJ-4634-01Z-00-DX1.565F5F92-0011-454D-9D1F-1F87603197F9,tcga_rcc,CCRCC,0.27249250,0.78898151
3,TCGA-G6-A8L8-01Z-00-DX1.32E022BA-9959-4E2F-9D9D-AEEB5B7E7E9F,tcga_rcc,CCRCC,0.23447049,0.44757905
3,TCGA-CJ-4873-01Z-00-DX1.A964B9A3-83AC-4B4E-89BB-5B8D330FFDDF,tcga_rcc,CCRCC,0.27001333,0.86356502
3,TCGA-B0-5812-01Z-00-DX1.668e75ce-2d02-47aa-9ce4-9931dd53e9a4,tcga_rcc,CCRCC,0.36320561,0.67637640
3,TCGA-B4-5832-01Z-00-DX1.0ED42E9A-83D1-4008-B775-A934E06D2629,tcga_rcc,CCRCC,0.16771954,0.84709418
3,TCGA-B0-4841-01Z-00-DX1.a33f52a7-d045-4aaa-acbe-e3122f33147c,tcga_rcc,CCRCC,0.21251380,1.10159641
3,TCGA-CJ-4870-01Z-00-DX1.38991588-D25A-48F6-80B5-51ED34AA8D35,tcga_rcc,CCRCC,0.31029344,0.47982930
3,TCGA-BP-4169-01Z-00-DX1.f33af846-580f-4a85-9496-237edb239de1,tcga_rcc,CCRCC,0.34059662,1.22364044
3,TCGA-6D-AA2E-01Z-00-DX1.81E7420E-9C8B-4076-A604-F2B2AD3340D5,tcga_rcc,CCRCC,0.01113290,-0.07605775
3,TCGA-DV-5576-01Z-00-DX1.ddd18b71-fc48-40f7-bc87-fb50d9ff468c,tcga_rcc,CCRCC,-0.08557510,0.27016271
3,TCGA-BP-4988-01Z-00-DX1.b037f17b-8fc7-46b2-adae-8e1140606fb7,tcga_rcc,CCRCC,0.31371355,0.23526066
3,TCGA-B0-4844-01Z-00-DX1.18c475a1-24a9-473b-82e7-0caa621d18b1,tcga_rcc,CCRCC,0.31403345,1.13741303
3,TCGA-B8-A54F-01Z-00-DX1.7C46D299-64F5-42C0-8226-A1AB4FF5C879,tcga_rcc,CCRCC,0.12345576,0.78428994
3,TCGA-A3-A8OV-01Z-00-DX1.ABA46896-E96D-4208-B0E3-4712F04175D4,tcga_rcc,CCRCC,0.14369589,-0.12883848
3,TCGA-BQ-7056-01Z-00-DX1.33a679b4-c0cc-4d96-bcc0-f8c62cf1ae3c,tcga_rcc,PRCC,-0.35643545,-0.78849255
3,TCGA-A4-A5Y1-01Z-00-DX1.810C9823-203E-4C83-8CFC-49DDB724BCFC,tcga_rcc,PRCC,-0.27587110,-0.49357212
3,TCGA-UZ-A9PS-01Z-00-DX1.3CAF5087-CDAB-42B5-BE7C-3D5643AEAA6D,tcga_rcc,PRCC,-0.27644110,-1.09043782
3,TCGA-G7-6792-01Z-00-DX1.450a6858-3f25-4d1e-a6f5-67289e33e3de,tcga_rcc,PRCC,-0.33942747,-0.84771415
3,TCGA-B9-5155-01Z-00-DX1.2b95ca13-e30e-4e42-a9a6-cdf908198e6b,tcga_rcc,PRCC,-0.27066660,-0.98844458
3,TCGA-Y8-A897-01Z-00-DX1.2FE4B0F6-6BC3-4238-A7C5-B1B74884193C,tcga_rcc,PRCC,-0.18930882,-0.27710683
3,TCGA-A4-7585-01Z-00-DX1.47f27533-7c8d-4df3-bd7c-586d5fbdf1fc,tcga_rcc,PRCC,-0.04221296,-0.07792749
3,TCGA-B0-4828-01Z-00-DX1.e7b639f3-13e2-4886-8a53-f3fff0d24fbe,tcga_rcc,CCRCC,0.22423369,1.15002749
3,TCGA-CJ-4881-01Z-00-DX1.4B82DB9B-4A2B-47D4-8663-8AD218E3644A,tcga_rcc,CCRCC,0.15928137,0.53861004
3,TCGA-B2-3923-01Z-00-DX1.48a5a3fc-18cb-4417-9638-a73d17b81085,tcga_rcc,CCRCC,0.11695284,0.84143860
3,TCGA-A3-3311-01Z-00-DX1.9674290b-42c6-4107-9eb3-a7d712fbf858,tcga_rcc,CCRCC,0.31046301,1.51458508
3,TCGA-B0-4694-01Z-00-DX1.beeee877-b7f3-4110-84e9-2db8be5667f5,tcga_rcc,CCRCC,0.13315678,0.68878475
3,TCGA-B0-4690-01Z-00-DX1.efecabc0-bb34-41e4-b631-0b2043826124,tcga_rcc,CCRCC,0.25563055,0.72524070
3,TCGA-BP-5194-01Z-00-DX1.396df9e6-7305-4e25-9c15-64bbc431e568,tcga_rcc,CCRCC,0.36743104,1.03412654
3,TCGA-B0-5107-01Z-00-DX1.2c11c70b-c063-4d59-903d-d39175e3c161,tcga_rcc,CCRCC,0.18350208,0.91693450
3,TCGA-BP-5168-01Z-00-DX1.7300af72-5dae-4b4c-bb73-62be8720006e,tcga_rcc,CCRCC,0.27313852,1.00771695
3,TCGA-BP-4340-01Z-00-DX1.29f86b4c-2e25-4279-90ac-c147b3b5fb89,tcga_rcc,CCRCC,0.28641248,1.21373986
3,TCGA-CJ-4882-01Z-00-DX1.C39D94E4-192C-4B0F-93E6-6A18AA9F11A8,tcga_rcc,CCRCC,0.12189448,0.07122192
3,TCGA-DV-5575-01Z-00-DX1.2f0a5606-1df8-4c3d-aba5-60f3b7d023e5,tcga_rcc,CCRCC,0.16514623,0.95389430
3,TCGA-B0-4823-01Z-00-DX1.9a23a831-7fc7-404c-b195-b3b999b8dfe2,tcga_rcc,CCRCC,0.22172493,1.09944063
3,TCGA-A3-3383-01Z-00-DX1.47624bec-fdf1-48d6-8cd6-04cad2948117,tcga_rcc,CCRCC,0.30929542,1.31222298
3,TCGA-BP-4959-01Z-00-DX1.2f8b4ccb-c280-48e3-b901-50ef83e56669,tcga_rcc,CCRCC,0.18892044,0.59876784
3,TCGA-CJ-4885-01Z-00-DX1.7B74D046-B821-485E-934E-6D3278355822,tcga_rcc,CCRCC,0.17409271,1.12466427
3,TCGA-BP-5004-01Z-00-DX1.46d61a35-7e4f-4fce-9785-8efe255852f0,tcga_rcc,CCRCC,0.21399140,1.13503477
3,TCGA-B8-5551-01Z-00-DX1.eafbba65-d1ae-49e2-9253-5de17ebcb713,tcga_rcc,CCRCC,0.20246968,0.75351749
3,TCGA-AK-3465-01Z-00-DX1.17a6b1da-f8b4-4bfb-98f0-6cf6a71f27d7,tcga_rcc,CCRCC,-0.00572729,0.51721431
3,TCGA-A4-7828-01Z-00-DX1.66478CFF-76ED-4A04-A046-26155E15F124,tcga_rcc,PRCC,0.08164406,0.56468982
3,TCGA-B0-5102-01Z-00-DX1.0dc0a4bf-4836-4f9f-a31e-c03eb6855cf7,tcga_rcc,CCRCC,0.29037768,0.90744306
3,TCGA-BP-4963-01Z-00-DX1.7e206961-5271-40d3-a96c-c529499afc7d,tcga_rcc,CCRCC,0.29905540,0.86751213
3,TCGA-B0-5104-01Z-00-DX1.1e36aacb-87e0-4629-81a6-17a694802d4e,tcga_rcc,CCRCC,0.30112618,0.70770404
3,TCGA-B0-4700-01Z-00-DX1.1a56e8e5-e1c7-48c7-b17a-5adc9d780613,tcga_rcc,CCRCC,0.25480342,0.94174730
3,TCGA-CJ-4901-01Z-00-DX1.F720CF55-2204-4222-A99B-165FF257AF22,tcga_rcc,CCRCC,0.02058840,0.72619670
3,TCGA-CZ-5454-01Z-00-DX1.c82ae31e-d805-4f7c-aca5-894ccf9fdd47,tcga_rcc,CCRCC,0.18015707,1.00210816
3,TCGA-CJ-4904-01Z-00-DX1.D6315769-36A6-433B-8ED3-85A954A63DE1,tcga_rcc,CCRCC,0.28941929,1.37140954
3,TCGA-CJ-5675-01Z-00-DX1.E0FF78EF-92AE-4C5C-A71D-AB44DBCDC934,tcga_rcc,CCRCC,0.20029265,0.81221126
3,TCGA-BP-4961-01Z-00-DX1.4971f9c1-32b8-4eb2-b7a5-0985aaf83422,tcga_rcc,CCRCC,0.25852191,1.21681877
3,TCGA-DV-A4VX-01Z-00-DX1.9E7036DB-6DD7-4D25-93BD-298206C85EDA,tcga_rcc,CCRCC,-0.00966573,-0.15388138
3,TCGA-CZ-5467-01Z-00-DX1.49822621-96d1-437d-8212-0f8561a6df82,tcga_rcc,CCRCC,0.25085294,0.60519172
3,TCGA-B0-4699-01Z-00-DX1.18b6d6e7-6e37-4bcd-922c-ce81e2e81067,tcga_rcc,CCRCC,0.14337808,0.33832426
3,TCGA-CJ-4902-01Z-00-DX1.5A7985BA-A46C-4769-8C99-9CCCB3A5EDC8,tcga_rcc,CCRCC,0.20652568,1.02775866
3,TCGA-A3-A8OU-01Z-00-DX1.5BF363CE-9DB1-40BB-9E77-CF930F12B1B8,tcga_rcc,CCRCC,0.24755394,1.04924847
3,TCGA-DV-5565-01Z-00-DX1.41c51988-2bbf-4745-af8e-d45788995fca,tcga_rcc,CCRCC,0.32458365,0.97789184
3,TCGA-B9-A5W8-01Z-00-DX1.4AF63260-F90E-4F41-83E6-BC5FBC7F71ED,tcga_rcc,PRCC,-0.16487664,-0.75389845
3,TCGA-A4-7734-01Z-00-DX1.bb749d31-64c6-4b2e-a729-3a903e18fc1c,tcga_rcc,PRCC,-0.20693454,-0.74562417
3,TCGA-A4-A772-01Z-00-DX1.E703D8D9-5CEF-4AA7-AAE4-897833BBA278,tcga_rcc,PRCC,-0.30609572,-1.26047389
3,TCGA-Y8-A896-01Z-00-DX1.45CEAD98-A2D0-4FE0-8FD3-950119AB9BDB,tcga_rcc,PRCC,-0.14985716,-0.33955783
3,TCGA-A4-7288-01Z-00-DX1.48597193-160b-486a-9711-f26d24dabeb5,tcga_rcc,PRCC,-0.32177281,-0.89476973
3,TCGA-KV-A74V-01Z-00-DX1.1B0131DE-9BDF-4BC8-BEB8-64C5AAD1D284,tcga_rcc,PRCC,-0.35178700,-0.48507050
3,TCGA-IZ-A6M8-01Z-00-DX1.72DCB378-1570-4C02-85EF-688FECA60C0E,tcga_rcc,PRCC,-0.34731305,-0.52989616
3,TCGA-B9-4117-01Z-00-DX1.9c2239e4-0bff-4482-914d-fd59afde75ab,tcga_rcc,PRCC,-0.13187665,-0.51833283
3,TCGA-2Z-A9JT-01Z-00-DX1.2423E4DC-54B3-4D4E-9B20-3D6F06094489,tcga_rcc,PRCC,-0.30291194,-1.18069558
3,TCGA-MH-A855-01Z-00-DX1.45FC82C6-3564-4F4E-85EC-DCCF0C7D3BBB,tcga_rcc,PRCC,-0.27816403,-0.43644074
3,TCGA-A7-A6VV-01Z-00-DX2.4C2BF8C1-CC84-4A6E-BC0F-430BC8BE6B26,tcga_brca,IDC,-0.07660958,0.35828254
3,TCGA-A7-A6VV-01Z-00-DX1.07AE0E16-A883-4C86-BC74-4E13081175F2,tcga_brca,IDC,0.15249693,0.91900588
3,TCGA-BH-A1FB-01Z-00-DX1.9D778D1A-07F6-450D-B7AA-0E17B4D0A88C,tcga_brca,IDC,0.05683368,0.64249602
3,TCGA-BH-A1F8-01Z-00-DX1.8BB026F7-35CB-483F-B665-4C3A3EF47E1B,tcga_brca,IDC,0.13332695,0.82375809
3,TCGA-AR-A24H-01Z-00-DX1.5CFC7E16-3F38-4531-968C-A4E4C9D00659,tcga_brca,ILC,-0.04959708,0.10045183
3,TCGA-A8-A07J-01Z-00-DX1.FE16248C-D890-4750-A9FC-5F72BE8D8B85,tcga_brca,IDC,-0.01639664,0.25580615
3,TCGA-E2-A1B0-01Z-00-DX1.4C50EC91-A62A-450E-88C0-7DCAB8E9724C,tcga_brca,IDC,0.14898711,1.09467245
3,TCGA-A7-A26J-01Z-00-DX1.86A92FBD-F346-4206-A1BE-0CBA1596135F,tcga_brca,IDC,0.02744538,0.46015768
3,TCGA-A2-A0YC-01Z-00-DX1.F01F2268-17D8-45FD-8917-FD89454D0709,tcga_brca,IDC,0.06338137,0.55648869
3,TCGA-BH-A1F0-01Z-00-DX1.E1557A67-230A-4337-AEC8-158258A917FF,tcga_brca,IDC,0.14123225,1.38414578
3,TCGA-E2-A14R-01Z-00-DX1.DDE62ED5-1FC0-4B3B-A874-95C08B33AB20,tcga_brca,IDC,0.14830279,0.97886296
3,TCGA-D8-A1JK-01Z-00-DX1.3190C919-A403-460D-9F6C-D2AB5FD3FD05,tcga_brca,IDC,0.20219713,0.83958611
3,TCGA-E2-A15C-01Z-00-DX1.26E13415-1D37-43C7-9EBB-4411BE7FCE10,tcga_brca,IDC,0.01384741,0.24437968
3,TCGA-C8-A8HR-01Z-00-DX1.8E841CA8-1CE2-4242-AC5A-3247075CF8F4,tcga_brca,ILC,0.00476807,-0.17600497
3,TCGA-D8-A27T-01Z-00-DX1.1E3A4D57-9CF2-4EBF-B74D-ADD7BD8CBFA5,tcga_brca,ILC,-0.02740401,-0.14161380
3,TCGA-D8-A27T-01Z-00-DX2.7CCFE3AA-955B-4D77-9EDB-7B36D5A01168,tcga_brca,ILC,-0.08684880,-0.72071801
3,TCGA-A8-A08C-01Z-00-DX1.0602211C-1098-4711-AA41-8F56B11DB36F,tcga_brca,IDC,0.08041692,1.23352515
3,TCGA-BH-A42V-01Z-00-DX1.B6D78256-05D1-45FA-826A-1B8554D60B7D,tcga_brca,IDC,0.09881812,0.82227589
3,TCGA-BH-A0C7-01Z-00-DX1.C70D358E-C48F-4F69-86CE-3218E9C95837,tcga_brca,IDC,0.09459090,0.81847161
3,TCGA-PL-A8LZ-01A-02-DX2.E2697718-12E1-4D7C-9ED8-0A71C6D855B8,tcga_brca,IDC,0.07940081,1.03634202
3,TCGA-PL-A8LZ-01A-03-DX3.E5D16DBF-CABD-4C96-A794-5F27BC305055,tcga_brca,IDC,0.05453873,0.71973544
3,TCGA-PL-A8LZ-01A-01-DX1.B9F233EE-06DD-4C14-A392-D2937C7C0868,tcga_brca,IDC,0.05883574,1.15475670
3,TCGA-AN-A0G0-01Z-00-DX1.BE0BB5DF-DEDA-48D8-B5D8-2735C767F28F,tcga_brca,IDC,0.18460393,1.00797798
3,TCGA-A8-A06T-01Z-00-DX1.BA8B8FC3-6169-48C1-BE1F-37F140CB4D3B,tcga_brca,IDC,0.12443078,0.93238469
3,TCGA-C8-A274-01Z-00-DX1.B667DAB1-C944-4285-A312-5E4DDAE0EE78,tcga_brca,IDC,0.05965811,-0.02070838
3,TCGA-A2-A4RW-01Z-00-DX1.4AF8656E-2478-4895-8C59-B0C969F3E474,tcga_brca,ILC,-0.05983663,0.20161861
3,TCGA-A2-A0CL-01Z-00-DX1.5342E971-DCD2-42C4-B4FF-E6942A95829E,tcga_brca,IDC,0.06054038,0.63521520
3,TCGA-AC-A23E-01Z-00-DX1.F12A5A87-72CF-42F8-A6EC-8E7FAD80B1F7,tcga_brca,IDC,0.07279354,0.41144489
3,TCGA-E2-A15I-01Z-00-DX1.DFF60A40-B03D-438F-A233-06132A213619,tcga_brca,IDC,-0.10673085,0.40810344
3,TCGA-E2-A1IF-01Z-00-DX1.51F5B0AC-E4D6-439D-8168-34934471FA06,tcga_brca,IDC,0.10092449,1.00844661
3,TCGA-B6-A0IB-01Z-00-DX1.BAA1D655-1B80-49E2-B1EB-2ECC83DED989,tcga_brca,IDC,0.05378366,0.81420254
3,TCGA-AR-A0U1-01Z-00-DX1.276433E7-E841-42D2-AF21-762F2FEA3B9B,tcga_brca,IDC,0.20334259,0.98445274
3,TCGA-AR-A24P-01Z-00-DX1.08BE8830-C55E-4E2B-9378-371A670C75FD,tcga_brca,IDC,0.05381536,0.43464804
3,TCGA-D8-A1Y2-01Z-00-DX1.77451A0F-00FD-44A9-A0D0-CB7A39CE74CC,tcga_brca,IDC,0.00577778,0.48426494
3,TCGA-D8-A1Y2-01Z-00-DX2.A563ABFE-18DE-4D78-BB66-9CD18D3CBE3A,tcga_brca,IDC,0.04017955,0.39170181
3,TCGA-B6-A0IE-01Z-00-DX1.E6C4E5C0-338C-481D-B691-0385E8D090B1,tcga_brca,ILC,-0.04050231,-0.30385955
3,TCGA-LD-A9QF-01Z-00-DX1.092108DF-1A60-459E-ACE6-5A71826A98D1,tcga_brca,IDC,0.11291170,0.34454102
3,TCGA-A8-A081-01Z-00-DX1.06D727F7-4B41-419B-A251-3D804235ACE5,tcga_brca,IDC,0.12062654,0.84144932
3,TCGA-BH-A0B5-01Z-00-DX1.742DB0E8-8EB1-47C8-B698-8E2438FB6299,tcga_brca,ILC,-0.01560509,0.10064933
3,TCGA-B6-A0RG-01Z-00-DX1.C83D21A0-EC61-459C-9776-EA3D91469E72,tcga_brca,IDC,0.16470921,1.11033098
3,TCGA-BH-A0AV-01Z-00-DX1.5A686DA4-A29D-4BA7-9BCA-B707F8755E83,tcga_brca,IDC,0.11014730,0.71200282
3,TCGA-D8-A13Z-01Z-00-DX1.517140BB-D34C-42F8-952C-340EF16D382F,tcga_brca,IDC,0.16052270,0.87474601
3,TCGA-A2-A0CK-01Z-00-DX1.C3226BD1-11B0-4034-946A-BAB42958CE85,tcga_brca,ILC,-0.06549126,-0.09090632
3,TCGA-WT-AB44-01Z-00-DX1.B6ECEA7C-DA26-4B34-88CE-6834631DFA35,tcga_brca,ILC,0.07720870,0.67285976
3,TCGA-A8-A09W-01Z-00-DX1.BF33B0F9-5786-4682-B59E-DCBD33D7BB03,tcga_brca,ILC,-0.00671780,-0.16737707
3,TCGA-AR-A0TU-01Z-00-DX1.2CBBDDAB-C1DD-4205-A555-431542F9C069,tcga_brca,IDC,0.02961540,0.62550576
3,TCGA-A2-A0T0-01Z-00-DX1.51F904DA-A4B5-4451-8AEF-58E7EF7651DB,tcga_brca,IDC,0.15938324,0.94650758
3,TCGA-A2-A0CT-01Z-00-DX1.A8564130-49CF-4F5B-B5AB-F4D1A10479FF,tcga_brca,IDC,0.01322627,0.49836738
3,TCGA-BH-A1ET-01Z-00-DX1.05C126CD-CC10-44BF-9A68-6CDDE97272B2,tcga_brca,IDC,0.10324699,1.03373111
3,TCGA-LQ-A4E4-01Z-00-DX1.CF422C39-614F-4F14-813B-95BB7B171977,tcga_brca,ILC,-0.10810351,-0.65508185
3,TCGA-AC-A23C-01Z-00-DX1.0E67C785-83D3-49AF-B600-FB5B909AE6ED,tcga_brca,IDC,0.09174711,0.61736620
3,TCGA-BH-A18R-01Z-00-DX1.07E6FA7F-5072-4327-9982-A40F010B7532,tcga_brca,IDC,0.12494874,1.00077234
3,TCGA-EW-A1P6-01Z-00-DX1.A8024C26-6336-4858-88FD-5679795899BA,tcga_brca,IDC,0.10031039,0.79183274
3,TCGA-EW-A1IZ-01Z-00-DX1.81D5544E-0A7D-4A92-A3B0-4F22CFB8BBB2,tcga_brca,IDC,0.04577982,0.42047963
3,TCGA-A2-A3XZ-01Z-00-DX1.B7A1344E-7015-4A21-B3D4-EB760161BE7C,tcga_brca,IDC,0.10846972,1.07673863
3,TCGA-AN-A0FK-01Z-00-DX1.8966A1D5-CE3A-4B08-A1F6-E613BEB1ABD1,tcga_brca,IDC,0.12368155,1.45759662
3,TCGA-AC-A2FE-01Z-00-DX1.C036AE58-3C0D-4DBF-B658-296D03FD6701,tcga_brca,ILC,-0.15337324,0.30181324
3,TCGA-BH-A0BP-01Z-00-DX1.63A87C1D-87FA-494D-9836-74290B5DC30D,tcga_brca,IDC,0.11153263,0.59193933
3,TCGA-E2-A106-01Z-00-DX1.A8D49C06-3C93-48A6-87F8-86D646BEA28C,tcga_brca,IDC,0.10836840,0.70234106
3,TCGA-BH-A0EE-01Z-00-DX1.872EA586-25C8-4835-A138-152DFA1EBF30,tcga_brca,IDC,0.30383629,0.60585569
3,TCGA-C8-A12O-01Z-00-DX1.A77E552B-7B69-45B7-B341-A03571F2A06C,tcga_brca,IDC,0.09226167,0.52609096
3,TCGA-AR-A0TV-01Z-00-DX1.29AE9996-E73A-41F8-BCC9-23DEDCA5A7AC,tcga_brca,IDC,0.10099673,1.07209284
3,TCGA-BH-A0BR-01Z-00-DX1.F7912887-8AE9-4391-9B83-9AC7B4FF38EF,tcga_brca,IDC,0.11499995,0.58923417
3,TCGA-A8-A079-01Z-00-DX1.DC32BC20-A3BC-43B3-B69F-1E71E289EA34,tcga_brca,IDC,0.07684088,1.07185900
3,TCGA-EW-A1J6-01Z-00-DX1.F668E978-13B6-4284-9522-37C65C57A21A,tcga_brca,IDC,0.04015362,0.58452308
3,TCGA-D8-A27M-01Z-00-DX1.3020D223-2400-4A2D-8BFE-08A5B78FE13B,tcga_brca,IDC,0.15954840,0.89973595
3,TCGA-A7-A56D-01Z-00-DX1.87D9CCF4-04EE-46D2-B7FC-A83561D7752C,tcga_brca,IDC,0.10856128,0.80049680
3,TCGA-B6-A0RQ-01Z-00-DX1.68B4F49D-9F81-4501-BC66-0349012077C8,tcga_brca,ILC,-0.13502002,-0.42679616
3,TCGA-LL-A5YO-01Z-00-DX1.B5B6DFDB-1020-41FF-AA50-9C633E17DE5F,tcga_brca,IDC,0.14406979,0.75271371
3,TCGA-A2-A1FZ-01Z-00-DX1.0BAAEF41-DCA4-4677-9A27-09E990033FA6,tcga_brca,IDC,0.03998512,0.64011030
3,TCGA-E9-A228-01Z-00-DX1.adbeed20-3b14-44fe-a98a-3bf7cecea30a,tcga_brca,IDC,0.09609079,0.73898086
3,TCGA-A2-A4S3-01Z-00-DX1.50699E65-E536-4C9B-93A7-4C9894624A29,tcga_brca,IDC,0.10396713,0.77285013
3,TCGA-E2-A1LE-01Z-00-DX1.22856B2A-FBAA-4530-AEEC-E8F77BDA7F7F,tcga_brca,IDC,0.03784925,0.27568453
3,TCGA-A1-A0SN-01Z-00-DX1.5E9B85AE-AFB7-41DC-8A1B-BD6DA39B6540,tcga_brca,IDC,0.11724067,0.38850099
3,TCGA-BH-A0BM-01Z-00-DX1.8BD324F2-60F5-4F59-AF2D-533A5FB230BF,tcga_brca,IDC,-0.02297395,0.21795132
3,TCGA-AC-A2FF-01Z-00-DX1.012DAC86-E05C-44FA-81C2-FE4C754F409C,tcga_brca,ILC,-0.05564529,0.15348852
3,TCGA-EW-A424-01Z-00-DX1.662894F0-31FE-494B-9A9E-7C369AE23D27,tcga_brca,ILC,-0.03746718,-0.28683279
3,TCGA-A2-A04X-01Z-00-DX1.E01A4522-67B3-4FEF-BD6B-99DFED9E7C85,tcga_brca,IDC,0.14860672,0.87511540
3,TCGA-A7-A0CE-01Z-00-DX2.5AD1DB65-10E7-4996-AB5E-13D7851EC5FA,tcga_brca,IDC,0.26088470,0.47467531
3,TCGA-A7-A0CE-01Z-00-DX1.E67322FB-ED25-4B85-B3B0-2B8BD277BB4A,tcga_brca,IDC,0.23470318,0.55434187
3,TCGA-A2-A0EX-01Z-00-DX1.F4C293E9-9BB2-48A1-8080-5F3082E219C5,tcga_brca,ILC,-0.02360857,0.28801903
3,TCGA-BH-A0E6-01Z-00-DX1.44DFEFB4-FA05-4246-8D6B-55BA8C3275DB,tcga_brca,IDC,0.15737456,0.96520868
3,TCGA-BH-A204-01Z-00-DX1.9DCE8242-E862-45AB-9452-D7299110973F,tcga_brca,IDC,0.10527974,0.90377125
3,TCGA-AR-A24Z-01Z-00-DX1.C88AFF18-A8E4-426A-BEA3-70566DE39C46,tcga_brca,IDC,0.06953824,0.76403142
3,TCGA-B6-A0I5-01Z-00-DX1.47A30509-4BA0-4BA5-AD9B-F2C2DB701159,tcga_brca,IDC,0.07643807,0.74852839
3,TCGA-S3-A6ZG-01Z-00-DX1.659A0BFB-D99B-474F-B4C2-6590C9161BD1,tcga_brca,ILC,0.01775122,0.02385684
3,TCGA-BH-A0DO-01Z-00-DX1.1684557E-A5D4-4828-B2D5-FA899993A019,tcga_brca,IDC,0.09886044,0.72713169
3,TCGA-AR-A256-01Z-00-DX1.950D4546-4BF4-4380-9877-51D86A93D755,tcga_brca,IDC,0.14131397,0.93792306
3,TCGA-BH-A0HW-01Z-00-DX1.44DCCE00-133F-4469-A4DA-5057C011B4AC,tcga_brca,IDC,0.18042406,0.88212207
3,TCGA-D8-A145-01Z-00-DX1.34D4EC27-7FD7-4BE2-95A4-CA521CB5590E,tcga_brca,IDC,-0.02345169,-0.10823454
3,TCGA-D8-A145-01Z-00-DX2.B834BF47-1CD6-45EA-BB88-D8ECE1FDDC6A,tcga_brca,IDC,0.02574593,-0.06851413
3,TCGA-A2-A1FV-01Z-00-DX1.F70ACD9A-7819-4296-BD28-4D24BBA8AFF4,tcga_brca,ILC,-0.11426687,-0.20427205
3,TCGA-E9-A1RB-01Z-00-DX1.845074ea-43bc-4752-9dc0-fca72d2ab5de,tcga_brca,IDC,0.10520250,0.82688864
3,TCGA-BH-A0E1-01Z-00-DX1.257EB36A-1008-4890-927B-204EF05DBE90,tcga_brca,IDC,0.15417880,1.19028343
3,TCGA-E9-A1RH-01Z-00-DX1.CC9CEDCC-7BF2-4C96-A0F1-C98071DA2CD3,tcga_brca,IDC,0.19010085,0.95593456
3,TCGA-A8-A06U-01Z-00-DX1.56070AB9-A73E-44B8-8051-D93E8F881BBE,tcga_brca,IDC,0.13112509,0.64880491
3,TCGA-77-8139-01Z-00-DX1.242d68e3-5ee0-4484-8403-e2ffd1ede20b,tcga_lung,LUSC,-0.06068945,0.05794967
3,TCGA-34-8455-01Z-00-DX1.9B7A1CBA-0B53-4F2A-9AEC-D72FDB6553F7,tcga_lung,LUSC,0.01069528,0.03857032
3,TCGA-66-2790-01Z-00-DX1.86f436e3-e233-4986-90bb-aaa2adc4596f,tcga_lung,LUSC,-0.21837154,-0.71010919
3,TCGA-66-2765-01Z-00-DX1.c9d8b0f7-b2c8-45ea-8bd1-81e231fd6e91,tcga_lung,LUSC,-0.18414724,-0.72124299
3,TCGA-34-5241-01Z-00-DX1.7abc4737-9a9c-4270-8297-58ea167cea63,tcga_lung,LUSC,-0.08337474,-0.32797337
3,TCGA-77-A5G1-01Z-00-DX1.ABE53201-3FAD-4F05-9F2B-91BA6257569C,tcga_lung,LUSC,-0.06350344,-0.18541923
3,TCGA-94-7033-01Z-00-DX1.43146ed9-30a5-420d-bd92-b1acdce11103,tcga_lung,LUSC,-0.06920081,-0.42163968
3,TCGA-98-A53H-01Z-00-DX1.B05E6339-440C-4F2E-95B5-F2C96413D488,tcga_lung,LUSC,-0.28304636,-0.72557715
3,TCGA-37-4130-01Z-00-DX1.37ccfdfe-fc20-4809-8dc7-e342242d0bfa,tcga_lung,LUSC,0.01284683,-0.13848725
3,TCGA-33-AASJ-01Z-00-DX1.0201CE2A-4DE6-4B4E-A010-37D773207F52,tcga_lung,LUSC,-0.25238684,-0.82326047
3,TCGA-37-3792-01Z-00-DX1.d95a9f5f-5bad-48fc-9f90-ed2580328b80,tcga_lung,LUSC,0.13466895,-0.03965676
3,TCGA-22-5477-01Z-00-DX1.D4CA03F8-FFA8-4926-B93C-EBFDC6791B1F,tcga_lung,LUSC,-0.22217101,-0.58032538
3,TCGA-33-4566-01Z-00-DX1.C256546D-D3EC-41DA-9681-06BA4B011DD2,tcga_lung,LUSC,-0.12861496,-0.42956782
3,TCGA-51-4080-01Z-00-DX1.fd660ce3-3e30-4907-b54a-81002ec071f2,tcga_lung,LUSC,-0.21643853,-0.84281235
3,TCGA-85-7843-01Z-00-DX1.0aa90a1d-6039-482c-a489-8ee41cc70161,tcga_lung,LUSC,-0.17179900,-0.60458769
3,TCGA-77-8130-01Z-00-DX1.e9f78b45-ed59-4e80-83c2-c6d5bb68e622,tcga_lung,LUSC,-0.18220693,-0.58611993
3,TCGA-98-8022-01Z-00-DX1.870ca00a-d779-4948-80b2-0f19d0f36b16,tcga_lung,LUSC,0.09516519,0.38378842
3,TCGA-58-A46J-01Z-00-DX1.4BF4AAC3-2020-41EA-A181-5E90A23DA024,tcga_lung,LUSC,-0.13114882,-0.58979412
3,TCGA-85-7950-01Z-00-DX1.ddf7d987-7e4f-4327-83d5-0047e2806ed1,tcga_lung,LUSC,-0.12124318,-0.58868533
3,TCGA-55-7726-01Z-00-DX1.37df197b-d4fb-41c4-ac6a-72dbaa31027b,tcga_lung,LUAD,0.12245536,0.73677312
3,TCGA-44-8119-01Z-00-DX1.1EBEBFA7-22DB-4365-9DF8-C4E679C11312,tcga_lung,LUAD,-0.13515967,0.22624432
3,TCGA-97-8179-01Z-00-DX1.5501338a-dd89-4c41-8267-5baaaea71643,tcga_lung,LUAD,0.13970798,0.69494868
3,TCGA-49-6744-01Z-00-DX4.a3d7995d-399f-4c53-aab8-adc4ea4dbfa8,tcga_lung,LUAD,0.16744810,0.70433490
3,TCGA-49-6744-01Z-00-DX2.1982e585-65a4-4330-9140-ccabcdd106f8,tcga_lung,LUAD,0.15367794,0.69574133
3,TCGA-49-6744-01Z-00-DX3.fa64d744-6caa-4f62-8689-33da9c312838,tcga_lung,LUAD,0.18383241,0.44367790
3,TCGA-49-6744-01Z-00-DX1.40f8f751-b756-4576-b1ee-8dd2e8f89ff7,tcga_lung,LUAD,0.16517723,0.60565603
3,TCGA-56-8623-01Z-00-DX1.119C11E2-16E4-48A9-B8BD-6F1E8CBFEBA1,tcga_lung,LUSC,-0.15697372,-0.01306814
3,TCGA-43-2576-01Z-00-DX1.779df209-95e1-4303-9c32-4083e8088d8e,tcga_lung,LUSC,-0.02752733,0.27156345
3,TCGA-O2-A52S-01Z-00-DX1.65C217A1-6757-433D-AF35-7F0923023095,tcga_lung,LUSC,-0.18188807,-0.25312369
3,TCGA-43-6770-01Z-00-DX1.466dd07f-b147-48bb-9349-fe1f5f3bcae5,tcga_lung,LUSC,-0.20320493,-0.90944928
3,TCGA-43-A474-01Z-00-DX1.9BCC325D-875A-4285-85E9-2EA550A10949,tcga_lung,LUSC,-0.40295392,-1.09176073
3,TCGA-33-4532-01Z-00-DX1.32ab8c26-7cdc-4e55-8c70-5a35d83f81a2,tcga_lung,LUSC,-0.13742805,-0.86956670
3,TCGA-33-4532-01Z-00-DX3.a9eb5d3f-e5e4-45e0-8fca-3e50396445eb,tcga_lung,LUSC,-0.18078077,-0.77299574
3,TCGA-33-4532-01Z-00-DX2.cd6e3f47-14fd-46e4-baf8-2e682ade44d1,tcga_lung,LUSC,-0.18790811,-0.65074840
3,TCGA-18-4721-01Z-00-DX1.C4952E79-071A-49C5-8E28-474442832D4E,tcga_lung,LUSC,-0.20589370,-0.38561657
3,TCGA-37-A5EL-01Z-00-DX1.DFD49A5B-27F6-407E-8ADA-54EDACAA0788,tcga_lung,LUSC,-0.23207834,-0.63296461
3,TCGA-77-7463-01Z-00-DX1.c255e325-1ba7-4108-b8b8-22c02241c83f,tcga_lung,LUSC,-0.15339714,-0.84751936
3,TCGA-22-5485-01Z-00-DX1.952DBCF0-08DA-49BD-B020-DEC1A77A1D81,tcga_lung,LUSC,-0.16063714,-0.08090515
3,TCGA-60-2709-01Z-00-DX1.ded10e7c-c1ca-4402-be0e-f3978994d4af,tcga_lung,LUSC,-0.06705511,-0.26147706
3,TCGA-18-4086-01Z-00-DX1.1D06B771-F978-4763-8D4E-7B540E02C55A,tcga_lung,LUSC,-0.14494544,-0.81736873
3,TCGA-77-8145-01Z-00-DX1.9d76de05-3cb7-4cd8-879b-11ea7f88d583,tcga_lung,LUSC,-0.05199730,-0.09640048
3,TCGA-NC-A5HE-01Z-00-DX1.57DE9D24-24C8-4EDF-942B-06777B003F68,tcga_lung,LUSC,-0.11340684,-0.45920509
3,TCGA-92-8064-01Z-00-DX1.72c1a8db-146c-4408-8d31-43baba769fdf,tcga_lung,LUSC,-0.09247321,-0.36801516
3,TCGA-83-5908-01Z-00-DX1.381c8f82-61a0-4e9d-982d-1ad0af7bead9,tcga_lung,LUAD,0.06781244,0.30835755
3,TCGA-MP-A4T7-01Z-00-DX1.C74D7A5B-1D1A-423B-85CA-C11E0CCF5873,tcga_lung,LUAD,0.07614011,0.78508488
3,TCGA-35-5375-01Z-00-DX1.10708170-750A-451B-BC10-0B4042540033,tcga_lung,LUAD,0.03278464,0.43941476
3,TCGA-49-4490-01Z-00-DX3.0949a10a-0a1f-49dc-9296-ab4d4f0bf988,tcga_lung,LUAD,0.13591015,1.14532395
3,TCGA-49-4490-01Z-00-DX5.feea87ff-61c6-465e-8b36-4803f6af3d62,tcga_lung,LUAD,0.11377901,0.71615786
3,TCGA-49-4490-01Z-00-DX1.bde106d9-1494-4775-b77d-11c86bb09b72,tcga_lung,LUAD,0.15254414,0.84116793
3,TCGA-49-4490-01Z-00-DX4.4e94aeb6-f616-4bdd-82bc-2ca2f2b5a5c4,tcga_lung,LUAD,0.12311637,0.50568281
3,TCGA-49-4490-01Z-00-DX2.1b491bd7-60d2-40a6-96cd-01385bce2b0f,tcga_lung,LUAD,0.13377661,0.77051953
3,TCGA-49-4490-01Z-00-DX6.0a04ad8e-7f33-4496-bd9e-0110ec33f887,tcga_lung,LUAD,0.18780679,0.71215296
3,TCGA-78-7539-01Z-00-DX1.b838d859-2fb7-48d1-a442-d366ac404099,tcga_lung,LUAD,0.18059683,1.02039754
3,TCGA-44-6148-01Z-00-DX1.94c29c83-1085-458f-a0c9-3ffa8592cb98,tcga_lung,LUAD,0.19704583,0.24279260
3,TCGA-49-4512-01Z-00-DX4.5161fcf5-62a3-4f7d-8a55-9a24a7d70efb,tcga_lung,LUAD,0.15464640,0.81847844
3,TCGA-49-4512-01Z-00-DX2.341d7ff7-15e1-44f1-8818-b117fe98ca99,tcga_lung,LUAD,0.18979591,0.56753016
3,TCGA-49-4512-01Z-00-DX7.1f758560-85e2-4cf9-a81a-317536d96bcc,tcga_lung,LUAD,0.14344323,0.61204564
3,TCGA-49-4512-01Z-00-DX8.c54237a3-93f4-432f-90f1-b930b7341741,tcga_lung,LUAD,0.14356643,0.43920006
3,TCGA-49-4512-01Z-00-DX6.985c9088-ff83-4f13-8a95-cb55aa48682b,tcga_lung,LUAD,0.16680396,0.75456106
3,TCGA-49-4512-01Z-00-DX5.7198ce36-1fae-4da1-9f26-b7f43cf01133,tcga_lung,LUAD,0.13390976,0.97612787
3,TCGA-49-4512-01Z-00-DX1.ced0bda8-f2d6-4bcb-b2d6-b122846a3079,tcga_lung,LUAD,0.17065340,0.80994541
3,TCGA-49-4512-01Z-00-DX3.2f6ec7bc-0dac-4be0-95fe-4071a93a856f,tcga_lung,LUAD,0.14157987,0.86707309
3,TCGA-55-6975-01Z-00-DX1.2762a872-b1c3-47fd-8ed5-b715a5b20163,tcga_lung,LUAD,0.07048249,0.21816286
3,TCGA-49-6743-01Z-00-DX4.5ea81023-1372-48ed-88a8-374e2394d7f7,tcga_lung,LUAD,0.12028110,0.06194839
3,TCGA-49-6743-01Z-00-DX1.ddae5601-6ffa-4a70-8755-8645d5e45135,tcga_lung,LUAD,0.03099817,0.02405620
3,TCGA-49-6743-01Z-00-DX3.d391f3ab-e954-4f4f-996d-cd0420933ccf,tcga_lung,LUAD,-0.01547366,0.16286939
3,TCGA-49-6743-01Z-00-DX2.f6b71e89-19ff-4d9b-a3f1-3a52949f1dc7,tcga_lung,LUAD,0.02265143,0.06988493
3,TCGA-95-7944-01Z-00-DX1.E66A3565-7B0D-412B-9C0C-81D7397E8B87,tcga_lung,LUAD,-0.02716520,0.12722663
3,TCGA-69-7765-01Z-00-DX1.ac389366-febb-488c-9190-fe00bc07cd20,tcga_lung,LUAD,0.12539136,0.76936117
3,TCGA-99-AA5R-01Z-00-DX1.4DE7FC30-D338-49CE-B8D9-EB0F34A3DD0B,tcga_lung,LUAD,0.18271124,0.35249152
3,TCGA-62-A46O-01Z-00-DX1.39B361AD-ED1D-4C0C-8611-0E8CCBDBD252,tcga_lung,LUAD,0.13698322,0.05844828
3,TCGA-55-7815-01Z-00-DX1.288408e6-f6b3-4de4-a1ce-cb2498d9d46d,tcga_lung,LUAD,0.18982357,0.51015302
3,TCGA-93-7348-01Z-00-DX1.d657dc43-ca6c-404a-8ebe-6e6b78a8d1d1,tcga_lung,LUAD,0.05068395,0.15259309
3,TCGA-77-8136-01Z-00-DX1.15cdacc3-ee04-4323-b5e4-4f6d7085bd38,tcga_lung,LUSC,-0.13451660,-0.60125674
3,TCGA-85-8352-01Z-00-DX1.47426016-95BC-49C0-9844-06A3A7EAE5D6,tcga_lung,LUSC,-0.00115585,-0.36841712
3,TCGA-56-8629-01Z-00-DX1.6F79BFD6-36B0-46F4-918B-2F4FF083E3E3,tcga_lung,LUSC,-0.11667776,-0.22450112
3,TCGA-66-2787-01Z-00-DX1.5a4bb006-181e-417c-9868-4767f68f691a,tcga_lung,LUSC,-0.29752448,-1.05932114
3,TCGA-46-3765-01Z-00-DX1.f45e4e30-e60c-40e5-a0b7-4513c0c37fda,tcga_lung,LUSC,-0.23948076,-0.63783710
3,TCGA-85-8049-01Z-00-DX1.59554c0f-d04a-41f2-b152-654a848b0443,tcga_lung,LUSC,-0.16020215,-0.69615976
3,TCGA-95-7947-01Z-00-DX1.44291078-2D8E-4E79-8FAB-439E52BAAD60,tcga_lung,LUAD,0.09850740,0.36825459
3,TCGA-38-4629-01Z-00-DX1.d00cc280-5370-4b9f-9655-6c35deb94647,tcga_lung,LUAD,0.04662216,0.13524161
3,TCGA-S2-AA1A-01Z-00-DX1.4B5D5FAE-8305-4D2D-B245-584589352886,tcga_lung,LUAD,0.21123448,0.33954079
3,TCGA-55-8097-01Z-00-DX1.2f847b65-a5dc-41be-9dd0-a1e11df3cd10,tcga_lung,LUAD,0.15111208,1.03654778
3,TCGA-05-4250-01Z-00-DX1.90f67fdf-dff9-46ca-af71-0978d7c221ba,tcga_lung,LUAD,-0.00669348,0.45198980
3,TCGA-50-5044-01Z-00-DX1.7E0E651F-411B-4784-B0FA-6EB612527430,tcga_lung,LUAD,0.11268359,-0.24072270
3,TCGA-78-7155-01Z-00-DX1.32258467-7550-4a1b-8df9-a869fb83e559,tcga_lung,LUAD,0.09374017,-0.08361759
3,TCGA-91-A4BD-01Z-00-DX1.2E575CAC-6AEB-4049-972A-EA43457A9C9D,tcga_lung,LUAD,0.14960349,1.04795549
3,TCGA-93-8067-01Z-00-DX1.325d0cd5-9bb5-4f51-a197-75d3c3d19aaf,tcga_lung,LUAD,0.12470376,0.72942275
3,TCGA-44-2655-01Z-00-DX1.ee255271-780c-461c-ab23-5cd3504b5e4a,tcga_lung,LUAD,0.03881133,0.48818016
3,TCGA-67-6217-01Z-00-DX1.3fa5c69b-60d1-41fb-a86f-48f77d81285f,tcga_lung,LUAD,0.12725163,1.27229067
3,TCGA-73-4658-01Z-00-DX1.d5beb44f-9d76-485a-8af4-407b0f1a610e,tcga_lung,LUAD,0.13601696,0.65027896
3,TCGA-55-8203-01Z-00-DX1.f530d261-be19-4ff0-98d0-27b789dffb23,tcga_lung,LUAD,0.17629403,0.52372861
3,TCGA-55-7903-01Z-00-DX1.40fc5dcb-b5bb-46b4-90bd-2eeb3ea880f5,tcga_lung,LUAD,0.08812732,0.55856691
3,TCGA-99-8033-01Z-00-DX1.06f8ca81-c0a7-4ab5-b2fe-d5fc6671e29d,tcga_lung,LUAD,0.07162875,0.12225879
3,TCGA-99-7458-01Z-00-DX1.10ea0b2c-c763-40d1-83a4-3d4ae957fdb0,tcga_lung,LUAD,0.10473293,0.65567677
3,TCGA-49-AAQV-01Z-00-DX1.4CC37621-C952-4684-96E3-9B97CDAD8056,tcga_lung,LUAD,0.13189298,0.63577636
3,TCGA-97-8552-01Z-00-DX1.69631717-0E05-49C1-B112-15C2E36BC2F8,tcga_lung,LUAD,0.15186822,0.51135859
3,TCGA-67-6215-01Z-00-DX1.c014ffaf-6db8-42ef-a50c-9de98d6a5345,tcga_lung,LUAD,0.18953788,1.26450653
3,TCGA-4B-A93V-01Z-00-DX1.C263DC1C-298D-47ED-AAF8-128043828530,tcga_lung,LUAD,0.06260592,0.46449512
3,TCGA-56-7221-01Z-00-DX1.f897f1ee-2796-4183-9312-f47871383327,tcga_lung,LUSC,-0.20605648,-0.61667821
3,TCGA-43-7657-01Z-00-DX1.d8a5d257-c5ca-4192-b6a7-4698b8390fca,tcga_lung,LUSC,-0.15306199,-0.16575174
3,TCGA-53-A4EZ-01Z-00-DX1.5D155F0B-A677-4589-AF00-A4C451F5B6B6,tcga_lung,LUAD,0.08047342,0.37062291
3,TCGA-55-8302-01Z-00-DX1.E0C2B152-BBA9-4AA7-9E6B-BD57B68163CB,tcga_lung,LUAD,0.16838825,0.77683168
3,TCGA-97-7941-01Z-00-DX1.6845ef95-2231-44a2-aeae-004a117f1964,tcga_lung,LUAD,0.17289448,1.01056816
3,TCGA-78-7153-01Z-00-DX1.5190321a-f1aa-4c6e-b4b9-6767b779682b,tcga_lung,LUAD,0.14459985,0.66492948
3,TCGA-64-1681-01Z-00-DX1.fb0244f6-51a8-4da2-b45c-38d8e02edab7,tcga_lung,LUAD,0.12423432,1.26998125
3,TCGA-55-7913-01Z-00-DX1.2295fcc5-70b0-412e-a1fd-b5366fce0739,tcga_lung,LUAD,0.09792751,0.26799349
4,TCGA-LN-A9FQ-01Z-00-DX1.677D150F-7023-40E6-AB99-39CFA35DA23F,tcga_esca,ESCC,-0.10567993,-0.35411495
4,TCGA-JY-A6FA-01Z-00-DX1.F23F28C7-5514-4696-8CA3-30CF367DFEB1,tcga_esca,ESCC,-0.22605860,0.01925848
4,TCGA-L5-A4OR-01Z-00-DX1.28601695-B5D5-4F93-8336-F378B1E4377C,tcga_esca,ESAD,0.37819493,0.58964716
4,TCGA-Z6-AAPN-01Z-00-DX1.345F7431-CD48-40DB-89D6-A419E5BA1679,tcga_esca,ESCC,-0.26022571,-0.18905801
4,TCGA-LN-A49M-01Z-00-DX1.3D8240BD-2689-4CBB-83E9-A83959F948AE,tcga_esca,ESCC,-0.32916403,-0.90224441
4,TCGA-VR-A8ET-01Z-00-DX1.D9A85EDA-4258-4762-B894-8F7F1E30CEF6,tcga_esca,ESCC,-0.25093430,-0.56238858
4,TCGA-R6-A6Y0-01Z-00-DX1.E5DC2FD6-F518-4AEB-BF97-BF018F0F6B28,tcga_esca,ESAD,0.28424245,0.33827935
4,TCGA-L5-A4OU-01Z-00-DX1.104C7782-2C80-41ED-9E22-1628AA649A03,tcga_esca,ESAD,0.18880987,0.22783524
4,TCGA-L5-A4OP-01Z-00-DX1.D56B7379-2BC1-459A-90A7-EF0502CD29CD,tcga_esca,ESAD,0.35512379,0.50317716
4,TCGA-JY-A6FG-01Z-00-DX1.955E1D71-77E6-41A1-9283-949290A82DB4,tcga_esca,ESCC,-0.24264246,-0.40542329
4,TCGA-V5-AASV-01Z-00-DX1.033F6EB7-BC3B-4AEC-A940-074D91AF984B,tcga_esca,ESCC,-0.17991292,-0.11778937
4,TCGA-V5-AASV-01Z-00-DX2.718FD821-E782-4388-83CB-A5E666AF66B1,tcga_esca,ESCC,-0.10248056,-0.03131781
4,TCGA-LN-A4A6-01Z-00-DX1.643DDC8E-17D7-4939-ACE7-438CC2A1BD22,tcga_esca,ESCC,-0.25637949,-0.46863146
4,TCGA-L5-A4OI-01Z-00-DX1.1F7F53B3-17E7-48D2-AF41-51694EEB14F7,tcga_esca,ESAD,0.36370265,0.61954720
4,TCGA-V5-A7RE-01Z-00-DX1.71360DC3-F66C-4C4D-86CA-7964D56974FB,tcga_esca,ESAD,0.39308056,0.81436701
4,TCGA-L5-A4OO-01Z-00-DX1.5F07DBD8-E809-4442-BE86-A30FB7D811AF,tcga_esca,ESAD,0.37322590,0.31627694
4,TCGA-PJ-A8JU-01Z-00-DX1.5A8F60DB-75DD-43DD-B74D-75CA587549B8,tcga_rcc,PRCC,-0.25278032,-0.72680798
4,TCGA-2Z-A9JL-01Z-00-DX1.C99E66C8-3CB7-4F07-B2A4-089187612E38,tcga_rcc,PRCC,-0.36721116,-1.17223857
4,TCGA-DW-7838-01Z-00-DX1.08AE47C1-7A7C-4D7A-A485-13F37341D1AC,tcga_rcc,PRCC,-0.06276405,-0.28954296
4,TCGA-AL-3466-01Z-00-DX2.8E4372BE-42C2-4FD7-9CD8-78CC66E3E434,tcga_rcc,PRCC,-0.23552567,-0.00632786
4,TCGA-AL-3466-01Z-00-DX1.938976FB-8A0A-426B-B673-7C485D28ADF6,tcga_rcc,PRCC,-0.24072713,-0.23387234
4,TCGA-BQ-7062-01Z-00-DX1.f7bc255d-3d16-4e55-a55f-b130a5e32222,tcga_rcc,PRCC,-0.32412720,-1.01696317
4,TCGA-AL-7173-01Z-00-DX1.91ba65ea-9eca-4ee0-b31b-95a3a27cfb81,tcga_rcc,PRCC,-0.16778791,0.19291265
4,TCGA-BP-5198-01Z-00-DX1.3ff31173-5a84-4a07-92cf-2dec884f3c64,tcga_rcc,CCRCC,0.19999355,0.90332746
4,TCGA-CJ-4642-01Z-00-DX1.C21B27E4-341C-471E-8CEE-820348D4F24A,tcga_rcc,CCRCC,0.24446136,0.78243431
4,TCGA-CJ-4905-01Z-00-DX1.D9E4CA77-5766-43EA-83BA-1C70E28661C1,tcga_rcc,CCRCC,0.33237153,0.93124882
4,TCGA-B8-4621-01Z-00-DX1.1b685a91-fb7c-4803-b6c9-3891234d197d,tcga_rcc,CCRCC,-0.26191044,0.04317600
4,TCGA-BP-4768-01Z-00-DX1.f56632b8-79d2-440d-a137-b9f667e4ef54,tcga_rcc,CCRCC,0.27323574,1.04103431
4,TCGA-AK-3460-01Z-00-DX1.022F845F-72ED-482C-8AC6-F0DCF1CA8581,tcga_rcc,CCRCC,0.30002278,0.78988766
4,TCGA-B2-5633-01Z-00-DX1.c55a29ca-468e-46de-9ff5-a51f46fe09fd,tcga_rcc,CCRCC,0.29622275,0.94679549
4,TCGA-BP-4165-01Z-00-DX1.1f8b54d9-1285-4226-a8f4-1ad789cd48c5,tcga_rcc,CCRCC,0.30554736,1.18569327
4,TCGA-AK-3426-01Z-00-DX1.65794348-1156-4211-B63A-AE2FFF1B0C26,tcga_rcc,CCRCC,0.13259721,0.39334646
4,TCGA-CJ-4891-01Z-00-DX1.5E9F7E8F-110A-4A9F-BCD0-9CFBA14E1419,tcga_rcc,CCRCC,0.26632297,0.17293391
4,TCGA-CJ-4876-01Z-00-DX1.CE682056-925D-456B-AD68-53975CC082D5,tcga_rcc,CCRCC,0.23366070,1.02255600
4,TCGA-BP-5009-01Z-00-DX1.54e2bdc1-1010-4f1f-9eea-e4a7e2c12341,tcga_rcc,CCRCC,0.26804417,1.09787902
4,TCGA-B0-4810-01Z-00-DX1.c3874ffc-31ff-41c3-a474-48e2ff90783c,tcga_rcc,CCRCC,0.27876586,1.21132240
4,TCGA-BP-4158-01Z-00-DX1.ac231cfd-4baa-4e4e-80ca-acc51255bd91,tcga_rcc,CCRCC,0.34723186,1.36717420
4,TCGA-CJ-4868-01Z-00-DX1.95E8398F-7709-42F0-9F2B-2D185B4429AE,tcga_rcc,CCRCC,0.24806798,0.57030868
4,TCGA-B9-A8YH-01Z-00-DX1.DCA30E64-FDE3-49EE-99FB-00EEEDC0420B,tcga_rcc,PRCC,-0.30502909,-1.06597013
4,TCGA-2Z-A9JO-01Z-00-DX1.FAD98648-643A-40A0-8D93-5A0582812268,tcga_rcc,PRCC,0.03630370,0.13041641
4,TCGA-GL-A9DD-01Z-00-DX1.5D3D0A33-11D9-4820-8EA0-C22BE8DC125E,tcga_rcc,PRCC,-0.22032750,-0.95088882
4,TCGA-A4-7915-01Z-00-DX1.856b7fe5-bb58-48a4-a967-52d4e947a814,tcga_rcc,PRCC,-0.22932369,-0.41661398
4,TCGA-SX-A7SL-01Z-00-DX1.A3C414EF-9AB0-43E0-A833-D1782B633F07,tcga_rcc,PRCC,-0.26190752,-0.42225417
4,TCGA-B3-A6W5-01Z-00-DX1.96E31A69-6D56-4520-8AF3-C083FB49A7DB,tcga_rcc,PRCC,-0.22612274,-0.89121641
4,TCGA-B3-A6W5-01Z-00-DX2.B7C13C84-9D45-4285-8D7F-8FE148E9F42F,tcga_rcc,PRCC,0.21014673,-0.28542466
4,TCGA-G7-6796-01Z-00-DX1.ec889984-0ec3-44fe-99ae-a8f3ddcf5e52,tcga_rcc,PRCC,-0.06803423,-0.04070449
4,TCGA-B9-4116-01Z-00-DX1.96946ff8-f67c-42ce-a75a-5e901bc02c1d,tcga_rcc,PRCC,-0.41975591,-1.31871736
4,TCGA-UZ-A9PO-01Z-00-DX1.FEE0D89A-5E44-48C2-AC7E-00D60D5E01CB,tcga_rcc,PRCC,-0.27564561,-0.89474469
4,TCGA-B0-4827-01Z-00-DX1.c08eeafe-d2d4-41d1-a8f5-eacd1b0e601f,tcga_rcc,CCRCC,0.32948762,1.17010603
4,TCGA-A3-3329-01Z-00-DX1.4da187d6-f0d4-4f4b-95d3-c12d660d4bb2,tcga_rcc,CCRCC,0.34408456,1.41156795
4,TCGA-V9-A7HT-01Z-00-DX1.128997AA-B00E-48BA-8936-4F3A65C6A6E3,tcga_rcc,PRCC,-0.20371681,-0.27895639
4,TCGA-B8-A54J-01Z-00-DX1.D9DA4491-BC23-4AA4-92CB-26956C78A034,tcga_rcc,CCRCC,0.33815521,0.95898470
4,TCGA-B0-4816-01Z-00-DX1.6cc0b334-b885-4cdc-a2a8-cd3efaa2e241,tcga_rcc,CCRCC,0.23414749,1.17270111
4,TCGA-CZ-5456-01Z-00-DX1.65910977-0870-43cf-8a78-91dd8a289312,tcga_rcc,CCRCC,0.28351104,1.11931038
4,TCGA-A3-3324-01Z-00-DX1.43959e95-b823-4614-9552-52a432f7d115,tcga_rcc,CCRCC,0.18989509,0.80332064
4,TCGA-B0-5400-01Z-00-DX1.2f9e8c7f-9e35-493d-ae23-f13782a2c5c2,tcga_rcc,CCRCC,0.24933773,1.04941378
4,TCGA-BP-4994-01Z-00-DX1.87afea97-277f-4eac-a82c-64570d27cea7,tcga_rcc,CCRCC,0.18540037,0.34443636
4,TCGA-BP-4326-01Z-00-DX1.1e6bb223-08df-4fb9-ba08-c354cd0190d0,tcga_rcc,CCRCC,0.26880598,0.47614797
4,TCGA-BP-4173-01Z-00-DX1.caac2fb6-767e-4e13-87d4-1a8b9558120b,tcga_rcc,CCRCC,0.25124586,0.98892125
4,TCGA-B0-4707-01Z-00-DX1.861325d7-cd42-4564-87f7-53deccc410d8,tcga_rcc,CCRCC,0.29690337,0.87890412
4,TCGA-CJ-6027-01Z-00-DX1.ADA07C08-C97A-4F41-9467-8F4F49F96EDA,tcga_rcc,CCRCC,0.12382334,0.28705405
4,TCGA-B0-4811-01Z-00-DX1.8872dd8e-d119-4928-8639-801bf89ddd6a,tcga_rcc,CCRCC,0.25738120,0.56317597
4,TCGA-B2-4098-01Z-00-DX1.d0dbc3f3-d381-4e80-954f-57aebb2c7103,tcga_rcc,CCRCC,-0.35418999,-1.20446034
4,TCGA-P4-A5ED-01Z-00-DX1.A7EA95E0-6B91-40AD-AB13-10A21EC5EF38,tcga_rcc,PRCC,-0.22831064,-0.50211125
4,TCGA-DV-5568-01Z-00-DX1.a93bd551-4146-493a-afeb-653ba63a95c1,tcga_rcc,CCRCC,0.34495240,0.99071503
4,TCGA-BP-4992-01Z-00-DX1.3f676d40-00de-4eb4-971d-6b93ed165cf5,tcga_rcc,CCRCC,0.24920934,0.70623269
4,TCGA-AK-3445-01Z-00-DX1.FAD9A2F0-BDF8-445B-93C2-70AE41E246FB,tcga_rcc,CCRCC,0.24335569,0.31295884
4,TCGA-B0-5710-01Z-00-DX1.1d30af81-4ce1-4574-9bca-c8f3e1f7f209,tcga_rcc,CCRCC,0.29015863,0.96548821
4,TCGA-BP-4797-01Z-00-DX1.ede57976-a7d8-4534-bba3-3a3472fefd62,tcga_rcc,CCRCC,0.25509000,0.82724249
4,TCGA-CJ-4641-01Z-00-DX1.887252E8-C300-4DB2-A6D2-BA47AC6EFBB2,tcga_rcc,CCRCC,0.03663617,0.37425933
4,TCGA-B0-5106-01Z-00-DX1.564e51a3-be50-4eed-ba9c-4d478b96ffc6,tcga_rcc,CCRCC,0.12855113,1.15816722
4,TCGA-B8-A7U6-01Z-00-DX1.43BCA7B2-823E-4F38-BCF0-865E0FFF892A,tcga_rcc,CCRCC,0.30313963,0.42128050
4,TCGA-MM-A563-01Z-00-DX1.97A1F7D9-4156-4061-88BB-31EF1FC7B7F9,tcga_rcc,CCRCC,0.17845714,0.29495240
4,TCGA-T7-A92I-01Z-00-DX3.FC717D92-13BD-4968-8E82-0CC53EB6D5D1,tcga_rcc,CCRCC,0.20434880,0.09299287
4,TCGA-T7-A92I-01Z-00-DX2.87A6A24E-42E3-4107-AE91-369C0D168556,tcga_rcc,CCRCC,0.18224317,0.16369614
4,TCGA-T7-A92I-01Z-00-DX1.3B036C1D-F8A7-475F-9830-C0972AD3889F,tcga_rcc,CCRCC,0.20528269,0.15069520
4,TCGA-B8-4620-01Z-00-DX1.dc9f48a4-0c88-49c7-ae2e-92d3b5c74b16,tcga_rcc,CCRCC,0.33321238,1.15893592
4,TCGA-BP-4330-01Z-00-DX1.9d3bec1f-552e-4515-b467-828b8f76503d,tcga_rcc,CCRCC,0.36439627,1.21440835
4,TCGA-CJ-4895-01Z-00-DX1.C4089710-6CCB-4591-ACF6-B0AAC187690F,tcga_rcc,CCRCC,0.33857417,1.04136900
4,TCGA-B0-5117-01Z-00-DX1.d847a765-e0f0-4dfe-89e6-d85a1145e3ad,tcga_rcc,CCRCC,0.19820035,0.77758064
4,TCGA-B4-5834-01Z-00-DX1.2E194BF6-D66C-45B3-B8A3-4ED429A3022A,tcga_rcc,CCRCC,0.36214513,1.40973788
4,TCGA-B0-4845-01Z-00-DX1.1d063483-26f6-4534-9fb0-f66f5d46a38c,tcga_rcc,CCRCC,0.32231903,1.19174498
4,TCGA-CZ-5988-01Z-00-DX1.7ba4c0f1-0301-4128-819a-15958727dba7,tcga_rcc,CCRCC,0.16736054,0.89419663
4,TCGA-BP-5008-01Z-00-DX1.55205080-0d2f-4abb-a2bf-9c0044b40a81,tcga_rcc,CCRCC,0.24717474,0.52811378
4,TCGA-BP-4335-01Z-00-DX1.95cac7ed-483b-40d7-8bbc-dcd0920cc342,tcga_rcc,CCRCC,0.31728649,1.27258651
4,TCGA-BP-4986-01Z-00-DX1.5ec99523-8b9a-482a-8e74-f5b9a076a986,tcga_rcc,CCRCC,0.36715251,0.98024947
4,TCGA-G7-6790-01Z-00-DX1.273810f2-dee2-4dc9-a8bd-9cbbacd8af3a,tcga_rcc,PRCC,-0.32230136,-0.24658431
4,TCGA-PJ-A5Z9-01Z-00-DX1.2461740D-4E9C-422A-9138-F4C9937D36E1,tcga_rcc,PRCC,-0.34303573,-1.23096241
4,TCGA-J7-A8I2-01Z-00-DX1.66EECFED-1C22-4155-9B78-833E8E620F32,tcga_rcc,PRCC,-0.14039630,-0.03444448
4,TCGA-SX-A71S-01Z-00-DX1.7E7ED612-4BB0-4599-9BBA-8E0F8F5C66D1,tcga_rcc,PRCC,-0.08693665,-0.48042666
4,TCGA-P4-A5E6-01Z-00-DX1.1EDE26CC-47BE-4931-807C-51D1C469670F,tcga_rcc,PRCC,-0.38520968,-1.06492074
4,TCGA-A4-A48D-01Z-00-DX1.005D0B63-B612-4273-86B5-DBAE5246024C,tcga_rcc,PRCC,-0.30275810,-0.62602939
4,TCGA-B9-4115-01Z-00-DX1.39db8eab-aa1c-4a31-9577-f19eebdbba93,tcga_rcc,PRCC,-0.07889670,-0.52545571
4,TCGA-4A-A93W-01Z-00-DX1.3F8E704D-C10C-451F-8CDD-328BDBEEFAF2,tcga_rcc,PRCC,-0.29454619,-1.05378675
4,TCGA-A2-A3XW-01Z-00-DX1.45F5F36F-5503-4A38-AF37-E526915A8DBE,tcga_brca,IDC,0.04238820,0.78688034
4,TCGA-AN-A0FL-01Z-00-DX1.20A041C6-A306-4599-A7D1-65032A252AA9,tcga_brca,IDC,0.14855987,0.57662589
4,TCGA-A2-A0CQ-01Z-00-DX1.4E5FB4E5-A08C-4C87-A3BE-0640A95AE649,tcga_brca,IDC,0.10420913,1.02294363
4,TCGA-A8-A07R-01Z-00-DX1.D716752E-86AF-468B-A905-A7894B978F22,tcga_brca,IDC,0.10968083,0.81120810
4,TCGA-EW-A3E8-01Z-00-DX1.E185B2E4-3E16-4C66-90D7-FDB9A14BA00D,tcga_brca,ILC,-0.05549663,-0.30161136
4,TCGA-JL-A3YW-01Z-00-DX1.827C5C53-9C30-4307-802A-5A7896828A7F,tcga_brca,ILC,0.15963733,0.76646722
4,TCGA-BH-A18U-01Z-00-DX1.63940315-59BC-462B-87A8-2BBB33C9503E,tcga_brca,IDC,0.12403578,0.93861326
4,TCGA-LL-A5YL-01Z-00-DX1.164C74AB-87D5-46CC-9D96-33FE1F88DC80,tcga_brca,ILC,-0.03375542,-0.13427080
4,TCGA-D8-A1J9-01Z-00-DX2.E1C59487-9563-4501-845F-2067A0C5C59B,tcga_brca,IDC,0.10203409,0.60572994
4,TCGA-D8-A1J9-01Z-00-DX1.F81FA9EF-8129-4E17-A9AD-2B850782CC18,tcga_brca,IDC,0.09138358,0.59094494
4,TCGA-E2-A56Z-01Z-00-DX1.EC28E279-B869-4485-A19F-C732D4CCD374,tcga_brca,IDC,0.13199055,0.74983543
4,TCGA-E2-A1LA-01Z-00-DX1.AE49E943-B830-4ED9-B09E-E499441BC2EC,tcga_brca,IDC,0.10723263,0.58319910
4,TCGA-D8-A1XK-01Z-00-DX1.41EB1BBC-F230-4E3F-8C4E-CE331CAF1935,tcga_brca,IDC,0.13099536,0.39125826
4,TCGA-D8-A1X9-01Z-00-DX1.28CE7849-EEC5-4ABB-A319-A977A1FD3CD1,tcga_brca,IDC,0.15953076,1.24333227
4,TCGA-D8-A1J8-01Z-00-DX1.EADAB43A-87C6-47FA-9120-25B69E23366D,tcga_brca,IDC,0.12661171,1.09179566
4,TCGA-D8-A1J8-01Z-00-DX2.5DCB3447-548D-442C-86B1-CEF79B8689DF,tcga_brca,IDC,0.13807064,0.90759497
4,TCGA-A7-A0CD-01Z-00-DX2.609CED8D-5947-4753-A75B-73A8343B47EC,tcga_brca,IDC,-0.09474269,0.17285054
4,TCGA-A7-A0CD-01Z-00-DX1.F045B9C8-049C-41BF-8432-EF89F236D34D,tcga_brca,IDC,0.03785807,0.48259055
4,TCGA-E2-A572-01Z-00-DX1.7DDF1C25-58E2-4AF9-B831-598222A4E85D,tcga_brca,IDC,-0.00609779,0.24879814
4,TCGA-A2-A259-01Z-00-DX1.7289CD72-CB74-41D4-B4AC-4EA5FDFEC666,tcga_brca,IDC,0.11625963,0.43288731
4,TCGA-BH-A1FE-01Z-00-DX1.8FB57ECF-350B-44E4-8612-63E8374D3C4B,tcga_brca,IDC,0.10186476,0.48499409
4,TCGA-B6-A0RT-01Z-00-DX1.6C2BA663-D61B-404B-B62C-B81747B6A3AC,tcga_brca,IDC,0.05518746,0.31499406
4,TCGA-B6-A0WX-01Z-00-DX1.1C4F7BCC-8423-4941-9490-0F35038E1878,tcga_brca,ILC,-0.01507175,0.13077501
4,TCGA-B6-A0IH-01Z-00-DX1.3463B12E-D1B0-4FB2-B257-BFD63BA2B6BF,tcga_brca,ILC,-0.08828336,-0.42707987
4,TCGA-AR-A2LJ-01Z-00-DX1.9D6257FA-2767-4640-9252-9BE18BD9D158,tcga_brca,ILC,-0.03834033,-0.28534576
4,TCGA-A8-A093-01Z-00-DX1.1C8056D1-11CD-482D-9A23-3A9D1B4E63F0,tcga_brca,IDC,0.06978297,0.56386276
4,TCGA-E9-A1R5-01Z-00-DX1.b870d5eb-6259-4b49-86e4-569a9e32ecd5,tcga_brca,IDC,0.10382706,0.69868135
4,TCGA-AN-A0AL-01Z-00-DX1.D9E446A3-175F-4242-AFC1-78FFE3FC9AC4,tcga_brca,IDC,0.20202905,0.69314147
4,TCGA-E2-A1IE-01Z-00-DX1.D6BF29A7-4FBD-4F7D-B093-991FA0F49FE8,tcga_brca,IDC,0.08883852,0.72567014
4,TCGA-A7-A4SA-01Z-00-DX1.B48FFD3E-9B45-4CEA-ACEE-5B08058CCF5F,tcga_brca,ILC,-0.05705976,-0.36431786
4,TCGA-D8-A13Y-01Z-00-DX2.0043D2BB-B04D-4A44-AAB1-1CAAD97AC246,tcga_brca,IDC,0.14784038,0.99741324
4,TCGA-D8-A13Y-01Z-00-DX1.02321E77-A11E-41A5-95FE-BB897EA5CE58,tcga_brca,IDC,0.14441967,0.84945054
4,TCGA-A7-A4SE-01Z-00-DX1.16BC8401-E40E-4A1A-9BD9-12735C9AE3F6,tcga_brca,IDC,0.06938630,0.56785914
4,TCGA-E9-A1R2-01Z-00-DX1.5529C856-4F4F-4F17-94A2-5CEF94A940EB,tcga_brca,IDC,0.07256746,0.77756493
4,TCGA-BH-A0EI-01Z-00-DX1.929E126A-C9F8-4240-BF00-B6C4A57B7FF6,tcga_brca,IDC,0.05340689,0.41098393
4,TCGA-BH-A0BZ-01Z-00-DX1.45EB3E93-A871-49C6-9EAE-90D98AE01913,tcga_brca,IDC,0.10377014,0.84090648
4,TCGA-C8-A131-01Z-00-DX1.5CB27A29-9951-40B9-B4DB-26A4D2EA89B8,tcga_brca,IDC,0.26104420,-0.02190223
4,TCGA-AC-A6IX-01Z-00-DX1.45B63C4F-9DC3-4CED-9DF9-0F86E647BEA3,tcga_brca,ILC,-0.06404048,-0.34118809
4,TCGA-E2-A14N-01Z-00-DX1.15F5644F-CA9F-4688-B56E-BCC00CA4769B,tcga_brca,IDC,0.15746468,0.93624660
4,TCGA-E2-A15A-01Z-00-DX1.B9D22735-FE9F-46D9-84E6-0C71A1BF84D6,tcga_brca,IDC,0.03949320,0.18253665
4,TCGA-C8-A26Z-01Z-00-DX1.1A15D951-F3BD-4024-91DD-E7633C09A837,tcga_brca,IDC,0.16182345,1.24475676
4,TCGA-E2-A1BD-01Z-00-DX1.A2AFF7AD-ED47-43E4-87FE-62882BAEB8DA,tcga_brca,IDC,0.08327782,1.01352742
4,TCGA-D8-A1JB-01Z-00-DX1.6CF48257-066C-4B8C-91AA-30A6B4AD4307,tcga_brca,IDC,-0.03402305,0.20601232
4,TCGA-GM-A2DM-01Z-00-DX1.652038F4-C370-40EB-A545-51062783C74C,tcga_brca,IDC,0.18824974,0.74399644
4,TCGA-AR-A1AN-01Z-00-DX1.1118F9FE-6DF2-4496-B102-D3A10D332EC0,tcga_brca,IDC,0.10192347,0.68343387
4,TCGA-C8-A273-01Z-00-DX1.6E5D581F-DF80-478D-82D1-6D6525EED1B5,tcga_brca,IDC,0.15689456,1.10703248
4,TCGA-EW-A6SC-01Z-00-DX1.C2D50E7C-3AD0-4038-9A1C-CAE54A3FBE2F,tcga_brca,ILC,-0.03158456,-0.07463630
4,TCGA-D8-A1JU-01Z-00-DX1.355D93B4-E69E-417C-B3D1-3E1AAF1E02FE,tcga_brca,IDC,0.04366213,0.41319208
4,TCGA-A8-A07B-01Z-00-DX1.950B5E4E-C5F0-4445-9F88-E8C32CDFE6DA,tcga_brca,IDC,0.05433345,0.41667077
4,TCGA-AC-A2FO-01Z-00-DX1.46929316-D7ED-4D69-B068-409BFFBCEC4D,tcga_brca,ILC,-0.08515936,-0.28325860
4,TCGA-E9-A1ND-01Z-00-DX1.5C2F5250-A3B2-4B97-9E11-56CF3C7CA2DB,tcga_brca,IDC,0.11778995,0.14672244
4,TCGA-BH-A0DK-01Z-00-DX1.0CFED53C-BAD9-4E35-B12F-57E64F3FEF1C,tcga_brca,IDC,0.04224378,0.75519266
4,TCGA-A8-A06R-01Z-00-DX1.41476D0D-BA72-4FB8-B143-9EB679F26D28,tcga_brca,IDC,0.09120041,0.79141479
4,TCGA-AR-A1AT-01Z-00-DX1.6ED69002-2CC1-4AD4-9573-B245D7C2D060,tcga_brca,ILC,0.07810926,0.27496968
4,TCGA-A2-A0YL-01Z-00-DX1.69A438C7-B1E0-4990-B1E6-586C551DC79C,tcga_brca,ILC,-0.03511655,-0.16451033
4,TCGA-A2-A1FX-01Z-00-DX1.35B93F3A-9959-4D72-A702-08B27563D24F,tcga_brca,IDC,0.05012608,-0.03946002
4,TCGA-E2-A105-01Z-00-DX1.192813F9-2D7B-40C7-88D9-BFA939D43FEE,tcga_brca,IDC,0.11096859,0.75764822
4,TCGA-A8-A07C-01Z-00-DX1.1F069BCA-D2B3-49CF-81FD-9EBA49A3439F,tcga_brca,IDC,0.06522334,0.37910746
4,TCGA-EW-A6SA-01Z-00-DX1.DE032DD7-169D-4AA2-A4E0-1EFC158431FA,tcga_brca,IDC,0.12732524,0.66898020
4,TCGA-AR-A1AR-01Z-00-DX1.E7B7F6F0-9CC0-4D4F-8C9F-443A74D2BE40,tcga_brca,IDC,-0.03692794,0.20756512
4,TCGA-E2-A152-01Z-00-DX1.B0860DEB-D34B-4C5D-97F5-C1C646437424,tcga_brca,IDC,0.05894196,0.46276243
4,TCGA-XX-A899-01Z-00-DX1.08FE27B7-73B8-4CE3-ACF4-0689C81C140B,tcga_brca,ILC,-0.04800636,-0.23824505
4,TCGA-E9-A227-01Z-00-DX1.823062BF-3444-489B-AF91-AAD4ECAA1DC7,tcga_brca,IDC,0.05441934,1.04546306
4,TCGA-5L-AAT0-01Z-00-DX1.5E171263-30BF-4C6B-88A1-E8EA0522A861,tcga_brca,ILC,0.00534698,0.34953965
4,TCGA-BH-A18M-01Z-00-DX1.56E6935A-62CB-4CBE-BDCA-60DA56422CE0,tcga_brca,IDC,0.11684394,0.81018322
4,TCGA-E2-A15F-01Z-00-DX1.F022214A-3F0C-4DA4-A0EE-735D27480A45,tcga_brca,IDC,0.06713021,0.68430682
4,TCGA-A2-A0YG-01Z-00-DX1.89A39319-F880-47DE-B311-DA1F6A64B6F3,tcga_brca,IDC,0.09811538,0.89311672
4,TCGA-D8-A1XB-01Z-00-DX1.DA8E2FA4-DBBA-4157-8052-B90FB3BB58F1,tcga_brca,IDC,0.07308418,0.62974997
4,TCGA-D8-A1XB-01Z-00-DX2.B262C269-F22B-4306-8195-079C0874EF8E,tcga_brca,IDC,0.11724329,0.53690303
4,TCGA-B6-A0RM-01Z-00-DX1.31DE3E32-7996-4D30-BB5F-72C94409C940,tcga_brca,IDC,0.15460765,0.96850846
4,TCGA-C8-A12V-01Z-00-DX1.84B29360-B87B-4648-A697-B6610336C2BB,tcga_brca,IDC,0.14329994,0.48786649
4,TCGA-AC-A3W7-01Z-00-DX1.189BB448-ECBA-4042-8A35-4B787271E8FE,tcga_brca,ILC,-0.07593799,-0.12946526
4,TCGA-AR-A24K-01Z-00-DX1.3A56BAEC-484E-4F9B-BCB4-360ABF6DDB4B,tcga_brca,IDC,0.14687490,1.04044754
4,TCGA-A8-A09B-01Z-00-DX1.97CCDA89-AB73-4F05-A900-668160227B78,tcga_brca,IDC,0.11036479,0.70422198
4,TCGA-A8-A09C-01Z-00-DX1.19E0C0E9-0ED6-4E3A-95FE-A5778F5DDBCD,tcga_brca,IDC,0.08195430,0.80841654
4,TCGA-A2-A0CV-01Z-00-DX1.B02D017A-61CD-45FE-BB31-705CD127DDAB,tcga_brca,IDC,0.06319058,0.77839443
4,TCGA-A8-A06N-01Z-00-DX1.E25E65F8-DFE0-47CF-9FAB-B82EE8E321F7,tcga_brca,IDC,0.18037269,0.46973227
4,TCGA-A2-A0T2-01Z-00-DX1.29A5C4C8-6AE8-44EE-98C2-ACBCBFBE9D60,tcga_brca,IDC,0.11288035,0.55823332
4,TCGA-XX-A89A-01Z-00-DX1.671E2AD6-4D1A-4579-88C1-5B0B15818126,tcga_brca,ILC,-0.06170428,-0.54125942
4,TCGA-Z7-A8R5-01Z-00-DX1.3BDB407F-514C-4131-B058-FA1E69154276,tcga_brca,ILC,-0.04903257,0.02623614
4,TCGA-C8-A12T-01Z-00-DX1.EF628C26-C570-4D15-A0C0-58B2CC40ABFC,tcga_brca,IDC,0.14347196,0.74264455
4,TCGA-A8-A06O-01Z-00-DX1.FA4495B2-5B13-4448-ADCB-EF5316E0955B,tcga_brca,IDC,0.06616312,0.76899305
4,TCGA-A8-A07W-01Z-00-DX1.5970CF33-D675-4AF4-800F-7182AA1A44A6,tcga_brca,IDC,0.11128986,1.09366925
4,TCGA-E2-A1LL-01Z-00-DX1.D1AA1613-902C-4579-9612-48A76042B0AE,tcga_brca,IDC,0.14539889,0.41408606
4,TCGA-BH-A1EU-01Z-00-DX1.5A0956EF-0100-47FD-9026-1994CF22D0F1,tcga_brca,IDC,0.03639859,0.52577224
4,TCGA-EW-A1OY-01Z-00-DX1.42AF5C9A-A90F-4A58-B5D4-B615F8CD4333,tcga_brca,IDC,0.12338239,0.63390711
4,TCGA-E2-A15H-01Z-00-DX1.E3A9DFDC-204D-4F03-98D9-97BBBB74E840,tcga_brca,IDC,0.05279380,0.30160959
4,TCGA-AR-A0TQ-01Z-00-DX1.2BEA298C-6B3D-4133-ADBC-769E62CEFFA0,tcga_brca,IDC,0.10268629,0.95198974
4,TCGA-E9-A1R3-01Z-00-DX1.779642c7-b3b0-4ff2-af97-201d4bcfc197,tcga_brca,IDC,0.09051949,0.70612160
4,TCGA-E2-A14T-01Z-00-DX1.61B4C988-6D75-447B-A5F4-9DE92CEACC9F,tcga_brca,IDC,0.11666721,1.04997599
4,TCGA-AR-A1AU-01Z-00-DX1.F06647D1-E5A3-46FE-8537-01A10A08A4EC,tcga_brca,IDC,0.12504721,0.81029119
4,TCGA-A8-A08R-01Z-00-DX1.72FBD9A3-5EB9-4855-89EB-697883C2EA9B,tcga_brca,IDC,0.26240396,0.82860441
4,TCGA-LL-A6FP-01Z-00-DX1.6261398A-7288-4924-BBE2-FC1949256E40,tcga_brca,ILC,-0.06614542,0.15604142
4,TCGA-A2-A0SV-01Z-00-DX1.F5645E47-3540-4753-AF5D-F5709BD8DFC1,tcga_brca,IDC,0.07178825,0.77312646
4,TCGA-37-3783-01Z-00-DX1.08a2c536-e48d-416c-bcad-9db7b2c04c1a,tcga_lung,LUSC,0.14825463,0.07499918
4,TCGA-33-AASB-01Z-00-DX1.7AAF5628-3B4D-4230-8375-AB1A51054466,tcga_lung,LUSC,-0.02736562,0.06810061
4,TCGA-22-1016-01Z-00-DX1.807510FD-222D-4E65-B261-3EB0815F8A50,tcga_lung,LUSC,-0.20846641,-0.55961874
4,TCGA-92-8063-01Z-00-DX1.692a8000-846e-4ed7-b790-b3281acb9dec,tcga_lung,LUSC,-0.15145302,-0.46351250
4,TCGA-52-7810-01Z-00-DX1.54fcdfff-c1ac-4427-bb33-54959695134f,tcga_lung,LUSC,-0.17157212,-0.84248689
4,TCGA-98-7454-01Z-00-DX1.2d81415b-5edd-4dd8-b17b-849d732da4cd,tcga_lung,LUSC,-0.01375103,-0.19799800
4,TCGA-56-6546-01Z-00-DX1.4fecf41b-6757-4c0d-98c4-24b9a65144f1,tcga_lung,LUSC,-0.01423466,0.08282249
4,TCGA-56-1622-01Z-00-DX1.d4178664-1e21-452f-9dbf-1b23467ddabc,tcga_lung,LUSC,-0.16342312,0.00925269
4,TCGA-52-7809-01Z-00-DX1.91f184ce-e4e1-42da-bdbc-36d6781bbf31,tcga_lung,LUSC,-0.07412076,-0.33635536
4,TCGA-68-8251-01Z-00-DX1.9d453881-d5b3-4527-93fa-799f34ba2c8f,tcga_lung,LUSC,-0.13071650,-0.07071722
4,TCGA-77-6844-01Z-00-DX1.5ace8702-ea00-4e0d-84e8-6615fc361f5a,tcga_lung,LUSC,-0.16586566,-1.33168866
4,TCGA-34-A5IX-01Z-00-DX1.E10EE7FC-91EA-4A39-8B1B-1312C8D9620B,tcga_lung,LUSC,-0.17857713,-0.60432169
4,TCGA-NC-A5HK-01Z-00-DX1.9CC2445A-D1EA-4E6E-96CF-710D2CDA073B,tcga_lung,LUSC,0.00567663,-0.22884962
4,TCGA-85-A4PA-01Z-00-DX1.00AF818F-39BA-4EA7-8873-9B6C4F2D2141,tcga_lung,LUSC,-0.26966807,-0.57847904
4,TCGA-77-8009-01Z-00-DX1.54adaaba-ddce-4480-9b22-af8e8a85d1d9,tcga_lung,LUSC,-0.15094733,-0.61925405
4,TCGA-43-7656-01Z-00-DX1.6076ce10-fcb2-4f29-b3f3-c3f5649dc469,tcga_lung,LUSC,-0.10358143,-0.34590819
4,TCGA-85-8582-01Z-00-DX1.ac10318b-f56e-4897-8355-076366fe8581,tcga_lung,LUSC,-0.21801597,-0.66691922
4,TCGA-XC-AA0X-01Z-00-DX1.61A34BE0-F16B-4EC1-8E7F-7BF94F6629F4,tcga_lung,LUSC,-0.17379481,-0.17267542
4,TCGA-46-3766-01Z-00-DX1.5870b2ed-78f0-4f68-b01e-2ef6d5353b57,tcga_lung,LUSC,-0.14909422,-0.38297750
4,TCGA-33-4533-01Z-00-DX5.b26513d1-9454-4332-b7d4-126ea4ff6b7a,tcga_lung,LUSC,-0.20767701,-0.41025291
4,TCGA-33-4533-01Z-00-DX4.b7cd127e-4d9c-45dc-bd5e-e95343819e4c,tcga_lung,LUSC,-0.11192065,-0.03723089
4,TCGA-33-4533-01Z-00-DX2.2dad01a3-daa7-45d9-8c74-97ea5e707524,tcga_lung,LUSC,-0.13499117,-0.25798656
4,TCGA-33-4533-01Z-00-DX3.5d3d54fc-2bee-4a9e-b9cd-d3ed84b55ef0,tcga_lung,LUSC,-0.13830358,0.03023253
4,TCGA-33-4533-01Z-00-DX1.ee36717d-0571-40b3-8ab5-5465d2cca920,tcga_lung,LUSC,-0.17082745,0.25346454
4,TCGA-56-8308-01Z-00-DX1.48CAE02B-05B1-4681-B68C-DD32C414FD2D,tcga_lung,LUSC,-0.20946562,-0.45211589
4,TCGA-22-1000-01Z-00-DX1.D2ACF3D3-6187-49A1-ABBC-8D8E611EEE55,tcga_lung,LUSC,-0.23333681,-0.51620059
4,TCGA-56-A5DR-01Z-00-DX1.F8F196F2-9380-490E-9D77-ABAC1E58BC5C,tcga_lung,LUSC,-0.25886729,-0.81667462
4,TCGA-85-8354-01Z-00-DX1.C9188133-08F4-43DD-BB60-6F7293CDB5B9,tcga_lung,LUSC,-0.25491017,-0.64987378
4,TCGA-52-7811-01Z-00-DX1.7093a626-0e8f-4e4c-80c6-6cf32a2f725e,tcga_lung,LUSC,-0.12898105,-0.61646643
4,TCGA-92-7341-01Z-00-DX1.6ecbb768-fde4-4f41-8e28-bc5be860825f,tcga_lung,LUSC,-0.26684123,-0.17063960
4,TCGA-68-7755-01Z-00-DX1.62BC3770-5E81-4006-8F60-47BC66150AB3,tcga_lung,LUSC,-0.28275877,-0.50189561
4,TCGA-NC-A5HP-01Z-00-DX1.655093A9-AAA7-4637-A33E-90FE3AE2FC43,tcga_lung,LUSC,-0.10760283,-0.32397263
4,TCGA-66-2754-01Z-00-DX1.3cd19122-06f3-420e-9c3f-362225ff49eb,tcga_lung,LUSC,0.02800328,0.19765423
4,TCGA-33-A4WN-01Z-00-DX2.0AC8FFA9-BD94-4B28-8066-5430D6053432,tcga_lung,LUSC,0.00277686,0.27165277
4,TCGA-33-A4WN-01Z-00-DX1.438D0EF6-C329-41E5-A7D5-7F037DE34106,tcga_lung,LUSC,-0.11592019,-0.06914666
4,TCGA-33-4583-01Z-00-DX5.e2724cf8-d3fd-4ad2-9732-4ba02220d053,tcga_lung,LUSC,0.03832775,0.15166843
4,TCGA-33-4583-01Z-00-DX1.c5e3071e-a941-46db-a987-74a059ee6d69,tcga_lung,LUSC,0.03791469,0.00002335
4,TCGA-33-4583-01Z-00-DX2.8fc10fa1-82b8-49c5-972b-e4303b4293a7,tcga_lung,LUSC,-0.24468923,-0.22915276
4,TCGA-33-4583-01Z-00-DX4.efa9cdaf-3a6a-4e31-9826-e90f6f3420b7,tcga_lung,LUSC,-0.00845844,-0.17331991
4,TCGA-33-4583-01Z-00-DX3.f802363d-0e77-450e-bf45-928629c66e23,tcga_lung,LUSC,0.11998868,0.04583248
4,TCGA-56-7822-01Z-00-DX1.c387e241-ff4c-44ef-af45-12a85066f0ce,tcga_lung,LUSC,-0.18891811,-0.83196978
4,TCGA-55-8089-01Z-00-DX1.da4d99ff-4a7c-45a3-b79c-039c0c9e9712,tcga_lung,LUAD,-0.01839411,0.14373182
4,TCGA-44-6777-01Z-00-DX1.aca7b23d-a601-4476-8bfd-eb46f0b6a96e,tcga_lung,LUAD,0.04518223,0.40164051
4,TCGA-49-AAR9-01Z-00-DX1.B6A9966E-89B8-404B-8ABC-1F8F8553D4DA,tcga_lung,LUAD,0.11469761,0.34254653
4,TCGA-86-7714-01Z-00-DX1.8ee03c3b-013e-4dd5-aa0e-9c1a771cbdc5,tcga_lung,LUAD,0.22193184,1.20366248
4,TCGA-78-7163-01Z-00-DX1.42880bdf-271d-41dd-aada-e7ec1156ff31,tcga_lung,LUAD,0.22925559,0.52903332
4,TCGA-86-8281-01Z-00-DX1.02237263-003b-4de1-8a2f-0f3ad14768c7,tcga_lung,LUAD,0.21775702,1.14325875
4,TCGA-49-AAR4-01Z-00-DX1.EDB32358-AF23-4F81-A99F-15574A2DE28E,tcga_lung,LUAD,0.14416659,0.10302104
4,TCGA-99-8025-01Z-00-DX1.76d4e012-91a7-4f1d-ba0f-4cecd812ec49,tcga_lung,LUAD,0.05069292,0.92892464
4,TCGA-MP-A5C7-01Z-00-DX1.26E5FA5A-3E6D-4CD3-8FA2-F331B7012311,tcga_lung,LUAD,0.14933264,0.68749407
4,TCGA-86-7701-01Z-00-DX1.a8a6e71e-9fa9-42c6-a186-0ac7526e9960,tcga_lung,LUAD,0.12872326,0.57489884
4,TCGA-55-7727-01Z-00-DX1.0c7a4953-16dc-41e0-845b-b89167ec17d7,tcga_lung,LUAD,0.20148975,0.62989760
4,TCGA-38-4627-01Z-00-DX1.fe406eb9-b38b-410d-aa1a-84ab8ac091c7,tcga_lung,LUAD,0.13934815,0.46145184
4,TCGA-49-4488-01Z-00-DX8.b9fb358a-9618-4956-9544-c2ffe2678095,tcga_lung,LUAD,0.11266011,0.97126235
4,TCGA-49-4488-01Z-00-DX4.17c00349-5908-4944-9dba-5efea9a5373a,tcga_lung,LUAD,0.10372186,1.02269673
4,TCGA-49-4488-01Z-00-DX5.6380c697-c81b-48c8-863c-ea1cdd097464,tcga_lung,LUAD,0.15173978,0.58433799
4,TCGA-49-4488-01Z-00-DX3.341ea7ac-ee5f-4ad2-9d01-d81a4d2e9b13,tcga_lung,LUAD,0.10794437,0.71361688
4,TCGA-49-4488-01Z-00-DX9.bf1e9d28-3ca2-4a62-bf3e-3e735c6a2885,tcga_lung,LUAD,0.13531786,1.01444125
4,TCGA-49-4488-01Z-00-DX1.c9beef33-2d53-4fcb-8293-f083d9fedddc,tcga_lung,LUAD,0.16206968,0.48796492
4,TCGA-49-4488-01Z-00-DX7.a04b36c3-9cfd-4195-92c0-70046cd49d9a,tcga_lung,LUAD,0.14638996,0.49216662
4,TCGA-49-4488-01Z-00-DX2.ce896a98-8b45-4606-8849-3a377b81e3de,tcga_lung,LUAD,0.14137262,0.47843802
4,TCGA-49-4488-01Z-00-DX10.930e7dc2-6073-4bf2-9b70-f17c0b26bdee,tcga_lung,LUAD,0.14493555,0.50057013
4,TCGA-49-4488-01Z-00-DX6.3ce306b2-1b00-48f7-8288-c24069037a9c,tcga_lung,LUAD,0.13575000,0.59194930
4,TCGA-18-5595-01Z-00-DX1.75235488-2F6F-42CE-8D7D-0E9A360E1C61,tcga_lung,LUSC,-0.27534539,-0.76090033
4,TCGA-43-7658-01Z-00-DX1.db69fbb6-59d7-49f5-adbf-f9c030b85b73,tcga_lung,LUSC,-0.20257854,-0.19765321
4,TCGA-85-A511-01Z-00-DX1.24345C5F-BDC2-4D9D-BAE5-686B4C8C66DE,tcga_lung,LUSC,-0.11705726,-0.60925057
4,TCGA-60-2725-01Z-00-DX1.b9d038d6-c2fb-4e46-a4ef-80fdbfb56d0a,tcga_lung,LUSC,-0.12006432,-0.86307065
4,TCGA-56-A49D-01Z-00-DX1.1ECF40A0-1490-42B3-8924-A80E4ED35F93,tcga_lung,LUSC,-0.12985945,-0.12995852
4,TCGA-96-8170-01Z-00-DX1.8283cd4c-f374-4320-88bd-36a462866d24,tcga_lung,LUSC,-0.14953542,0.05925658
4,TCGA-33-AAS8-01Z-00-DX1.774A64E2-17E4-468C-BFE9-85F0D4F52D0E,tcga_lung,LUSC,-0.18170220,0.02585730
4,TCGA-85-A5B5-01Z-00-DX1.88097FC2-BAAD-4986-AECD-C07C9F3ED856,tcga_lung,LUSC,-0.33197278,-0.86624446
4,TCGA-66-2781-01Z-00-DX1.ed9ff5b7-7c66-4bf7-bfb5-ca48b9e1a54e,tcga_lung,LUSC,-0.12508941,-0.39246840
4,TCGA-66-2785-01Z-00-DX1.b9439ee1-d22b-4ccd-b53b-ce7717a37a17,tcga_lung,LUSC,-0.11638629,-0.59289446
4,TCGA-NJ-A4YF-01Z-00-DX1.4A3DE76A-9F1E-4766-A013-5E7E3A665071,tcga_lung,LUAD,0.09616035,0.59158443
4,TCGA-44-6145-01Z-00-DX1.175ad655-b054-407d-bb22-3a4f85849488,tcga_lung,LUAD,0.04069275,0.31932967
4,TCGA-55-7995-01Z-00-DX1.fef24d04-35a0-4f57-8f51-7ad602a78871,tcga_lung,LUAD,-0.01558959,0.09058616
4,TCGA-50-5055-01Z-00-DX2.446EC3BB-2ED7-4253-8A39-AC68331F08E7,tcga_lung,LUAD,0.13283968,0.40510613
4,TCGA-50-5055-01Z-00-DX1.0c9d846b-89b4-4b18-a2eb-0f8d8e0a33c7,tcga_lung,LUAD,0.14179873,0.61702864
4,TCGA-49-4494-01Z-00-DX5.1e9e22d6-a4c9-40d1-aedb-b6cd404fe16f,tcga_lung,LUAD,0.03500843,0.44973685
4,TCGA-49-4494-01Z-00-DX4.4c6a4560-adee-4fc9-8fd8-feb7f89e51e3,tcga_lung,LUAD,0.04619485,0.29685777
4,TCGA-49-4494-01Z-00-DX1.2bf10e85-465a-4b17-abd7-3565f0e538a5,tcga_lung,LUAD,0.07649767,0.80980030
4,TCGA-49-4494-01Z-00-DX2.cac5ed0a-98c3-4d37-a4f4-9596a061836a,tcga_lung,LUAD,0.09790581,0.80686610
4,TCGA-49-4494-01Z-00-DX3.e80b4534-4d6e-4d79-962e-017ffee24d67,tcga_lung,LUAD,0.06479228,0.34075756
4,TCGA-49-4494-01Z-00-DX6.3791a027-7ddb-429c-99a5-bb84a4307550,tcga_lung,LUAD,0.06336570,0.22116717
4,TCGA-49-4494-01Z-00-DX7.9f722476-622e-4374-9fda-ef35184f01e0,tcga_lung,LUAD,0.05610961,0.70168698
4,TCGA-62-A472-01Z-00-DX1.C2F76C9A-C51A-4521-9B95-2A20063E9931,tcga_lung,LUAD,0.13708663,0.55153738
4,TCGA-64-1678-01Z-00-DX1.92C851BD-37AC-4C4C-9920-DF394411CC2C,tcga_lung,LUAD,-0.04033667,0.32800954
4,TCGA-MP-A4TK-01Z-00-DX1.57494698-D9D9-4C04-AAB2-16616CCFDCC9,tcga_lung,LUAD,-0.00567913,0.29526865
4,TCGA-44-A4SS-01Z-00-DX1.F3D85B63-D963-42D2-815F-CB9D791A0F7B,tcga_lung,LUAD,-0.07147205,0.39392668
4,TCGA-78-8640-01Z-00-DX1.6F929E56-34D5-45A6-8A9E-ACB4B88A68B1,tcga_lung,LUAD,0.12126148,0.31532493
4,TCGA-55-7573-01Z-00-DX1.43a4bbd2-6a3b-4910-9356-2d750a736817,tcga_lung,LUAD,0.13124877,1.04837211
4,TCGA-05-4427-01Z-00-DX1.36CF4E93-3FBB-4346-A26B-85F0D9D0575D,tcga_lung,LUAD,-0.11999547,0.06144268
4,TCGA-78-7166-01Z-00-DX1.d19ad2d9-b006-4a13-ba54-2fec234c2373,tcga_lung,LUAD,0.18789276,0.87130981
4,TCGA-55-1594-01Z-00-DX1.bd90c500-7c0b-4c45-a3f7-2d9177384b1d,tcga_lung,LUAD,-0.02592474,0.27240390
4,TCGA-86-8076-01Z-00-DX1.e7378b2f-e20e-4d2f-a86c-3a8ead08a385,tcga_lung,LUAD,0.23868629,0.13764031
4,TCGA-J2-A4AD-01Z-00-DX1.C3C3B0C6-0666-4CCF-8422-345560B237DA,tcga_lung,LUAD,0.14160705,0.41178831
4,TCGA-50-6597-01Z-00-DX1.ec7fc0b2-78a1-4384-bddd-e89f02ee5eb6,tcga_lung,LUAD,0.14545184,0.47756136
4,TCGA-44-2659-01Z-00-DX1.b33f40e6-bc18-48b0-8dad-bdb0a6a200b5,tcga_lung,LUAD,0.02874565,0.81115235
4,TCGA-44-2664-01Z-00-DX1.35c75ae5-eee0-4e69-a13a-31b5fad9869a,tcga_lung,LUAD,0.04899883,0.41019954
4,TCGA-93-A4JQ-01Z-00-DX1.24573112-917C-43E9-B0FD-763C290AA88A,tcga_lung,LUAD,0.04550004,0.45653786
4,TCGA-86-8669-01Z-00-DX1.845b8b4e-6445-4da1-8275-42b765c024cc,tcga_lung,LUAD,0.02376491,0.26881705
4,TCGA-95-8039-01Z-00-DX1.38b07435-987d-495d-9940-ba5f20e6ef97,tcga_lung,LUAD,0.15635824,0.50712804
4,TCGA-55-6543-01Z-00-DX1.08806fe0-84d3-4fd6-8746-6cf557241958,tcga_lung,LUAD,0.15109932,0.64293949
4,TCGA-86-8668-01Z-00-DX1.d720d486-02c7-4f98-8feb-e0e50a12c158,tcga_lung,LUAD,0.15309906,0.62806930
4,TCGA-44-2665-01Z-00-DX1.d429e37e-3915-4da6-b5bc-bf2f09f4fbf7,tcga_lung,LUAD,0.13916773,0.56550478
4,TCGA-55-7570-01Z-00-DX1.9020ae67-cf60-4bac-8c60-403c8891c4a3,tcga_lung,LUAD,-0.04429954,0.16908723
4,TCGA-73-4677-01Z-00-DX1.b557785c-9ccc-42a7-bb54-7bb47638ddfc,tcga_lung,LUAD,0.16281533,0.53218407
4,TCGA-L4-A4E6-01Z-00-DX1.1B537DE0-2CE3-4B90-9ED3-71F1F8747EE9,tcga_lung,LUAD,-0.00818282,0.01427188
4,TCGA-05-4430-01Z-00-DX1.95659bbb-3091-4370-bc1d-6c6c1baa7b3d,tcga_lung,LUAD,0.03538489,1.01912931
4,TCGA-67-4679-01Z-00-DX1.a3d84341-fed7-4235-a053-638ed5294954,tcga_lung,LUAD,0.14594519,-0.02676018
4,TCGA-64-5778-01Z-00-DX1.96C39819-8A65-4651-BE83-39959F6FAD05,tcga_lung,LUAD,0.11142308,1.31613300
4,TCGA-55-8205-01Z-00-DX1.6df6d499-f325-409d-acb1-9e13172f2bb4,tcga_lung,LUAD,-0.07176733,0.05964454
5,TCGA-XP-A8T7-01Z-00-DX1.D9AF7974-B595-46C7-8143-D6709F2651BE,tcga_esca,ESCC,-0.26420462,-0.52601180
5,TCGA-LN-A7HW-01Z-00-DX1.1CF677F4-793B-4437-A7C9-283D62576306,tcga_esca,ESCC,-0.14732862,-0.58245974
5,TCGA-JY-A938-01Z-00-DX1.FC986FA6-0279-469C-B31D-2BEFB4A6DED4,tcga_esca,ESAD,0.09768581,0.29395997
5,TCGA-LN-A7HX-01Z-00-DX1.662C89FB-50E2-4E48-8C2D-2EA34BC7F25C,tcga_esca,ESCC,-0.23927599,-0.54556058
5,TCGA-VR-AA7I-01Z-00-DX1.E6041279-0D79-4CDE-B983-44158247726D,tcga_esca,ESCC,-0.26097870,-0.48938780
5,TCGA-2H-A9GO-01Z-00-DX1.A3AEE5BB-3825-49B4-8F7B-B2CB9015515A,tcga_esca,ESAD,0.25145015,0.21826254
5,TCGA-2H-A9GI-01Z-00-DX1.02AA1DD3-2082-4B82-B396-957A127D8278,tcga_esca,ESAD,0.34622782,0.42621003
5,TCGA-IG-A3Y9-01Z-00-DX1.830A7D80-F4B1-4A78-B559-92F4461688E1,tcga_esca,ESCC,-0.27810395,-0.49351777
5,TCGA-L5-A4OQ-01Z-00-DX1.644B5159-E8B8-4BC4-94FB-20F449FBBB01,tcga_esca,ESAD,0.25695270,0.33834756
5,TCGA-JY-A93C-01Z-00-DX1.5827ADD2-796F-4CC1-AEBA-B87FDF529FC6,tcga_esca,ESAD,0.27588403,0.50843272
5,TCGA-IG-A51D-01Z-00-DX1.46951C8F-2583-4511-8A6E-E815F5EED0BC,tcga_esca,ESCC,-0.22710186,-0.30637353
5,TCGA-LN-A7HZ-01Z-00-DX1.3B2E3D05-6241-4938-B900-23F510714046,tcga_esca,ESCC,-0.14046609,-0.32246430
5,TCGA-LN-A9FO-01Z-00-DX1.E8183919-40B9-4CF2-BC78-00B8C3E6C2C3,tcga_esca,ESCC,-0.24377239,-0.45313807
5,TCGA-LN-A4A4-01Z-00-DX1.2E1ED2F1-0B15-4034-9FD5-5CA85F72313A,tcga_esca,ESCC,-0.27696064,-0.60364531
5,TCGA-L5-A4OG-01Z-00-DX1.3C731688-D9DA-4F83-97E9-F59D00CAE280,tcga_esca,ESAD,0.14806783,0.18208371
5,TCGA-Y8-A8S1-01Z-00-DX1.070EF07D-6A9B-4E32-9851-3B08A628D879,tcga_rcc,PRCC,-0.10723156,-0.37329493
5,TCGA-P4-AAVO-01Z-00-DX1.F4174F1A-77C2-4C1E-B660-F17EF541236A,tcga_rcc,PRCC,-0.26939058,-1.00410042
5,TCGA-A4-7996-01Z-00-DX1.19a1ff6e-eddb-4d9b-ab3a-938d10876c59,tcga_rcc,PRCC,0.00145555,-0.44410366
5,TCGA-IZ-A6M9-01Z-00-DX1.FA87A9BF-1FC0-4D14-BD54-2B3C66F338F9,tcga_rcc,PRCC,-0.22487706,-0.55976747
5,TCGA-UZ-A9PX-01Z-00-DX1.C02621B3-65B6-48A6-A291-889A685A1403,tcga_rcc,PRCC,-0.34304622,-0.71799073
5,TCGA-2Z-A9JS-01Z-00-DX1.9D40DC57-3B70-4069-8196-0B8706EF2405,tcga_rcc,PRCC,-0.18112671,-0.40994673
5,TCGA-2Z-A9JE-01Z-00-DX1.B2538A85-D0EA-4C50-BD07-1C59DD8208F6,tcga_rcc,PRCC,-0.24287021,-0.42970576
5,TCGA-MH-A55Z-01Z-00-DX1.14253FE3-706D-4C25-9470-423396F80EC1,tcga_rcc,PRCC,-0.17485118,-0.73654143
5,TCGA-BQ-7048-01Z-00-DX1.656594d9-dfe1-416a-81bb-12e5cf46d0e5,tcga_rcc,PRCC,0.05923229,0.49206797
5,TCGA-Y8-A8RY-01Z-00-DX1.E111130F-F693-4A13-8F9C-13BF7974AEF0,tcga_rcc,PRCC,-0.12815285,-0.60387027
5,TCGA-AL-A5DJ-01Z-00-DX1.AF15A60D-67BF-47AB-8AE3-CCBE6DDAF86D,tcga_rcc,PRCC,-0.29834595,-0.12933105
5,TCGA-B0-4813-01Z-00-DX1.8ea2278c-1446-4820-986d-79e4c0080b88,tcga_rcc,CCRCC,0.32465053,1.22482629
5,TCGA-B2-5639-01Z-00-DX1.96ee3f26-65d8-4c4a-ad5b-eb396627f5bb,tcga_rcc,CCRCC,0.27657568,0.99467084
5,TCGA-B0-5081-01Z-00-DX1.2fed8120-8e9c-4a23-bd1b-645f91450464,tcga_rcc,CCRCC,0.22490853,1.02075712
5,TCGA-B0-4837-01Z-00-DX1.ecceeb39-a226-4ad3-8d0f-c73d7430b78b,tcga_rcc,CCRCC,0.31251812,1.27931282
5,TCGA-A3-3322-01Z-00-DX1.9d583339-7726-4eab-a3fb-1a1f2abf8fcf,tcga_rcc,CCRCC,0.18709612,0.95084624
5,TCGA-CJ-4644-01Z-00-DX1.130EA9F0-3583-492D-96DF-7BE75F3F4624,tcga_rcc,CCRCC,0.28775960,1.03762157
5,TCGA-CJ-4875-01Z-00-DX1.0EB17121-9447-4856-BE2A-5CF671C63E55,tcga_rcc,CCRCC,0.09906197,0.76404872
5,TCGA-CJ-6030-01Z-00-DX1.A762AB76-62E5-4680-9912-8B6D7FC48FF9,tcga_rcc,CCRCC,0.23472440,0.59373284
5,TCGA-CZ-5459-01Z-00-DX1.300c3ae5-9e88-4336-9807-a61cd71d4f1b,tcga_rcc,CCRCC,0.18577379,0.59046777
5,TCGA-BP-5183-01Z-00-DX1.f84b4982-b51e-4220-a80b-767ecbb3e20f,tcga_rcc,CCRCC,0.21423936,0.70402120
5,TCGA-A3-3346-01Z-00-DX1.95280216-fd71-4a03-b452-6e3d667f2542,tcga_rcc,CCRCC,0.14412463,0.33596109
5,TCGA-EU-5904-01Z-00-DX1.1eb3086c-abb3-4640-838d-6b1a8fb4ff4d,tcga_rcc,CCRCC,0.28993994,1.22235437
5,TCGA-BP-5174-01Z-00-DX1.d6f8427f-fbbe-4582-a020-ede5675a7e76,tcga_rcc,CCRCC,0.23989022,0.75000202
5,TCGA-CJ-4893-01Z-00-DX1.056F80C3-B340-465A-B2A7-0523CEEA0219,tcga_rcc,CCRCC,0.22171068,1.16771653
5,TCGA-B0-4693-01Z-00-DX1.1e9a856a-1172-4db8-887a-b65fff644798,tcga_rcc,CCRCC,0.11921805,0.18784795
5,TCGA-CZ-5452-01Z-00-DX1.470c0bee-aba6-4cd5-a3c4-ef05ea3bf14f,tcga_rcc,CCRCC,0.17946815,0.37689239
5,TCGA-A3-3317-01Z-00-DX1.ca503755-bfa6-462b-b37e-09e8ca97edeb,tcga_rcc,CCRCC,0.09128588,0.63801667
5,TCGA-B0-4821-01Z-00-DX1.794eb92f-941b-46a8-9aba-fa702408b772,tcga_rcc,CCRCC,0.13900298,0.88931897
5,TCGA-B8-5553-01Z-00-DX1.1fd7ba5f-3a88-49f7-b904-c17797092897,tcga_rcc,CCRCC,0.18188512,1.07380611
5,TCGA-BP-4995-01Z-00-DX1.e8ebf283-46f9-4d1f-a8a6-11c24d8fad46,tcga_rcc,CCRCC,0.20589757,0.99537710
5,TCGA-BP-4801-01Z-00-DX1.69e0e4d9-dc88-4010-acec-15183034b356,tcga_rcc,CCRCC,0.28205463,0.67508724
5,TCGA-B8-5550-01Z-00-DX1.f9c84121-b555-486b-9049-9b87c7268e0a,tcga_rcc,CCRCC,0.21941960,1.16106790
5,TCGA-CJ-6028-01Z-00-DX1.7D61411B-8B96-4D9A-9CAF-46D22ED72F93,tcga_rcc,CCRCC,0.17981207,0.29097169
5,TCGA-B0-5691-01Z-00-DX1.ef332029-fdef-4a0c-b891-4ef14da0e6ba,tcga_rcc,CCRCC,0.26783556,1.01549549
5,TCGA-BP-4807-01Z-00-DX1.c985d6a4-5104-4b37-b7ab-2d357b89bac5,tcga_rcc,CCRCC,0.20425463,0.26409449
5,TCGA-CJ-4903-01Z-00-DX1.6DB22AEA-582B-44CB-B153-CBBFE5042735,tcga_rcc,CCRCC,0.19349444,0.69037403
5,TCGA-B0-4822-01Z-00-DX1.02168abf-0d65-4bdf-b740-e1e082dd9d03,tcga_rcc,CCRCC,0.28972560,1.00947444
5,TCGA-EU-5905-01Z-00-DX1.f83b5cb0-7295-4f67-acac-cc1768b07c60,tcga_rcc,CCRCC,0.16160518,0.67191940
5,TCGA-BP-5196-01Z-00-DX1.85bc950b-ed4a-4f77-8c17-b2916d0a05de,tcga_rcc,CCRCC,0.28272188,1.11040062
5,TCGA-BP-5175-01Z-00-DX1.e954ae94-307c-475e-9f63-92ae1fe946d5,tcga_rcc,CCRCC,0.19099081,0.38533073
5,TCGA-BQ-7061-01Z-00-DX1.dfc7df2a-4789-477b-b53c-14cad8e76616,tcga_rcc,PRCC,-0.37766805,-0.50446638
5,TCGA-B3-3926-01Z-00-DX1.c08ae7f5-da56-497b-899a-025697f03ff1,tcga_rcc,PRCC,-0.24692881,-0.86397814
5,TCGA-BQ-7046-01Z-00-DX1.3d473ea1-af02-4915-b971-2e53fca4b620,tcga_rcc,PRCC,-0.19021589,-0.09007061
5,TCGA-Q2-A5QZ-01Z-00-DX1.66131B27-D89A-4BCC-A25A-1A4B9682199C,tcga_rcc,PRCC,-0.28087246,-0.30439361
5,TCGA-B9-4113-01Z-00-DX1.91e4a568-8f5b-4726-8352-94adf056f912,tcga_rcc,PRCC,-0.18022865,-0.84729294
5,TCGA-BQ-7059-01Z-00-DX1.14b4beda-8f00-44b8-9d99-1fa144431d92,tcga_rcc,PRCC,-0.31147969,-0.59810271
5,TCGA-A3-3352-01Z-00-DX1.a2f02c84-0201-417c-a719-7964f5fbfd3c,tcga_rcc,CCRCC,0.27684665,1.03509184
5,TCGA-AK-3450-01Z-00-DX1.84C9CCDE-F1FD-4BDC-B819-25078EF350A5,tcga_rcc,CCRCC,0.28477210,0.89987501
5,TCGA-DV-5566-01Z-00-DX1.715a6d3c-1172-4f06-8077-32d2a4efb5b3,tcga_rcc,CCRCC,0.24106264,0.95001149
5,TCGA-AK-3431-01Z-00-DX1.5D6F4225-F46D-4368-969F-64652FB0DDA9,tcga_rcc,CCRCC,0.12488741,0.66487382
5,TCGA-B0-4706-01Z-00-DX1.a29630d2-be74-4245-8d47-2e1694bea5e4,tcga_rcc,CCRCC,0.22923076,1.14326209
5,TCGA-CJ-4640-01Z-00-DX1.F5625E6F-1B5D-408A-982B-9A66103DF1CC,tcga_rcc,CCRCC,0.06052625,0.77959409
5,TCGA-CZ-5469-01Z-00-DX1.5c3baf64-ab33-4b32-b5e7-b7e4f42b6051,tcga_rcc,CCRCC,0.18668473,0.52637883
5,TCGA-B0-4701-01Z-00-DX1.fc6a514f-dd38-4b97-bf71-e365436f4009,tcga_rcc,CCRCC,0.02301681,0.19645693
5,TCGA-B0-4688-01Z-00-DX1.cb882331-49f1-4662-b142-0e9836993eb4,tcga_rcc,CCRCC,0.07653409,0.21844162
5,TCGA-BP-4969-01Z-00-DX1.30906c32-0008-45d9-9a37-d468cfcb28e3,tcga_rcc,CCRCC,0.21203113,0.92466684
5,TCGA-B8-A54E-01Z-00-DX1.336165F7-BBAC-4FA8-B776-E12483C60B62,tcga_rcc,CCRCC,0.02364051,0.32064465
5,TCGA-Y8-A8RZ-01Z-00-DX1.30EA1B30-C162-40D8-AB23-A5405502B709,tcga_rcc,PRCC,-0.35598275,-1.12710997
5,TCGA-CJ-4635-01Z-00-DX1.EEA2C1E0-650B-43AC-8674-9401E927A4CB,tcga_rcc,CCRCC,0.19341248,1.00775839
5,TCGA-B0-5080-01Z-00-DX1.488e6d8d-2cd8-4fa5-a5fb-2c2c54a36dcb,tcga_rcc,CCRCC,0.18826759,0.79212816
5,TCGA-BP-4981-01Z-00-DX1.9f97b4b6-e251-42dc-8d95-72c79063f344,tcga_rcc,CCRCC,0.20641875,1.11288854
5,TCGA-CJ-4894-01Z-00-DX1.9076806D-75AA-42E9-9EEF-B5A0541280B4,tcga_rcc,CCRCC,0.03375661,0.81834856
5,TCGA-B0-5698-01Z-00-DX1.e7739945-c890-46f9-ba2b-f2cd2ae39567,tcga_rcc,CCRCC,0.30131620,0.66022180
5,TCGA-BP-5195-01Z-00-DX1.910fae7d-503e-4758-bb45-7c039ff9d179,tcga_rcc,CCRCC,0.25059471,0.78216286
5,TCGA-B0-5096-01Z-00-DX1.badbc354-928e-4f7c-9b3f-341154bafbac,tcga_rcc,CCRCC,0.23137021,0.88335874
5,TCGA-CJ-4643-01Z-00-DX1.50F38125-1825-4B66-A171-4C92279E306D,tcga_rcc,CCRCC,0.27616107,0.53713171
5,TCGA-4A-A93Y-01Z-00-DX1.AEA9169D-99CD-4107-B7FE-A58D6BD85758,tcga_rcc,PRCC,-0.23900032,-0.24447337
5,TCGA-A4-8311-01Z-00-DX1.FB9D31D4-051B-48E6-BCDB-918EF8B88895,tcga_rcc,PRCC,-0.28081426,-0.83365571
5,TCGA-A4-7286-01Z-00-DX1.cce3e96e-f940-4279-a1c3-16811eb712ac,tcga_rcc,PRCC,-0.13455307,-0.44683002
5,TCGA-B9-4617-01Z-00-DX1.d890e850-cc29-49f8-b854-cbe9a9a73c95,tcga_rcc,PRCC,-0.37157214,-1.22913360
5,TCGA-2K-A9WE-01Z-00-DX1.ED8ADE3B-D49B-403B-B4EB-BD11D91DD676,tcga_rcc,PRCC,-0.18981975,-0.31365232
5,TCGA-A4-A7UZ-01Z-00-DX1.E4E81CA8-EF84-4039-8310-CB900441C1D9,tcga_rcc,PRCC,-0.20130169,-0.71153251
5,TCGA-A4-8518-01Z-00-DX1.D521C865-A3A0-4C23-B36C-D58BB73A3007,tcga_rcc,PRCC,-0.24099189,-0.79287564
5,TCGA-BH-A0BD-01Z-00-DX1.CD4A6FC2-BA8C-4E30-972A-E6CD1BEAD8AD,tcga_brca,IDC,0.04908001,0.82886392
5,TCGA-E9-A247-01Z-00-DX1.3B2DF1CB-054A-44C4-9AD5-D8FA6D386A93,tcga_brca,IDC,0.08083010,0.83566060
5,TCGA-BH-A0BF-01Z-00-DX1.934DF984-9054-4B20-B85B-9CF94B8DC3D4,tcga_brca,IDC,0.11004579,0.93367067
5,TCGA-A7-A4SF-01Z-00-DX1.CDCFD4BC-4363-4CF2-95F5-4922E04C3B9D,tcga_brca,IDC,0.05497015,0.65869951
5,TCGA-A8-A06X-01Z-00-DX1.21F19EDD-ABCB-4398-B210-D795BB7A34E3,tcga_brca,IDC,0.10025173,0.90213658
5,TCGA-PL-A8LY-01A-02-DX2.6F9520F1-3210-4A96-81C2-A14424F650D1,tcga_brca,IDC,0.04090971,0.71959642
5,TCGA-PL-A8LY-01A-01-DX1.32047D5E-8A42-480A-B2B8-A56B47B949FD,tcga_brca,IDC,-0.06528306,0.80181138
5,TCGA-E2-A15E-06Z-00-DX1.D394A007-91A2-4445-9B4A-1629EE684A51,tcga_brca,IDC,0.13846329,0.32033003
5,TCGA-BH-A0EA-01Z-00-DX1.85FF2B48-2AF7-4C15-A7E6-FCA68CAB76C7,tcga_brca,IDC,0.08308876,0.66816325
5,TCGA-A2-A0CZ-01Z-00-DX1.A433A414-4F1B-4F99-8FD9-E64803F5E042,tcga_brca,IDC,-0.03185803,0.38802407
5,TCGA-BH-A0BJ-01Z-00-DX1.77BE9A20-3D23-4650-843A-0483BF9DD07B,tcga_brca,IDC,0.02905595,0.63465067
5,TCGA-LL-A7T0-01Z-00-DX1.B03BBA63-ACF4-4BCA-9F2B-F631F0C6A25C,tcga_brca,IDC,0.12714976,0.97598485
5,TCGA-D8-A27N-01Z-00-DX1.85613A4F-1FFB-4091-B925-8E8A7C7A6D95,tcga_brca,IDC,0.02879661,0.60394047
5,TCGA-D8-A27N-01Z-00-DX2.EB803DEC-438B-43A9-B906-FD7C3B9A0138,tcga_brca,IDC,0.10255462,0.74823855
5,TCGA-E2-A14Z-01Z-00-DX1.A1344A78-1842-4578-8CDE-921E50656891,tcga_brca,IDC,0.02068055,0.51973857
5,TCGA-BH-A0DD-01Z-00-DX1.2242DD1F-0B7C-4B43-A7A9-8130D2BDEE78,tcga_brca,IDC,0.14336979,1.13130307
5,TCGA-C8-A26Y-01Z-00-DX1.166EE604-4EF3-401D-99E9-3A9711316CC4,tcga_brca,IDC,0.14839509,0.63105072
5,TCGA-AN-A0AS-01Z-00-DX1.51E551E9-E5F4-4C94-9B25-71DA41109E92,tcga_brca,IDC,0.10748935,1.16965237
5,TCGA-EW-A1OZ-01Z-00-DX1.9639BB06-FF02-475F-A89D-773BE12721CC,tcga_brca,IDC,0.09494621,0.54669143
5,TCGA-A7-A2KD-01Z-00-DX1.BFF2DFC8-1D95-4DC2-98FC-5BD7D7C6CDF5,tcga_brca,IDC,0.14433658,1.11663255
5,TCGA-BH-A0AY-01Z-00-DX1.A1153465-D9B3-4D83-BE85-F2524B071EE5,tcga_brca,IDC,0.05299038,0.81782067
5,TCGA-A8-A09G-01Z-00-DX1.B834728C-DAC5-4463-961D-7E3B220905C1,tcga_brca,IDC,-0.09245968,-0.67966004
5,TCGA-A7-A0DA-01Z-00-DX2.90C93176-C3C6-41B3-B34B-B16F1A1779E6,tcga_brca,IDC,0.13109469,0.95122444
5,TCGA-A7-A0DA-01Z-00-DX1.5F087009-16E9-4A07-BA24-62340E108B17,tcga_brca,IDC,0.15705466,0.97982411
5,TCGA-BH-A18L-01Z-00-DX1.01D6E3EF-6857-4CC6-BEA1-0BBC1A0B728F,tcga_brca,IDC,0.00314766,0.29036979
5,TCGA-LL-A442-01Z-00-DX1.9275EDBD-1C89-4AF3-B02B-19F613A4E083,tcga_brca,IDC,0.08762872,0.79109580
5,TCGA-BH-A28Q-01Z-00-DX1.C6D1CA93-6B2A-4722-9270-5D56592D833D,tcga_brca,ILC,0.01974630,0.33303180
5,TCGA-BH-A0W5-01Z-00-DX1.84EA3913-667B-4694-A0F0-E629CAC615C8,tcga_brca,IDC,0.02685982,0.62348811
5,TCGA-AR-A0U3-01Z-00-DX1.9BB87F9D-459F-4A18-B591-29822EA5AE18,tcga_brca,IDC,0.05004156,0.68122435
5,TCGA-BH-A1ES-01Z-00-DX1.C54C809F-748F-4BB0-B018-A8A83A4134C0,tcga_brca,IDC,0.11034709,1.09056187
5,TCGA-GM-A3XL-01Z-00-DX1.CCE8AA1D-9194-4E49-9546-DBF25A35847C,tcga_brca,IDC,0.11650980,0.35718844
5,TCGA-AC-A2B8-01Z-00-DX1.14F3A9B2-1382-436A-B53C-92FC8495AD48,tcga_brca,ILC,-0.02574974,0.22706307
5,TCGA-BH-A0B3-01Z-00-DX1.90CB0ED5-FBB7-4ABF-93A0-DD88D60D3D55,tcga_brca,IDC,0.10535228,0.77733270
5,TCGA-AC-A6NO-01Z-00-DX1.61B7F48C-6D6E-4C1B-B236-DD130ECBDA9D,tcga_brca,IDC,0.14702415,0.96584203
5,TCGA-A2-A1G1-01Z-00-DX1.E52A474F-DE13-41CF-94D4-D00BAC46ECF4,tcga_brca,IDC,0.13571149,0.74667934
5,TCGA-A2-A25E-01Z-00-DX1.46D1950B-0BAF-4A44-B58F-CD738E74CB27,tcga_brca,IDC,0.03780615,0.74315393
5,TCGA-E9-A22G-01Z-00-DX1.2b47e321-7910-40ec-ad1c-c4e08ed26334,tcga_brca,IDC,0.07442611,0.55046810
5,TCGA-BH-A0DI-01Z-00-DX1.6A42D535-8842-4C36-8299-A40E9E56759D,tcga_brca,IDC,0.06626272,0.40509104
5,TCGA-A8-A08B-01Z-00-DX1.416316FD-E8BF-402C-939A-08920F08A181,tcga_brca,IDC,0.10431015,1.04171614
5,TCGA-S3-AA11-01Z-00-DX1.36B83B37-2928-4DB7-A04A-8D511F1183FD,tcga_brca,IDC,0.08077639,0.38255551
5,TCGA-C8-A12Y-01Z-00-DX1.A15CB3E2-E145-4C75-8FEA-1DD503CD7C20,tcga_brca,IDC,0.08716089,0.60903385
5,TCGA-C8-A12M-01Z-00-DX1.0C5F2DED-873F-4C86-97A2-2AA76A6236DF,tcga_brca,IDC,0.15891457,0.74322490
5,TCGA-AR-A2LN-01Z-00-DX1.3EF43524-28B8-4326-9356-6BCBC63A1DA8,tcga_brca,ILC,-0.03328037,0.37461854
5,TCGA-C8-A1HK-01Z-00-DX1.A15F452B-1260-4106-86D1-05F00082F0CE,tcga_brca,IDC,0.12037861,1.13959854
5,TCGA-OL-A5D8-01Z-00-DX1.C0A75731-1DDC-4FAF-A2C5-2E2ECB23DC13,tcga_brca,IDC,0.07953233,0.98553279
5,TCGA-BH-A0DH-01Z-00-DX1.968AA1FD-068C-4B90-8C95-85BF2EFC3E3F,tcga_brca,IDC,0.07031405,0.94490676
5,TCGA-LL-A6FQ-01Z-00-DX1.D4FEEC16-FC67-4C4A-A4B1-F8BA34ECBCBD,tcga_brca,IDC,0.07110840,0.44477743
5,TCGA-AR-A1AK-01Z-00-DX1.0AFFA0B5-D1A6-43E9-892A-7CB16A79E5F9,tcga_brca,ILC,-0.04596895,0.08774953
5,TCGA-AR-A2LH-01Z-00-DX1.40D4FD67-FB13-46D9-A202-56A5791EA11C,tcga_brca,ILC,-0.07963783,-0.29654755
5,TCGA-A8-A09M-01Z-00-DX1.E2CEA8B5-C86D-4873-BE67-359FBEECCA09,tcga_brca,IDC,0.07917815,1.10861979
5,TCGA-AN-A041-01Z-00-DX1.96D3628B-FB6E-4A41-A5E8-8896B0657F1C,tcga_brca,IDC,0.06162846,0.40286599
5,TCGA-C8-A1HM-01Z-00-DX1.F93C3F56-3AA6-4D38-B51E-4694CBEA3830,tcga_brca,IDC,0.24178293,0.68400145
5,TCGA-BH-A201-01Z-00-DX1.6D6E3224-50A0-45A2-B231-EEF27CA7EFD2,tcga_brca,IDC,0.06504023,0.49729173
5,TCGA-C8-A1HE-01Z-00-DX1.83A5D816-E3A6-46B8-B1B8-B31486EB686E,tcga_brca,IDC,0.04234302,0.85583926
5,TCGA-A8-A099-01Z-00-DX1.B19C28B5-FEBC-49B4-A60E-E6B85BB00DD7,tcga_brca,IDC,0.08280486,0.94591405
5,TCGA-A2-A0CM-01Z-00-DX1.AC4901DE-4B6D-4185-BB9F-156033839828,tcga_brca,IDC,0.12410998,0.94638634
5,TCGA-A2-A1G4-01Z-00-DX1.0274DF5B-5920-419A-B778-2F04D9C602F2,tcga_brca,IDC,0.11237735,0.83184456
5,TCGA-S3-AA15-01Z-00-DX2.915A4F90-25CB-4535-99C7-D0D0CFC90412,tcga_brca,IDC,-0.10409483,-0.03006167
5,TCGA-S3-AA15-01Z-00-DX1.A2456A4A-E6E8-4429-8F09-B997AA497BB0,tcga_brca,IDC,0.11391854,0.05276840
5,TCGA-AR-A5QP-01Z-00-DX1.256FDB13-1F81-42DA-AF6E-8A94835550C1,tcga_brca,ILC,-0.04263300,-0.28580644
5,TCGA-C8-A12P-01Z-00-DX1.670B5DE8-07B0-4E4C-93FA-FA3DFFCCE50D,tcga_brca,IDC,0.10983503,0.40341997
5,TCGA-BH-A0C1-01Z-00-DX1.21FE357E-B182-4397-BFEF-7E96E994236A,tcga_brca,ILC,-0.00508291,0.09693665
5,TCGA-A2-A0YE-01Z-00-DX1.8A2E3094-5755-42BC-969D-7F0A2ECA0F39,tcga_brca,IDC,0.13853121,0.74821605
5,TCGA-AC-A3W5-01Z-00-DX1.522F702C-776E-45F1-84D3-1648DF04137C,tcga_brca,ILC,-0.04683816,-0.46970542
5,TCGA-OL-A5DA-01Z-00-DX1.1B1E9CC4-7B42-43BB-A1D7-A26F1D1F8557,tcga_brca,ILC,-0.05589724,0.02712597
5,TCGA-E2-A3DX-01Z-00-DX1.75094CA2-CE51-4886-A564-BD10043A6E4C,tcga_brca,ILC,-0.02324951,0.18710672
5,TCGA-A2-A25A-01Z-00-DX1.6D311E39-9F96-4775-B9DA-8D034D1AD1DC,tcga_brca,ILC,-0.07305336,-0.49589234
5,TCGA-AR-A0TP-01Z-00-DX1.58E6A3A6-D1D7-4AE5-87A5-E823F04CBB2F,tcga_brca,IDC,0.17535311,0.63024455
5,TCGA-B6-A0WW-01Z-00-DX1.64048633-1D1A-4074-8C50-7641159355DB,tcga_brca,IDC,0.07801908,0.58204266
5,TCGA-C8-A12N-01Z-00-DX1.8E50110E-A6C0-496F-B44E-7190096C113E,tcga_brca,IDC,0.12882650,1.13182466
5,TCGA-A8-A08A-01Z-00-DX1.3BB777A0-8652-4483-8DD6-8EB88AB0A8EF,tcga_brca,IDC,0.10154873,1.00520395
5,TCGA-D8-A4Z1-01Z-00-DX1.D39D38B5-FC9F-4298-8720-016407DC6591,tcga_brca,ILC,-0.10044920,-0.08965789
5,TCGA-A2-A0SW-01Z-00-DX1.E1EA0407-B831-4D75-826E-80B82B821797,tcga_brca,IDC,0.06305921,0.44400619
5,TCGA-AQ-A04J-01Z-00-DX1.6A4E16D4-2696-4E5F-BCA8-708556FC3A8C,tcga_brca,IDC,0.14420056,0.75051814
5,TCGA-AR-A2LQ-01Z-00-DX1.2F579E62-69A8-40F4-A516-542C7C808628,tcga_brca,ILC,-0.12223673,-0.28370410
5,TCGA-A8-A06P-01Z-00-DX1.37660D0F-1595-43C5-9D30-58D6CB93B52C,tcga_brca,IDC,0.08716816,0.59320654
5,TCGA-A8-A0A2-01Z-00-DX1.47BCDF13-1065-466A-B7CB-F91F5EAD7D91,tcga_brca,ILC,-0.04369926,-0.31775360
5,TCGA-A8-A083-01Z-00-DX1.AD121BA9-B5FA-4A03-869B-8FE2C5014CE0,tcga_brca,IDC,0.22155546,0.79908971
5,TCGA-E9-A1N6-01Z-00-DX1.C0E8FFDC-2614-4DBF-B51E-4646A3919911,tcga_brca,IDC,0.05756456,0.46541602
5,TCGA-EW-A1P3-01Z-00-DX1.EF69B964-57D6-4F8E-A183-A3022AF6E835,tcga_brca,IDC,0.02635825,0.48571839
5,TCGA-E9-A1NG-01Z-00-DX1.30d2a611-21ad-4ba0-a03c-31f36ecb83d5,tcga_brca,IDC,0.05268192,0.51587504
5,TCGA-E2-A15P-01Z-00-DX1.4C7F95DC-B319-4A78-8F34-8CB9166EA6A8,tcga_brca,IDC,0.00546873,0.37945535
5,TCGA-A7-A426-01Z-00-DX1.3058E873-9442-4872-80DA-E8A5B35054D2,tcga_brca,ILC,-0.12656599,-0.67193735
5,TCGA-UU-A93S-01Z-00-DX1.C4809779-DF5F-4F5D-A78C-B7F95F2D050F,tcga_brca,IDC,0.21416587,0.85037129
5,TCGA-BH-A0B9-01Z-00-DX1.C23ADB4C-52D4-4DFD-B8E3-156E43F0E645,tcga_brca,IDC,0.06431156,0.66178189
5,TCGA-D8-A1XF-01Z-00-DX2.1460E522-5B87-4690-8B6B-3183C5D282D6,tcga_brca,IDC,0.03671151,0.45260555
5,TCGA-D8-A1XF-01Z-00-DX1.8B9AB4A1-DEC5-4587-B022-3077CCD220F9,tcga_brca,IDC,0.03878850,0.54280782
5,TCGA-LL-A50Y-01Z-00-DX1.7F08413F-2C59-4322-9296-84F8CD3DF619,tcga_brca,ILC,-0.01585823,0.36012888
5,TCGA-E9-A3X8-01Z-00-DX1.D1532F80-F5F8-47AF-8A1B-B59E345F5D70,tcga_brca,ILC,-0.05032146,0.11861588
5,TCGA-A2-A0T5-01Z-00-DX1.128C288B-B357-439B-A8D4-8E7DEBF73E4E,tcga_brca,IDC,0.12689167,1.25154852
5,TCGA-GM-A4E0-01Z-00-DX1.55A5D765-AA35-4052-9185-6872B580F0F6,tcga_brca,ILC,-0.10940778,-0.76122510
5,TCGA-A8-A07I-01Z-00-DX1.37E7BB2E-8210-4216-B75F-0FD06D6C9AE3,tcga_brca,IDC,0.07954288,1.03714484
5,TCGA-EW-A6SD-01Z-00-DX1.32D8240E-2076-492B-BB95-300A9FCA96E7,tcga_brca,IDC,0.11714792,0.64834464
5,TCGA-GI-A2C8-01Z-00-DX1.09BD8AC9-645A-4C8B-9B36-77D833BDBA09,tcga_brca,IDC,0.11503029,1.03949115
5,TCGA-22-1017-01Z-00-DX1.9562FE79-A261-42D3-B394-F3E0E2FF7DDA,tcga_lung,LUSC,-0.00807542,0.09175806
5,TCGA-22-5472-01Z-00-DX1.1E2A1D5E-C7D3-449E-910F-1199A396804C,tcga_lung,LUSC,-0.12668675,-0.04898632
5,TCGA-21-1078-01Z-00-DX1.12d4a290-04fa-413e-b274-7c143d42c266,tcga_lung,LUSC,-0.11983705,-0.95447284
5,TCGA-77-A5FZ-01Z-00-DX1.1640E2BB-48CC-4CC0-923A-2EC730597EEF,tcga_lung,LUSC,0.14931753,0.00509640
5,TCGA-22-4596-01Z-00-DX1.0B754257-5EBB-4ABF-A847-7EFA71C7D9E7,tcga_lung,LUSC,-0.02278817,0.17912748
5,TCGA-21-1071-01Z-00-DX1.a9bba825-1c92-4101-9086-c4d1c91117af,tcga_lung,LUSC,-0.12750900,-0.78622656
5,TCGA-66-2792-01Z-00-DX1.988d556c-f65e-4cae-892d-4dfe046ea626,tcga_lung,LUSC,-0.17603242,-0.99297241
5,TCGA-34-5928-01Z-00-DX1.d336efc9-3ebb-4457-a81b-1e448781f999,tcga_lung,LUSC,-0.11425447,-0.31361746
5,TCGA-6A-AB49-01Z-00-DX1.FDF2EED7-57A3-4019-A382-21DED11780F6,tcga_lung,LUSC,-0.20266956,-0.47740434
5,TCGA-66-2777-01Z-00-DX1.78b3c4b0-e7e5-427b-b4d7-3ca9c5b7bbd6,tcga_lung,LUSC,-0.03455400,-0.31140721
5,TCGA-85-6561-01Z-00-DX1.7bb9f936-00e1-4014-a6ae-8dc1c64d7f42,tcga_lung,LUSC,-0.23781943,-1.28026480
5,TCGA-66-2800-01Z-00-DX1.19a7cec8-8894-4755-aa2c-ae5266800355,tcga_lung,LUSC,-0.14568913,-0.46446607
5,TCGA-77-A5G3-01Z-00-DX1.7ED6F76A-333F-43DB-B8DF-86BF259DCEFB,tcga_lung,LUSC,-0.29318163,-0.18735581
5,TCGA-37-4141-01Z-00-DX1.65256656-b0e0-4705-ad00-38f6c8922cfc,tcga_lung,LUSC,-0.13468659,-0.16316929
5,TCGA-66-2727-01Z-00-DX1.cab55166-3a9a-4f2e-9f7a-33859ab32d12,tcga_lung,LUSC,-0.01014906,-0.17070568
5,TCGA-85-A4CN-01Z-00-DX1.051538DE-0F7E-4CE1-9D87-18155D9DCC8B,tcga_lung,LUSC,-0.21701467,-1.00880089
5,TCGA-18-3415-01Z-00-DX1.8C62F2CD-4A2F-4D1E-A662-D7D5AFE557AB,tcga_lung,LUSC,-0.11844420,-0.84536221
5,TCGA-77-8156-01Z-00-DX1.9ed8c07d-61f3-4f6b-9c8b-312917c64e04,tcga_lung,LUSC,-0.12574553,-0.28459732
5,TCGA-18-3417-01Z-00-DX1.B424DA03-9007-4FD0-9A92-BCB40319711C,tcga_lung,LUSC,-0.10394168,-0.74660811
5,TCGA-49-6742-01Z-00-DX2.2c6b4df0-867d-40c5-8bee-14e2d219224b,tcga_lung,LUAD,0.09318233,0.56366527
5,TCGA-49-6742-01Z-00-DX4.a11201e1-9eeb-40ea-9c88-28de847ef7d8,tcga_lung,LUAD,0.09542453,0.70184823
5,TCGA-49-6742-01Z-00-DX5.74539ee6-0ac6-4663-89f1-c6a74a59a4cb,tcga_lung,LUAD,0.13522822,0.61266967
5,TCGA-49-6742-01Z-00-DX1.23e8883f-0ecc-4359-a8b5-75d49f43a08b,tcga_lung,LUAD,0.10390586,0.53188437
5,TCGA-49-6742-01Z-00-DX3.789aa445-e63f-4e6e-900a-0f47f44af6b7,tcga_lung,LUAD,0.07807553,0.74383380
5,TCGA-95-7043-01Z-00-DX1.AE0FD8AA-9B88-45FE-B247-402BED1285EF,tcga_lung,LUAD,0.08017331,0.32044921
5,TCGA-05-4245-01Z-00-DX1.36ff5403-d4bb-4415-b2c5-7c750d655cde,tcga_lung,LUAD,-0.07266843,0.24173668
5,TCGA-73-4662-01Z-00-DX1.76e23a15-0917-44ad-9181-50100d318003,tcga_lung,LUAD,0.11000502,0.54948269
5,TCGA-62-A46P-01Z-00-DX1.9136CC96-51B9-4FEB-8BCF-2C3676C708B1,tcga_lung,LUAD,0.23481289,0.28942651
5,TCGA-78-7540-01Z-00-DX1.25c29857-0d5f-4e52-be0c-32c6686b653f,tcga_lung,LUAD,0.16123974,0.64883820
5,TCGA-LA-A446-01Z-00-DX1.0DC9ABAF-2FED-4F4E-B453-299441CEC607,tcga_lung,LUSC,-0.14953959,-0.64642684
5,TCGA-90-A4ED-01Z-00-DX1.4F9CF7EC-D7CC-4AF6-A9C2-6BA7A02A9F84,tcga_lung,LUSC,-0.20088589,-0.48463803
5,TCGA-66-2780-01Z-00-DX1.895b75f9-6127-49f9-8106-0161b5de18ec,tcga_lung,LUSC,-0.17702085,-0.87160739
5,TCGA-22-4594-01Z-00-DX1.3FCEBC89-8473-4841-87A2-F84AF58A7793,tcga_lung,LUSC,0.10464221,0.52597261
5,TCGA-85-A4QQ-01Z-00-DX1.321B5149-FC07-434D-9819-3F8821D77849,tcga_lung,LUSC,-0.24959755,-0.77789223
5,TCGA-56-8624-01Z-00-DX1.18DFDAB8-1701-4E15-9321-7D99CD15E4B0,tcga_lung,LUSC,-0.05534375,-0.35595898
5,TCGA-85-6175-01Z-00-DX1.102f9bad-4084-4e3a-99e9-91e026ad9a62,tcga_lung,LUSC,-0.06377470,-0.35830058
5,TCGA-22-5491-01Z-00-DX1.19908BEC-3DDA-4BCD-9EB1-0D2C4A1E5110,tcga_lung,LUSC,-0.12548971,-0.56813854
5,TCGA-37-5819-01Z-00-DX1.3647F836-7BB4-4D41-A85E-CFC0B5CBA216,tcga_lung,LUSC,-0.03069270,0.12256501
5,TCGA-21-1080-01Z-00-DX1.7afa55df-e460-406e-ae9a-43ac4a71d0b0,tcga_lung,LUSC,-0.22044480,-1.03076700
5,TCGA-77-6843-01Z-00-DX1.5ced4995-81a1-4dfd-82b2-0cabf4538bc5,tcga_lung,LUSC,-0.12523448,-0.64857212
5,TCGA-98-A53A-01Z-00-DX1.CB328332-8AA9-483D-8BBF-5FD752A2A6B6,tcga_lung,LUSC,-0.37293267,-1.11503261
5,TCGA-85-8664-01Z-00-DX1.d83b183e-4cc6-4608-93fb-46e69d36a2fa,tcga_lung,LUSC,-0.19889444,-0.37267243
5,TCGA-L4-A4E5-01Z-00-DX1.C2A5EF71-1F40-4E34-AC30-58D7121C1338,tcga_lung,LUAD,0.05780703,0.41648782
5,TCGA-86-7953-01Z-00-DX1.847865ce-df59-4677-bac2-ee88a258fe4e,tcga_lung,LUAD,0.10116315,0.58380336
5,TCGA-44-3919-01Z-00-DX1.41144972-46a1-4b25-9faa-ed1b9d1996d2,tcga_lung,LUAD,0.04835689,0.90741256
5,TCGA-55-8094-01Z-00-DX1.8dc29615-e124-4f17-81a1-c0b20c38d12c,tcga_lung,LUAD,0.01308751,0.31590339
5,TCGA-44-A47A-01Z-00-DX1.62448803-3A7B-41EC-9794-67916DA0792E,tcga_lung,LUAD,0.10344160,0.42703390
5,TCGA-78-7536-01Z-00-DX1.6b066140-8b82-40a5-bd48-430eeb4463fe,tcga_lung,LUAD,0.09834462,0.39118595
5,TCGA-50-6593-01Z-00-DX1.a63e298c-cbe7-44e8-8d8e-34ebb93530ca,tcga_lung,LUAD,0.13222361,0.39521604
5,TCGA-91-A4BC-01Z-00-DX1.8D8783B1-D1BA-4970-B77B-3AED8506C487,tcga_lung,LUAD,-0.03599632,0.48946537
5,TCGA-78-7167-01Z-00-DX1.f79e1a9b-a3eb-4c91-a1fd-7bb58b1620b1,tcga_lung,LUAD,0.14260387,1.05915867
5,TCGA-46-3768-01Z-00-DX1.226f6cbc-f1f4-4df8-8366-c94fd78e037b,tcga_lung,LUSC,-0.19286865,-0.60807659
5,TCGA-66-2755-01Z-00-DX1.ccc904f0-4cd3-44a5-8b68-7272f2a7558f,tcga_lung,LUSC,-0.17877501,-0.59321545
5,TCGA-22-A5C4-01Z-00-DX1.54058689-5CA5-4F92-B18A-86208C24C87D,tcga_lung,LUSC,-0.04307032,-0.33304499
5,TCGA-NC-A5HJ-01Z-00-DX1.0BC0D0C7-F3D3-463E-BA94-C4289D97F1D9,tcga_lung,LUSC,-0.11223999,-0.08959066
5,TCGA-22-1012-01Z-00-DX1.053F81FA-F91A-42B0-8F12-CD2495FA9E99,tcga_lung,LUSC,-0.06044126,-0.35130697
5,TCGA-85-8070-01Z-00-DX1.54e7edf1-28d3-4fd5-bab3-951e58620386,tcga_lung,LUSC,-0.07522476,-0.34342629
5,TCGA-92-7340-01Z-00-DX1.e0b0240c-9b6c-4da9-b9cb-bc634051fc45,tcga_lung,LUSC,-0.07858580,-0.73531887
5,TCGA-77-8144-01Z-00-DX1.5194d537-c942-45f3-967b-eb213646ff24,tcga_lung,LUSC,-0.17324513,-0.59407051
5,TCGA-43-6143-01Z-00-DX1.52d974a8-3f07-4e7f-8d3f-5d47f321298c,tcga_lung,LUSC,-0.22714216,-0.24894145
5,TCGA-67-3770-01Z-00-DX1.4C14BE72-905C-4AAE-B07A-6437D98A23FA,tcga_lung,LUAD,0.08270168,1.32067674
5,TCGA-18-3407-01Z-00-DX1.E7DDA7E3-45A2-4E06-A081-E6A81A672155,tcga_lung,LUSC,-0.11679721,-0.32489190
5,TCGA-44-5643-01Z-00-DX1.83fb7631-0ecb-4473-bfb2-c8daa2f87d35,tcga_lung,LUAD,-0.26967114,-0.75640020
5,TCGA-86-8279-01Z-00-DX1.fd12b60e-d181-454b-a655-298a973a849d,tcga_lung,LUAD,0.08790785,0.82507489
5,TCGA-49-4506-01Z-00-DX1.b13b8ef2-fd06-4309-a767-696a9afeaedd,tcga_lung,LUAD,0.19100624,0.51331766
5,TCGA-49-4506-01Z-00-DX4.9460a2c1-efe2-4095-9b0e-dfe0eda684ba,tcga_lung,LUAD,0.17100942,0.29389105
5,TCGA-49-4506-01Z-00-DX2.81e180ae-bd9f-49cc-9a0f-297800cc7280,tcga_lung,LUAD,0.12905416,0.50670074
5,TCGA-49-4506-01Z-00-DX3.a05a3969-bbef-48d8-86de-f51c8870afd6,tcga_lung,LUAD,0.20151874,0.53379583
5,TCGA-44-A47G-01Z-00-DX1.810F67EC-3A0C-4056-B736-3331A11412CC,tcga_lung,LUAD,0.09747803,0.50253738
5,TCGA-95-A4VK-01Z-00-DX1.D09778E0-285E-4593-84C8-B6009DDF4E41,tcga_lung,LUAD,0.07603878,0.57465995
5,TCGA-44-3398-01Z-00-DX1.74757c91-a0c6-4e7f-b2db-8748c68ffa44,tcga_lung,LUAD,0.06796813,0.51459721
5,TCGA-50-6590-01Z-00-DX1.B08B2656-3DC7-4D35-A54D-9C57A7A773B3,tcga_lung,LUAD,0.04238975,0.88267221
5,TCGA-55-7725-01Z-00-DX1.4d678777-63b1-4f4a-932a-7fccabf504c7,tcga_lung,LUAD,0.21968287,0.99628071
5,TCGA-55-7576-01Z-00-DX1.3a6142e9-c90a-4938-a1d1-061c2ac261f0,tcga_lung,LUAD,0.10338312,0.75819175
5,TCGA-73-7498-01Z-00-DX1.5313bba9-7f6a-49b4-8d6e-a0f46a04f189,tcga_lung,LUAD,0.14372110,0.63584372
5,TCGA-49-4501-01Z-00-DX3.b6c2cc84-1c94-4816-92e7-8cf4446ac9ac,tcga_lung,LUAD,0.14303124,0.46829239
5,TCGA-49-4501-01Z-00-DX1.9c4bf212-5e32-449e-8710-cf7a3594156e,tcga_lung,LUAD,0.08623600,0.84133214
5,TCGA-49-4501-01Z-00-DX2.07b7723d-136b-490c-9dd3-7f3aef78d3d9,tcga_lung,LUAD,0.05454332,1.17104653
5,TCGA-44-2661-01Z-00-DX1.20cfa0f8-e3ca-4c26-9dfe-b9d416cd94b1,tcga_lung,LUAD,0.10694176,1.19053822
5,TCGA-J2-8194-01Z-00-DX1.7700924D-B6AF-46A7-A7D7-B5C17A66C5F7,tcga_lung,LUAD,0.15972403,0.92517258
5,TCGA-97-7546-01Z-00-DX1.dad9871f-cdfb-424d-a5b2-4e0905c29137,tcga_lung,LUAD,0.12889105,0.98453785
5,TCGA-05-4426-01Z-00-DX1.4c9da782-f4aa-4c4f-b3aa-fae2259f236f,tcga_lung,LUAD,0.10254252,0.56145233
5,TCGA-86-A4D0-01Z-00-DX1.165461AD-A8DA-4B7B-87CE-F5DBDBD2C0A7,tcga_lung,LUAD,0.01913077,0.30332582
5,TCGA-55-8514-01Z-00-DX1.499CF563-B404-4061-9D1A-57954BBE2CE7,tcga_lung,LUAD,0.12824434,0.66062865
5,TCGA-MP-A4SV-01Z-00-DX1.5430F2CF-BE4B-42D6-9CD4-92E6FB3F6E99,tcga_lung,LUAD,0.08248043,0.69274070
5,TCGA-69-7760-01Z-00-DX1.7fc295e3-5bfc-4017-801c-491489d0eb34,tcga_lung,LUAD,0.13201904,0.80274697
5,TCGA-49-AARN-01Z-00-DX1.E13AA041-978E-427D-AFA5-D3180224A03A,tcga_lung,LUAD,0.09024048,0.05050821
5,TCGA-69-8453-01Z-00-DX1.C472096B-95BA-42CD-ADEB-326C38F9DC95,tcga_lung,LUAD,0.10597587,0.85904411
5,TCGA-71-8520-01Z-00-DX1.EAE99132-A397-4B4D-8B09-CBB774A7B62F,tcga_lung,LUAD,0.11025357,0.96503182
5,TCGA-78-7145-01Z-00-DX1.ecde66bf-2de8-4e31-b3ab-4fed4f055dda,tcga_lung,LUAD,0.10628867,0.72554067
5,TCGA-MP-A4T8-01Z-00-DX1.3ECB340F-66C7-4F64-8E00-463BF82AAD83,tcga_lung,LUAD,0.10942221,1.15868019
5,TCGA-55-6968-01Z-00-DX1.810e0fee-99ab-465b-8ae9-fb416e4dca3c,tcga_lung,LUAD,0.00482744,0.26154618
5,TCGA-78-7161-01Z-00-DX1.646cf15a-5961-4728-b9fe-fe3fff11831f,tcga_lung,LUAD,0.09465539,0.50958911
5,TCGA-NJ-A55O-01Z-00-DX1.8E23C821-B8BB-4D89-9E38-E97424A685CE,tcga_lung,LUAD,0.08364791,0.53324483
5,TCGA-44-7660-01Z-00-DX1.f96c114b-f0fc-498a-97cc-e262344de357,tcga_lung,LUAD,-0.12238669,-0.31531041
5,TCGA-05-4417-01Z-00-DX1.6E534856-996F-4BD9-8AFC-7B1BF627E505,tcga_lung,LUAD,0.05689794,0.36814016
6,TCGA-JY-A6FE-01Z-00-DX1.BB3951AD-AA8D-4B2A-86E5-E0C4AA90E7AC,tcga_esca,ESCC,0.14235136,-0.01851607
6,TCGA-Q9-A6FW-01Z-00-DX1.E68929C9-0B9F-4292-9622-D2BF6A951410,tcga_esca,ESAD,0.22050136,0.01459576
6,TCGA-IG-A5S3-01Z-00-DX1.2410F826-855B-41CD-ADC1-25BECB2A801C,tcga_esca,ESCC,-0.06852931,-0.05641940
6,TCGA-R6-A6KZ-01Z-00-DX1.B886CFAB-E8D0-4FA5-AD76-70704B66A4E0,tcga_esca,ESAD,0.26470286,0.13935217
6,TCGA-LN-A49N-01Z-00-DX1.C7A5E9C8-51EC-4BDE-93EB-208FE221DEF6,tcga_esca,ESCC,-0.27268946,-0.48821247
6,TCGA-LN-A4A1-01Z-00-DX1.2EB1225F-0C53-4E2F-82B2-2AB061E99986,tcga_esca,ESCC,-0.28569698,-0.69429817
6,TCGA-R6-A6DQ-01Z-00-DX1.FDF43092-2537-448F-BF88-2709302534D1,tcga_esca,ESAD,0.19522876,0.42213977
6,TCGA-VR-A8EZ-01Z-00-DX1.A76DB954-BA0F-48BB-868F-6A40327C85C1,tcga_esca,ESCC,-0.24053025,-0.05011408
6,TCGA-IG-A4QS-01Z-00-DX1.4B51BDD5-31F8-48E4-BF1D-A2C66A1B11C3,tcga_esca,ESAD,0.28682518,0.30917708
6,TCGA-L5-A43M-01Z-00-DX1.05B47483-0D66-45A3-9EEC-244D454C0B94,tcga_esca,ESAD,0.43629950,0.35839016
6,TCGA-IG-A97H-01Z-00-DX1.DB5FAE75-4F0D-4D25-BE6F-928CA784EEF7,tcga_esca,ESCC,-0.25832057,-0.45924860
6,TCGA-LN-A5U5-01Z-00-DX1.750F8DA5-7A2C-44EB-8569-5EBEB27D0D67,tcga_esca,ESCC,-0.18161505,-0.34567505
6,TCGA-V5-A7RC-01Z-00-DX2.54636905-0758-440E-843E-F8C3AF64F7E1,tcga_esca,ESCC,0.00484067,-0.26459228
6,TCGA-V5-A7RC-01Z-00-DX1.044C13B6-A5D9-4DBB-BD0C-B392BB8A46D5,tcga_esca,ESCC,-0.15478110,0.00855494
6,TCGA-LN-A49S-01Z-00-DX1.F9A7F5B3-8E02-4873-B193-EB0056AD286C,tcga_esca,ESCC,-0.25892115,-0.51574513
6,TCGA-ZR-A9CJ-01Z-00-DX1.4A1AE826-FB78-4DD3-8814-570CE0E186AE,tcga_esca,ESAD,0.06140310,0.07678794
6,TCGA-A4-A57E-01Z-00-DX1.364D4762-64D9-4F71-8E33-1F6B058054F2,tcga_rcc,PRCC,-0.25929761,-0.74172944
6,TCGA-Y8-A895-01Z-00-DX1.3F0C49CF-991F-495F-8E0D-D51F7393E271,tcga_rcc,PRCC,-0.20483071,-0.69726228
6,TCGA-A4-8630-01Z-00-DX1.D00486C1-1E74-4B8A-AC00-9E2365F20383,tcga_rcc,PRCC,-0.09741771,-0.46960577
6,TCGA-4A-A93X-01Z-00-DX2.45011BF1-FED8-4D22-B5E1-C63DC384FD2A,tcga_rcc,PRCC,-0.29769826,-0.38718993
6,TCGA-4A-A93X-01Z-00-DX1.A80225A4-9C74-4920-ADFC-7163719FB0BA,tcga_rcc,PRCC,-0.34028181,-0.59606469
6,TCGA-CJ-4912-01Z-00-DX1.28805E39-F07A-40FF-8810-162BED671E17,tcga_rcc,CCRCC,0.25084674,0.59050936
6,TCGA-A3-3385-01Z-00-DX1.c7b1827d-aa03-4622-a736-e6f27992b7cd,tcga_rcc,CCRCC,0.35405573,1.16706732
6,TCGA-BP-4991-01Z-00-DX1.71305f5c-ca59-48fa-bb82-4b441c1fffdc,tcga_rcc,CCRCC,0.25450498,0.80787243
6,TCGA-MM-A564-01Z-00-DX1.F8F976F5-500F-4B3F-BF0E-EC3D126AF7D3,tcga_rcc,CCRCC,0.24368000,0.68591729
6,TCGA-MM-A564-01Z-00-DX2.C54B9A26-7221-4B29-8331-6D8F8F52B058,tcga_rcc,CCRCC,0.30617762,0.80646074
6,TCGA-CJ-4892-01Z-00-DX1.7732DE46-3F0B-4B38-A352-552F6F8A5CF3,tcga_rcc,CCRCC,0.25490522,0.32015340
6,TCGA-B0-5098-01Z-00-DX1.d9298d58-2fd2-4cfd-9900-6e0b7ebfc9c9,tcga_rcc,CCRCC,0.08139879,0.05219411
6,TCGA-B8-4143-01Z-00-DX1.44100402-0862-4e68-83fa-c8fb6536563a,tcga_rcc,CCRCC,0.25343102,0.67150724
6,TCGA-BP-4763-01Z-00-DX1.6f3d1ec1-6404-42a9-9668-2cf0ac931a46,tcga_rcc,CCRCC,0.27206194,0.97444841
6,TCGA-B2-5636-01Z-00-DX1.31aff50a-fa20-4f89-85e4-bc2417c4db46,tcga_rcc,CCRCC,0.32436356,0.99813180
6,TCGA-B0-4710-01Z-00-DX1.e1440c30-b28d-42a8-b126-5abab7e0e3b2,tcga_rcc,CCRCC,0.23101932,0.44922777
6,TCGA-B0-5075-01Z-00-DX1.09207440-8016-4053-ba10-864744c3508c,tcga_rcc,CCRCC,0.13189375,0.44953844
6,TCGA-CJ-5681-01Z-00-DX1.103D5A1F-B07C-4090-8E3A-770514D2BBC4,tcga_rcc,CCRCC,0.04359657,0.27253851
6,TCGA-BP-4761-01Z-00-DX1.a53a55ed-a49f-4b4e-ba94-f64da0eedc4f,tcga_rcc,CCRCC,0.13703531,0.29018472
6,TCGA-BP-5182-01Z-00-DX1.7c434449-e102-47ca-ab56-94f0621811f6,tcga_rcc,CCRCC,0.10246837,0.16381903
6,TCGA-B0-5094-01Z-00-DX1.eac31fe2-09da-4ecf-8e25-c073cbb03295,tcga_rcc,CCRCC,0.21548629,0.67408780
6,TCGA-BP-4341-01Z-00-DX1.095921d7-ee43-4837-9dd4-263fe071ddb8,tcga_rcc,CCRCC,0.29397577,0.65653540
6,TCGA-CJ-5684-01Z-00-DX1.140EAE71-7E0C-43C0-ACA3-465D0B16A605,tcga_rcc,CCRCC,0.28869826,0.77785822
6,TCGA-A3-A8OW-01Z-00-DX1.B173FC44-8708-4255-AF01-9D8194F0BCA1,tcga_rcc,CCRCC,0.35118073,1.18362185
6,TCGA-BP-4962-01Z-00-DX1.49d7d740-c260-467d-8ce2-3bf4e6fe6ef0,tcga_rcc,CCRCC,0.11962014,0.27915817
6,TCGA-BP-4758-01Z-00-DX1.f30694f7-b54f-43d8-a71c-0558caf0621c,tcga_rcc,CCRCC,0.35451090,0.94084167
6,TCGA-Y8-A898-01Z-00-DX1.DB759C9A-0A6C-4F57-8AAB-D1B1DFDE44EC,tcga_rcc,PRCC,-0.20178097,-1.00036295
6,TCGA-J7-6720-01Z-00-DX1.049801b6-0f22-44cf-a12c-b46f2aa3ee6b,tcga_rcc,PRCC,0.00458038,-0.24621499
6,TCGA-2Z-A9JJ-01Z-00-DX1.70CE98C1-3591-42E8-997A-95BE00413565,tcga_rcc,PRCC,-0.18116015,-0.29670440
6,TCGA-P4-A5EA-01Z-00-DX1.21DE2F39-A8B1-4482-9E7C-C67ABEAB4C32,tcga_rcc,PRCC,-0.29741150,-0.61084693
6,TCGA-IA-A40U-01Z-00-DX1.6E395B5D-0460-41A6-B550-A068A9C7D744,tcga_rcc,PRCC,-0.19842356,-0.57121165
6,TCGA-P4-AAVL-01Z-00-DX1.6A86A318-057A-468D-826E-3B5C8B224266,tcga_rcc,PRCC,-0.29150695,-0.35101698
6,TCGA-DW-7837-01Z-00-DX1.94DDB53B-5B3C-4CF5-B421-32661EE2F8CE,tcga_rcc,PRCC,-0.31548721,-1.32987413
6,TCGA-A4-8312-01Z-00-DX1.B59C24F4-205D-40C1-8DB3-4D78AE8D5826,tcga_rcc,PRCC,-0.38467664,-0.82340713
6,TCGA-BQ-7060-01Z-00-DX1.e93c2e87-3449-4952-9a8e-1903c4d6ce66,tcga_rcc,PRCC,-0.27111363,-1.10385148
6,TCGA-G7-7501-01Z-00-DX1.9d079751-475f-4e04-9c64-e626d543439d,tcga_rcc,PRCC,-0.17310750,-0.45581114
6,TCGA-MH-A562-01Z-00-DX1.422B7AF0-DF11-4B89-958D-66D0529ADB84,tcga_rcc,PRCC,-0.23380733,-0.83377348
6,TCGA-DW-7839-01Z-00-DX1.A532D9CE-7D14-47B8-8AB3-524F4C7364BE,tcga_rcc,PRCC,-0.39291048,-1.16960684
6,TCGA-F9-A4JJ-01Z-00-DX1.2A001EAC-7B8A-4ACC-95EA-EC234F013310,tcga_rcc,PRCC,-0.29401374,-0.97311672
6,TCGA-DW-7963-01Z-00-DX1.B29C89E1-FC44-4565-97EC-DCBE7C0973B1,tcga_rcc,PRCC,-0.23936397,-0.49806609
6,TCGA-A3-3365-01Z-00-DX2.f6512c55-1887-495f-b628-9ee203ad59e9,tcga_rcc,CCRCC,0.37003878,1.21546391
6,TCGA-A3-3365-01Z-00-DX1.dc5b8d77-b5ba-47c8-b536-a8f1ed458ed3,tcga_rcc,CCRCC,0.33368516,0.94255648
6,TCGA-B0-5113-01Z-00-DX1.db0ceba9-8e15-4308-bd78-dc587f5606a0,tcga_rcc,CCRCC,0.14281416,0.85074741
6,TCGA-B0-5115-01Z-00-DX1.f07e128b-5a67-409a-a420-ce953f291364,tcga_rcc,CCRCC,0.16956425,0.88838113
6,TCGA-A3-3372-01Z-00-DX1.6a238433-934b-4a03-a35e-4728658eea84,tcga_rcc,CCRCC,0.24221092,1.16988018
6,TCGA-B0-5121-01Z-00-DX1.3e7c6f3c-998a-465f-a464-c301e71f2a89,tcga_rcc,CCRCC,0.30779034,1.11149599
6,TCGA-B0-5705-01Z-00-DX1.4544d10a-df2f-46f3-b174-94f72c9310aa,tcga_rcc,CCRCC,0.26786000,0.54683360
6,TCGA-BP-4784-01Z-00-DX1.5b7d8f64-34f4-4d5d-95b1-77700042e5e7,tcga_rcc,CCRCC,0.13590479,0.15771280
6,TCGA-BP-5184-01Z-00-DX1.b682d92b-fc7b-4a8c-a0f3-d1e3a309f136,tcga_rcc,CCRCC,0.33030933,1.01433008
6,TCGA-CJ-4639-01Z-00-DX1.78EC26B2-D619-4E01-AD44-813201E96DBB,tcga_rcc,CCRCC,0.29548264,1.05249135
6,TCGA-BP-4968-01Z-00-DX1.e2dfdd69-2fc4-4ed9-96aa-ad88424d2989,tcga_rcc,CCRCC,0.17730051,0.80245130
6,TCGA-BP-4337-01Z-00-DX1.5c88395f-317b-4cc5-8945-16c7cdb0876e,tcga_rcc,CCRCC,0.21323115,0.79171315
6,TCGA-BP-4760-01Z-00-DX1.0a49c368-739d-42f8-a1cc-5a35ee70a810,tcga_rcc,CCRCC,-0.02331364,0.15438596
6,TCGA-2Z-A9JQ-01Z-00-DX1.2B60CD27-C443-46D3-80E2-EAAE2EF81C90,tcga_rcc,PRCC,-0.28989768,-0.79571097
6,TCGA-B4-5844-01Z-00-DX1.64CF8817-E960-45EC-8073-8228DE0486C0,tcga_rcc,CCRCC,0.34169763,1.26510819
6,TCGA-B0-4834-01Z-00-DX1.c4bb0354-50a6-4ac7-b538-59a9428bc527,tcga_rcc,CCRCC,0.02680928,0.10771449
6,TCGA-B8-4151-01Z-00-DX1.70d1897f-f121-4e02-a028-91fadeff2229,tcga_rcc,CCRCC,0.29043031,0.90295535
6,TCGA-BP-4342-01Z-00-DX1.c77b7558-c2f5-4953-b00a-c188f8ffb0c6,tcga_rcc,CCRCC,0.37667954,0.45678119
6,TCGA-BP-4161-01Z-00-DX1.a5c24186-a438-4c65-857e-d6da30340342,tcga_rcc,CCRCC,0.21936226,0.72830387
6,TCGA-B0-5120-01Z-00-DX1.ea9b8cee-f81d-4289-9c1f-30729a34ac04,tcga_rcc,CCRCC,0.16336155,0.57300116
6,TCGA-BP-4769-01Z-00-DX1.c13d841b-b3f6-4d86-b1c1-94e850a8fa44,tcga_rcc,CCRCC,0.16914302,0.70937796
6,TCGA-BP-4332-01Z-00-DX1.cce78224-1325-42ee-9211-b5142e0e3175,tcga_rcc,CCRCC,0.17997515,0.63685687
6,TCGA-B0-5116-01Z-00-DX1.48fbc5d2-2fda-4ad3-86ee-ab43fb0f56cb,tcga_rcc,CCRCC,0.24593812,0.91063291
6,TCGA-BP-4775-01Z-00-DX1.35a3f505-218c-4e34-912a-869d1f7b73a2,tcga_rcc,CCRCC,0.24759442,0.51886247
6,TCGA-BP-5173-01Z-00-DX1.2f2d1b0c-7579-4c77-bccd-04cbf0957897,tcga_rcc,CCRCC,0.21739370,0.87924080
6,TCGA-CJ-4887-01Z-00-DX1.66F5343A-537E-44B4-815E-20BC4B831D9B,tcga_rcc,CCRCC,0.29659164,0.66943616
6,TCGA-BP-5190-01Z-00-DX1.1bc4a76e-f264-45fc-ad34-6c77593c4cc4,tcga_rcc,CCRCC,0.10700250,0.65388704
6,TCGA-BP-4351-01Z-00-DX1.48d043e8-8e71-48e7-8c72-9fafcf93df01,tcga_rcc,CCRCC,0.24876225,1.11830651
6,TCGA-CJ-4889-01Z-00-DX1.A584930A-586C-4CD9-980E-FB0240AD5D27,tcga_rcc,CCRCC,0.23848122,0.67686277
6,TCGA-A3-3362-01Z-00-DX1.69196ce3-b7ec-4e76-966d-18aeb48f103c,tcga_rcc,CCRCC,0.32646441,1.33894664
6,TCGA-B0-5099-01Z-00-DX1.b52a09b0-7361-4bc8-afce-d587d716599a,tcga_rcc,CCRCC,0.29574382,1.13949528
6,TCGA-B0-5084-01Z-00-DX1.550d2568-2aa9-42c8-9b21-fd66aea9c809,tcga_rcc,CCRCC,-0.04079515,-0.20850978
6,TCGA-A4-7583-01Z-00-DX1.c958bf2d-ad61-4b21-93fd-afb5ac110e55,tcga_rcc,PRCC,-0.16447687,-0.84273159
6,TCGA-P4-A5E7-01Z-00-DX1.4957D156-3E76-44C7-ADBC-3F02933D9F51,tcga_rcc,PRCC,-0.21646816,-0.74237235
6,TCGA-G7-A8LD-01Z-00-DX1.1CC1D9FD-11D7-4E38-8AB7-34BF23C95D65,tcga_rcc,PRCC,-0.27914625,-0.00096580
6,TCGA-BQ-5880-01Z-00-DX1.c1d047b5-0fce-4f4f-b888-5ecbb6762cc8,tcga_rcc,PRCC,-0.18704748,-0.14547369
6,TCGA-A4-A4ZT-01Z-00-DX1.AC68E09D-FE10-409E-98A5-28A54343C87E,tcga_rcc,PRCC,-0.28736126,-0.98295170
6,TCGA-BH-A1EN-01Z-00-DX1.F535657F-E2FA-4283-87AE-7DAB663B196B,tcga_brca,IDC,0.10478124,0.16870541
6,TCGA-A2-A0EO-01Z-00-DX1.D7A09E23-2CAB-4B3B-814C-BF0BA75B7589,tcga_brca,IDC,0.05232799,0.64652444
6,TCGA-AR-A1AS-01Z-00-DX1.72979519-0A90-42AD-9F23-1991F75C8CE7,tcga_brca,IDC,0.13209027,0.92427018
6,TCGA-A2-A0T1-01Z-00-DX1.CD1E9C46-18A3-466B-AA0B-24F3055FA851,tcga_brca,IDC,0.16665518,1.02257942
6,TCGA-BH-A0BT-01Z-00-DX1.9087B9E7-C0CD-4179-AF57-AD9255785169,tcga_brca,IDC,0.15150172,0.99837824
6,TCGA-AC-A3YI-01Z-00-DX1.321C0A32-ABF9-48ED-8071-C6B1774E9F7B,tcga_brca,ILC,-0.10273248,-0.19499001
6,TCGA-EW-A1P5-01Z-00-DX1.B0D59A56-116E-48B3-BC90-237EA4B3F95B,tcga_brca,IDC,0.05783087,0.57914310
6,TCGA-3C-AALI-01Z-00-DX1.F6E9A5DF-D8FB-45CF-B4BD-C6B76294C291,tcga_brca,IDC,0.14889067,0.59055702
6,TCGA-3C-AALI-01Z-00-DX2.CF4496E0-AB52-4F3E-BDF5-C34833B91B7C,tcga_brca,IDC,0.13546669,0.53758444
6,TCGA-C8-A130-01Z-00-DX1.F6810204-C35A-4461-A18A-0A117739B988,tcga_brca,IDC,0.07798290,0.22000278
6,TCGA-D8-A141-01Z-00-DX2.DBD0D81E-28FC-4466-BDE3-94753BD6CBEB,tcga_brca,IDC,0.19024009,1.07523988
6,TCGA-D8-A141-01Z-00-DX1.10F6EEB2-C920-43FF-B5A7-B5A651CBDBE3,tcga_brca,IDC,0.08675861,1.11051138
6,TCGA-AC-A3QP-01Z-00-DX1.4B97E53E-1069-40C5-A062-C988663B37DD,tcga_brca,ILC,-0.07226002,-0.59498336
6,TCGA-D8-A1Y0-01Z-00-DX2.7C25E941-12A6-46CE-B1A5-488D08E35684,tcga_brca,IDC,0.01641297,0.29919693
6,TCGA-D8-A1Y0-01Z-00-DX1.10F40197-4174-43CC-AAD3-8CB85154FB2D,tcga_brca,IDC,0.00510228,0.33981119
6,TCGA-AC-A5XU-01Z-00-DX1.1AEEFAAF-0906-4086-8022-13B689FAB9F5,tcga_brca,IDC,0.12970024,0.69567295
6,TCGA-BH-A0HA-01Z-00-DX1.5A2F5C86-E1E7-445D-A4E3-29980FA37708,tcga_brca,IDC,0.05864358,0.34109295
6,TCGA-A2-A1G0-01Z-00-DX1.9ECB0B8A-EF4E-45A9-82AC-EF36375DEF65,tcga_brca,IDC,0.00644892,0.56633537
6,TCGA-A7-A6VX-01Z-00-DX1.F74DA243-C65A-4997-BCA0-F1C89675978C,tcga_brca,IDC,0.09625584,0.55400064
6,TCGA-A7-A6VX-01Z-00-DX2.9EE94B59-6A2C-4507-AA4F-DC6402F2B74F,tcga_brca,IDC,-0.10248354,0.12622313
6,TCGA-W8-A86G-01Z-00-DX2.DEC2CC1C-3662-43C6-A5CB-EC94B343FA3D,tcga_brca,ILC,-0.03538191,0.21409646
6,TCGA-EW-A6SB-01Z-00-DX1.D56E1922-01A9-4AEE-AB95-D69447DD13EE,tcga_brca,IDC,0.12697551,0.33063769
6,TCGA-AR-A24S-01Z-00-DX1.317C3B19-0D0F-4315-AC2D-C741F09DD775,tcga_brca,IDC,0.10887384,1.06325633
6,TCGA-A2-A0EV-01Z-00-DX1.EA8C5594-BA4F-47A8-949B-D536E00E62C9,tcga_brca,IDC,0.08236545,0.64714407
6,TCGA-E2-A1B5-01Z-00-DX1.AB19FF3D-5C42-4D49-ABEA-D2315709B6EA,tcga_brca,ILC,-0.07913804,-0.59424670
6,TCGA-D8-A1JE-01Z-00-DX1.714805A1-E337-46DA-88D9-6CE4B4E3C2D0,tcga_brca,IDC,0.08769780,0.98210937
6,TCGA-D8-A1JE-01Z-00-DX2.CCF3DFEF-E851-425A-BCD0-0F7B377A00BC,tcga_brca,IDC,0.10672039,0.66857343
6,TCGA-D8-A1JC-01Z-00-DX2.854ABF5D-40F1-48AE-802F-97D75497F1FD,tcga_brca,IDC,0.12260884,0.59919657
6,TCGA-D8-A1JC-01Z-00-DX1.16D32FE8-4D76-4EEC-9739-D394087605BC,tcga_brca,IDC,0.08618814,0.24649501
6,TCGA-B6-A0RE-01Z-00-DX1.8933BDB4-EF8D-41FA-9A50-05BB3AB976E5,tcga_brca,IDC,0.14735746,1.20689565
6,TCGA-A7-A13F-01Z-00-DX1.AB4ADDD3-8E1C-4AB9-813E-D137A2CFB950,tcga_brca,IDC,0.05726397,0.27719328
6,TCGA-A7-A13F-01Z-00-DX2.8CC23BAD-B3CC-4BBC-832A-A3879D6EF62D,tcga_brca,IDC,0.04269391,0.19094472
6,TCGA-S3-AA12-01Z-00-DX2.4F0A4F18-41C7-4497-A7B8-5DCE610E08AD,tcga_brca,IDC,0.12857574,0.91308855
6,TCGA-S3-AA12-01Z-00-DX1.2A991B9F-E7E6-410B-B0BF-635E3CC40C7E,tcga_brca,IDC,0.14475006,1.01794629
6,TCGA-AR-A250-01Z-00-DX1.572A2F73-6BF5-4932-BFEF-4B8904755ACF,tcga_brca,IDC,0.10764432,0.79436200
6,TCGA-BH-A0DG-01Z-00-DX1.D3C4F57F-608F-46AA-A978-B558117C9DFB,tcga_brca,IDC,0.12427306,0.68402354
6,TCGA-BH-A2L8-01Z-00-DX1.ACA51CA9-3C38-48A6-B4A9-C12FFAB9AB56,tcga_brca,ILC,-0.01528853,-0.14075107
6,TCGA-AR-A252-01Z-00-DX1.2E7EE069-A0B8-489B-A2F0-3175FB58F468,tcga_brca,IDC,0.10787660,0.73238726
6,TCGA-AC-A2FG-01Z-00-DX1.0F13DE40-9F7A-42C6-AB3D-02E8521B690A,tcga_brca,ILC,-0.07943833,-0.24685130
6,TCGA-BH-A0H0-01Z-00-DX1.B3B394DD-1F4E-42CA-BB51-C002E423B3D0,tcga_brca,IDC,0.03186750,0.53182516
6,TCGA-BH-A0B4-01Z-00-DX1.A2CB0BF4-32F9-48FD-9B96-A744013BADDB,tcga_brca,IDC,0.09250963,0.55750175
6,TCGA-D8-A27H-01Z-00-DX1.BE9DFDD4-97C5-4327-B1DA-4B34A6F267C5,tcga_brca,IDC,0.04894137,0.55571004
6,TCGA-EW-A1J3-01Z-00-DX1.F736F6F4-0859-439A-A417-98B520C8D65A,tcga_brca,ILC,-0.03343868,0.38587169
6,TCGA-A2-A25C-01Z-00-DX1.F8E6044A-435E-42D5-94FF-C0F572F1ED99,tcga_brca,IDC,0.08044350,0.90727136
6,TCGA-D8-A142-01Z-00-DX1.F6D58989-9120-40C9-918D-6B1650C1A8E8,tcga_brca,IDC,0.16823781,0.76912691
6,TCGA-AR-A1AO-01Z-00-DX1.244DEE5B-0896-452F-A14D-E290260A9D8F,tcga_brca,IDC,-0.06631970,0.34303249
6,TCGA-A7-A13H-01Z-00-DX1.FCB33A3C-6209-474C-83C1-02551F242937,tcga_brca,ILC,-0.09213817,-0.18873373
6,TCGA-A7-A13H-01Z-00-DX2.6C937651-4D3E-475D-99F6-4A9FD25CD48B,tcga_brca,ILC,-0.05468333,-0.03165118
6,TCGA-E2-A107-01Z-00-DX1.3BFCCC24-7286-488D-A9E9-98E498AD0767,tcga_brca,ILC,-0.06313425,-0.50287666
6,TCGA-AC-A3OD-01Z-00-DX1.E19B311B-BAB1-4CE8-9421-B49D5BE4537E,tcga_brca,ILC,-0.09446228,-0.66281601
6,TCGA-E9-A1R0-01Z-00-DX1.187C58EA-132E-4B3C-BAD0-7F59101D5C4D,tcga_brca,IDC,0.10170114,0.92550917
6,TCGA-AC-A3TN-01Z-00-DX1.F00E81C7-0CA2-49E8-A30F-DE423538E93C,tcga_brca,ILC,-0.03104252,-0.03672439
6,TCGA-A2-A0CP-01Z-00-DX1.ECFD263C-BB17-4ADA-8F2C-654C2AA4C45F,tcga_brca,IDC,0.05968279,0.77365612
6,TCGA-S3-A6ZH-01Z-00-DX1.E728FF79-4921-436F-BFF5-5B782C0EEB9A,tcga_brca,IDC,0.06812024,0.73953626
6,TCGA-AN-A03Y-01Z-00-DX1.074C48E5-ED69-40AE-8709-444898122BF4,tcga_brca,IDC,0.04160738,0.03720688
6,TCGA-B6-A0RH-01Z-00-DX1.33DB5CF9-AC87-435B-A8AF-C4F84BEF15F1,tcga_brca,IDC,0.13279426,1.22591466
6,TCGA-B6-A0I2-01Z-00-DX1.885D2034-73B7-48AE-8343-631F89061C38,tcga_brca,IDC,0.13772976,0.92312199
6,TCGA-E9-A1RA-01Z-00-DX1.E1C527C3-EDF2-442A-80FE-3E3AFBC5EF5A,tcga_brca,IDC,0.07121253,0.73018965
6,TCGA-AR-A24U-01Z-00-DX1.220FD0D0-0DB6-4E3C-92A0-66CD6509F0AD,tcga_brca,IDC,0.15378588,0.82833739
6,TCGA-BH-A0HK-01Z-00-DX1.019036F5-647A-4EC4-8479-F2C100291AEF,tcga_brca,IDC,-0.07220805,-0.46268743
6,TCGA-C8-A27A-01Z-00-DX1.0E26C46D-CD65-40F3-8976-EB4415582934,tcga_brca,IDC,0.14553732,0.44165779
6,TCGA-E9-A1RG-01Z-00-DX1.044C235A-75AE-4C7D-AC7F-56C8E64354AA,tcga_brca,IDC,0.15838546,1.00384812
6,TCGA-D8-A1JL-01Z-00-DX1.FE3F0C6B-F98A-4036-BF9A-25A8CC66B1FD,tcga_brca,IDC,0.13426095,0.78577027
6,TCGA-AR-A1AM-01Z-00-DX1.B3F006D9-9386-41E5-B0B1-B0832EE104A0,tcga_brca,ILC,-0.00886285,0.38784614
6,TCGA-A2-A3XS-01Z-00-DX1.867925C0-91D8-40A0-9FEA-25A635AC31E7,tcga_brca,IDC,0.14885056,0.98817534
6,TCGA-BH-A0AW-01Z-00-DX1.9D50A0D2-B103-411C-831E-8520C3D50173,tcga_brca,IDC,0.06490040,0.57566052
6,TCGA-A2-A25F-01Z-00-DX1.87499CD4-E41C-46B1-AAF3-5CE881F2B8BC,tcga_brca,IDC,0.14394701,0.62159450
6,TCGA-E2-A15D-01Z-00-DX1.AA5AF847-3635-4BAF-AAC3-BADB4A1B2CB1,tcga_brca,IDC,0.07872552,0.87858501
6,TCGA-A8-A0A7-01Z-00-DX1.A0FD4EEF-B536-47C1-BDA1-7AC71BA3E978,tcga_brca,ILC,-0.03755617,0.08391697
6,TCGA-A2-A0CO-01Z-00-DX1.B191DADE-7DEA-4575-AED7-1C52BE15B8D5,tcga_brca,ILC,-0.09960467,-0.69946245
6,TCGA-AN-A0FD-01Z-00-DX1.8970DBBA-7D43-4C2E-B14A-6D21F1EF3425,tcga_brca,IDC,0.10297239,0.59714329
6,TCGA-AC-A4ZE-01Z-00-DX1.A9BB4DBC-4314-4A77-AA1C-0882DBC370F1,tcga_brca,ILC,-0.17101103,-0.74217161
6,TCGA-BH-A0BW-01Z-00-DX1.39B0C363-46A2-4FFB-B1C5-C054A86F4A25,tcga_brca,IDC,0.09657669,0.46502302
6,TCGA-A2-A3XX-01Z-00-DX1.03C6D70F-2833-4E97-91B7-DE70CD083D92,tcga_brca,IDC,0.11968333,0.80350832
6,TCGA-A8-A08I-01Z-00-DX1.96A0065E-5430-40F6-835E-1A7238A79DDA,tcga_brca,IDC,0.13036817,0.76102233
6,TCGA-E2-A574-01Z-00-DX1.60341091-B118-4F20-9ADB-FB2886790B0E,tcga_brca,IDC,0.22185099,1.09008147
6,TCGA-3C-AALK-01Z-00-DX1.4E6EB156-BB19-410F-878F-FC0EA7BD0B53,tcga_brca,IDC,0.13315171,0.43404230
6,TCGA-A8-A09E-01Z-00-DX1.239A8E03-49EA-4C29-AF86-FC1BD8A9DB20,tcga_brca,IDC,0.18055236,1.36036845
6,TCGA-BH-A0BL-01Z-00-DX1.D5A413B0-2141-4A6F-A671-6C5EA8641D25,tcga_brca,IDC,0.11375695,0.80734013
6,TCGA-A2-A0EY-01Z-00-DX1.2F2428B3-0767-48E0-AC22-443C244CBD16,tcga_brca,IDC,0.11892766,1.02611533
6,TCGA-E2-A1II-01Z-00-DX1.7F782477-0F92-4C57-8735-A1E3F95A6B94,tcga_brca,IDC,0.04069954,0.52226789
6,TCGA-AN-A0FS-01Z-00-DX1.104368C2-28DA-4E43-8B27-78336AD5ABC8,tcga_brca,IDC,-0.06713039,-0.10228947
6,TCGA-AN-A0XT-01Z-00-DX1.882AF4CE-62A1-4808-9B4B-780066E5E602,tcga_brca,IDC,-0.04416269,0.11844640
6,TCGA-E2-A15J-01Z-00-DX1.BF7901D1-30B1-4A76-B0A5-E9B8B36EF4C9,tcga_brca,IDC,0.13686413,0.84025672
6,TCGA-D8-A1XG-01Z-00-DX1.0A58EF43-B97E-4111-8DC3-2F8D9BDBE7D6,tcga_brca,IDC,0.10588300,0.97775343
6,TCGA-A8-A06Z-01Z-00-DX1.2BC8B71D-E01B-4CC1-B5E7-09BB54A5E1F8,tcga_brca,IDC,0.13376862,1.21654919
6,TCGA-LD-A7W5-01Z-00-DX1.C9920081-C2FE-461E-AEF8-625D4A95BE2F,tcga_brca,IDC,0.07896709,0.60065452
6,TCGA-BH-A1FG-01Z-00-DX1.DA665FB6-9DD9-4B18-A925-2EFD9BC4C43B,tcga_brca,IDC,0.10213119,0.80808800
6,TCGA-D8-A1JF-01Z-00-DX1.224EDA43-F822-4A88-814A-BA7D4C60F8CC,tcga_brca,IDC,0.07657290,0.74437970
6,TCGA-GM-A3NW-01Z-00-DX1.3B0324F0-4007-4390-AF26-3789A50684E5,tcga_brca,ILC,-0.06307650,-0.41328476
6,TCGA-BH-A1FM-01Z-00-DX1.860C5169-FE2B-43A6-A13D-E736374303DD,tcga_brca,IDC,0.11948645,0.74580041
6,TCGA-BH-A0GY-01Z-00-DX1.E1AEAA36-94FA-41ED-851F-7BB11DD3C06D,tcga_brca,IDC,0.10130602,0.68172513
6,TCGA-BH-A0DZ-01Z-00-DX1.138BAEC2-589E-4960-B94E-DF48DDAA5490,tcga_brca,IDC,0.13314277,0.78696986
6,TCGA-E2-A14X-01Z-00-DX1.24ADDA43-F127-4A6B-9AAD-2FAD982A853D,tcga_brca,IDC,0.12985796,1.18934031
6,TCGA-BH-A0C0-01Z-00-DX1.2D32D35A-EB7E-4D0E-BE5F-E56F7B930463,tcga_brca,IDC,0.13432175,0.80024845
6,TCGA-AC-A8OP-01Z-00-DX1.A2AF501D-7DCD-4BE7-93A4-EBCAF0C0D54E,tcga_brca,IDC,0.03442597,0.29837860
6,TCGA-BH-A28O-01Z-00-DX1.B37603E3-BC80-4DDA-B44D-B5F794E3398E,tcga_brca,ILC,-0.08798742,0.06410988
6,TCGA-AR-A24T-01Z-00-DX1.3B325D54-38EC-4E16-BDE1-628894CC15AA,tcga_brca,ILC,-0.08524507,-0.67161395
6,TCGA-51-4079-01Z-00-DX1.111f7796-3797-4334-b543-918e374dbc22,tcga_lung,LUSC,-0.22647607,-0.98925425
6,TCGA-77-8128-01Z-00-DX1.5831331a-8c82-4817-977e-1842250d9c7b,tcga_lung,LUSC,-0.14391750,-0.50485798
6,TCGA-21-1082-01Z-00-DX1.cae5bbaa-76f5-416d-b532-16cf773e017e,tcga_lung,LUSC,-0.05446625,-0.19306680
6,TCGA-96-A4JL-01Z-00-DX1.AB297723-8AF1-418D-ADBE-46B5D7703C34,tcga_lung,LUSC,0.00748968,0.06225289
6,TCGA-56-8304-01Z-00-DX1.F7A7975D-C8AB-49C0-B9CD-18CFD01A0655,tcga_lung,LUSC,-0.13913465,-0.27189707
6,TCGA-68-7757-01Z-00-DX1.4eece254-a119-436a-af3c-fad8e8b7f74b,tcga_lung,LUSC,-0.17957705,-0.64529992
6,TCGA-18-5592-01Z-00-DX1.41BD6380-A3A0-4ED1-8752-42BBC3B4680C,tcga_lung,LUSC,-0.15936285,-0.82107148
6,TCGA-21-1079-01Z-00-DX1.fb8e44cd-f73f-48a4-82d2-34f334d79f53,tcga_lung,LUSC,-0.19858694,-0.59469971
6,TCGA-56-8307-01Z-00-DX1.20EE4B4C-403F-44AA-8B0E-711003E60B8F,tcga_lung,LUSC,-0.22089067,-0.32012621
6,TCGA-33-4582-01Z-00-DX1.629AEDB6-E9AA-4615-92E8-5DDAAFF6103E,tcga_lung,LUSC,-0.12742281,-0.74387668
6,TCGA-77-8131-01Z-00-DX1.dcb8e2c7-0d2f-4b38-9db8-cc026a61699e,tcga_lung,LUSC,-0.11449504,-0.29948376
6,TCGA-56-A62T-01Z-00-DX1.05B9E747-DF22-4FFB-A79A-C023AB667CA0,tcga_lung,LUSC,-0.05894852,0.06699980
6,TCGA-56-6545-01Z-00-DX1.24a6678b-2dbf-4539-844e-1e3786c3fac3,tcga_lung,LUSC,-0.09844917,-0.29689255
6,TCGA-68-7756-01Z-00-DX1.15BEAECF-8C36-4761-85A8-EC9E54B61A0C,tcga_lung,LUSC,-0.07574701,-0.12887369
6,TCGA-67-3771-01Z-00-DX1.7B54D132-6AB7-4F2D-8BFF-33AFE83CF204,tcga_lung,LUAD,0.03518033,0.88267912
6,TCGA-78-8662-01Z-00-DX1.754A4C57-B5FA-4077-99E4-F6EFA6459410,tcga_lung,LUAD,0.05609953,0.50862540
6,TCGA-05-4418-01Z-00-DX1.f3863ea5-564f-482f-9878-cc104cf69401,tcga_lung,LUAD,-0.03707337,0.33945272
6,TCGA-60-2695-01Z-00-DX1.4cc6c566-d60d-4ff9-9ea8-18a9da46ae6b,tcga_lung,LUSC,-0.10407031,-0.67156607
6,TCGA-21-1081-01Z-00-DX1.fce8927a-2c5f-4a64-8414-da66424b3859,tcga_lung,LUSC,-0.20511830,-0.62103373
6,TCGA-66-2786-01Z-00-DX1.5fd5c25f-cb17-4650-b59e-122c6ddafe86,tcga_lung,LUSC,-0.06760597,-0.64562627
6,TCGA-NK-A5D1-01Z-00-DX1.CE05BFD3-F0C6-4440-AD09-8569D2BB89FA,tcga_lung,LUSC,-0.14967322,-0.49325684
6,TCGA-96-7545-01Z-00-DX1.AAEDB4A3-4E12-40E7-BE9F-A8F4ADA61C23,tcga_lung,LUSC,-0.11864525,-0.35460442
6,TCGA-77-7140-01Z-00-DX1.e75db0f0-839e-4ade-aa52-aa4736318d6c,tcga_lung,LUSC,-0.18315816,-0.99711686
6,TCGA-43-8115-01Z-00-DX1.1CFF45F8-6155-498C-AA52-269E6547FE0D,tcga_lung,LUSC,-0.18790957,-0.18489095
6,TCGA-85-7696-01Z-00-DX1.d8756b4c-819f-4a5c-b148-125b8c6b3c27,tcga_lung,LUSC,-0.12250096,-0.59357691
6,TCGA-85-8072-01Z-00-DX1.3a0ad5a6-c93e-428c-94e7-809ceaf01ef1,tcga_lung,LUSC,-0.06874847,-0.02613227
6,TCGA-22-0944-01Z-00-DX1.3DC7624F-2D59-40D5-9E1F-95FCCD80D0C4,tcga_lung,LUSC,-0.18794012,-0.65404327
6,TCGA-94-A4VJ-01Z-00-DX1.FBC6E75E-80D8-42EA-9292-181EC4D5D170,tcga_lung,LUSC,-0.22153890,-0.31232745
6,TCGA-77-7142-01Z-00-DX1.699e0ebe-b37b-425f-a0a5-ddb0263da84c,tcga_lung,LUSC,-0.12135452,-0.15667011
6,TCGA-77-7141-01Z-00-DX1.3263490a-cfba-43a8-8198-5139dbf00bf9,tcga_lung,LUSC,-0.12464738,-0.27852480
6,TCGA-94-8490-01Z-00-DX1.5A44A8C6-38F4-47A4-80C6-7BB805E9116C,tcga_lung,LUSC,-0.23767883,-0.80001641
6,TCGA-90-A59Q-01Z-00-DX1.9F4ABA20-E9F7-4524-874E-E8C42D84AFFE,tcga_lung,LUSC,-0.19334728,-0.31764888
6,TCGA-66-2783-01Z-00-DX1.34df2ea9-f8d8-448e-bd54-02364f434355,tcga_lung,LUSC,-0.13212764,-0.97576317
6,TCGA-L3-A4E7-01Z-00-DX1.69F3B1AF-F6DA-41FE-A72E-609F9D42E766,tcga_lung,LUSC,-0.15864313,-0.92744462
6,TCGA-77-7138-01Z-00-DX1.8c912762-0829-4692-92a2-545fea2b3e48,tcga_lung,LUSC,-0.13279933,-0.59027851
6,TCGA-77-7139-01Z-00-DX1.b8b79b0c-4ea0-4f6c-8e6e-29ad76eca78f,tcga_lung,LUSC,-0.06769139,-0.65908593
6,TCGA-55-6986-01Z-00-DX1.ae52d41e-3cd6-4d36-b04b-2ea7d29bd8da,tcga_lung,LUAD,0.14850456,1.30646691
6,TCGA-55-A48Z-01Z-00-DX1.0867DC6A-2A51-4CF1-AE3F-0526CE2DD740,tcga_lung,LUAD,0.07126105,0.54667601
6,TCGA-55-A48X-01Z-00-DX1.A46C6373-8458-4D55-88C3-4C70A05F9F47,tcga_lung,LUAD,0.12040639,0.47013136
6,TCGA-86-8056-01Z-00-DX1.eee7e03a-842c-4a44-bff8-f7b906725605,tcga_lung,LUAD,0.14391035,0.65412129
6,TCGA-53-7624-01Z-00-DX1.51b4de19-3531-4bcb-b822-fa966480f2ad,tcga_lung,LUAD,-0.04981771,-0.31140993
6,TCGA-97-A4M3-01Z-00-DX1.16330A66-2501-48D2-AF6A-713698BF6918,tcga_lung,LUAD,0.09855229,0.59112943
6,TCGA-49-AARQ-01Z-00-DX1.3FA36419-1658-4602-9170-84A622787C3E,tcga_lung,LUAD,0.04572284,0.33378118
6,TCGA-86-A4P7-01Z-00-DX1.37026DCF-5A81-4098-B444-C8A40CA168D0,tcga_lung,LUAD,0.10441184,0.36220689
6,TCGA-64-5815-01Z-00-DX1.1E3600B5-7E83-47BE-AC70-E0C2D623740B,tcga_lung,LUAD,0.02849799,0.59502088
6,TCGA-55-7728-01Z-00-DX1.1d47a5fe-cab5-4d5a-a62b-16f345334d25,tcga_lung,LUAD,0.13880908,1.33018967
6,TCGA-55-6984-01Z-00-DX1.d53e387a-9618-4486-98f3-a75604f25a7d,tcga_lung,LUAD,0.13003242,0.04964197
6,TCGA-96-A4JK-01Z-00-DX1.DD4071B6-75CA-475D-B742-925EA6BE9F0A,tcga_lung,LUSC,-0.12106830,-0.38076613
6,TCGA-22-4595-01Z-00-DX1.42F28D1E-7AC2-4113-B4EC-F1E7850EA14D,tcga_lung,LUSC,-0.16549942,-0.37017679
6,TCGA-33-AASI-01Z-00-DX1.71BC119D-9916-4214-9294-26301F2E430F,tcga_lung,LUSC,-0.06760103,-0.50314157
6,TCGA-34-5240-01Z-00-DX1.03785f14-494a-4898-9ae0-59e64250c33b,tcga_lung,LUSC,-0.11765736,-0.42426633
6,TCGA-56-8083-01Z-00-DX1.140c8d5b-f660-4fef-b8da-6bb2c119c021,tcga_lung,LUSC,-0.06245440,-0.41078039
6,TCGA-22-1011-01Z-00-DX1.A67E3D3F-4B94-4335-8199-03B7CB75608E,tcga_lung,LUSC,-0.16583836,-0.59538071
6,TCGA-85-8580-01Z-00-DX1.1b942bbe-2c6e-4411-8609-1725e5cb93da,tcga_lung,LUSC,-0.14584136,-0.42463862
6,TCGA-77-A5G7-01Z-00-DX1.F1FECF5D-C940-43D0-B49B-66C95AD9C85A,tcga_lung,LUSC,-0.11142433,-0.13923056
6,TCGA-21-1075-01Z-00-DX1.937872ae-4d6f-4d7a-b54f-b7e797cb84b0,tcga_lung,LUSC,-0.16803390,-0.79934138
6,TCGA-95-7948-01Z-00-DX1.FF1AEF38-19E5-4475-87C8-B318204FEF1D,tcga_lung,LUAD,0.05241460,0.42923635
6,TCGA-86-8074-01Z-00-DX1.0c34b434-8701-4060-a4ea-08a72371ee1e,tcga_lung,LUAD,0.09000927,0.73904329
6,TCGA-L9-A7SV-01Z-00-DX1.153B8E2D-54CE-4747-A22E-7A6ADCA03DB5,tcga_lung,LUAD,0.06412792,0.88570490
6,TCGA-50-5068-01Z-00-DX2.0492A5C6-09CB-424B-BE20-10A1CBEA2E57,tcga_lung,LUAD,0.14789909,0.32978098
6,TCGA-50-5068-01Z-00-DX1.13f1c31e-4d4c-4562-8447-c5bbfbf670a9,tcga_lung,LUAD,0.06712556,0.64732056
6,TCGA-55-A490-01Z-00-DX1.07D77502-7216-4C23-9BB8-8DE99AECC920,tcga_lung,LUAD,0.06935698,0.19798877
6,TCGA-49-4487-01Z-00-DX1.3a3a0720-463c-430e-849b-e2f8991bdfa5,tcga_lung,LUAD,0.07369822,0.33942739
6,TCGA-97-A4M1-01Z-00-DX1.1C4B8247-BA3F-4841-BC9D-554F03F7894C,tcga_lung,LUAD,0.06079745,0.98283674
6,TCGA-55-6972-01Z-00-DX1.0b441ad0-c30f-4f63-849a-36c98d6e2d3b,tcga_lung,LUAD,0.25507045,0.85834401
6,TCGA-05-4415-01Z-00-DX1.55E0C429-B308-4962-8DA9-41D7D3F7764E,tcga_lung,LUAD,0.07585484,0.53492555
6,TCGA-97-A4LX-01Z-00-DX1.B2334672-A626-4E74-B4D1-A79F70F65909,tcga_lung,LUAD,0.10313946,0.37690754
6,TCGA-44-A47F-01Z-00-DX1.C1EC3F2D-33C8-483B-9DDA-2F01B5FED618,tcga_lung,LUAD,0.09449849,0.61199848
6,TCGA-86-7954-01Z-00-DX1.0a063ee6-18b7-4b66-9726-04fb452156cb,tcga_lung,LUAD,0.05852258,0.24008881
6,TCGA-05-4396-01Z-00-DX1.49DD5F68-7473-4945-B384-EA6D5AE383CB,tcga_lung,LUAD,0.16847408,1.23715708
6,TCGA-55-6979-01Z-00-DX1.9238436e-3886-4a10-86fe-26658967dff2,tcga_lung,LUAD,0.05733180,-0.16136412
6,TCGA-97-7553-01Z-00-DX1.e31eec5e-0053-407a-b057-9b87555b122d,tcga_lung,LUAD,0.08310539,0.05307232
6,TCGA-MP-A4TD-01Z-00-DX1.937DEBC9-F5D5-4682-AA9A-13D8226EE06C,tcga_lung,LUAD,0.10115486,1.10007158
6,TCGA-50-7109-01Z-00-DX1.08f6420c-baa2-4e79-908e-ebbdeec503a6,tcga_lung,LUAD,0.10904998,0.70590383
6,TCGA-86-8075-01Z-00-DX1.171bd8bd-af24-4770-b24b-732e675efd75,tcga_lung,LUAD,0.08979583,0.71490330
6,TCGA-50-8459-01Z-00-DX1.24D876E7-5265-4C5D-A215-0BAE5450EEF3,tcga_lung,LUAD,0.14827862,0.85688302
6,TCGA-78-8655-01Z-00-DX1.DC81D146-A4A6-411E-A5DC-C0689A8D445F,tcga_lung,LUAD,0.14798868,0.87315154
6,TCGA-55-7574-01Z-00-DX1.09639e6a-d85f-4d84-abbc-0f5a6d679683,tcga_lung,LUAD,0.08488864,0.60187391
6,TCGA-93-7347-01Z-00-DX1.a22b7163-07bd-4f6a-97c7-f1561c4d73cb,tcga_lung,LUAD,0.14757544,0.27019029
6,TCGA-97-A4M6-01Z-00-DX1.01D83621-3D8E-4339-9F9B-CBD3083D5AE0,tcga_lung,LUAD,0.10365367,0.64375800
6,TCGA-05-4244-01Z-00-DX1.d4ff32cd-38cf-40ea-8213-45c2b100ac01,tcga_lung,LUAD,0.10115343,0.81996872
6,TCGA-NJ-A4YP-01Z-00-DX1.148BFF66-4DC7-468C-8783-97F27C2E1245,tcga_lung,LUAD,0.16462877,0.83379885
6,TCGA-69-8253-01Z-00-DX1.631c741f-46bd-4d4b-8f6c-64787fb4c402,tcga_lung,LUAD,0.13899690,0.85865818
6,TCGA-78-7156-01Z-00-DX1.9f7c8eb9-73de-49be-a487-e1fd4411b7b5,tcga_lung,LUAD,0.27452016,0.48958747
6,TCGA-NJ-A4YG-01Z-00-DX1.507BAE41-5EE9-4657-AAD1-AD456750BA2F,tcga_lung,LUAD,0.08834350,0.86625686
6,TCGA-86-7711-01Z-00-DX1.f64dd9d8-b9ca-4d1f-9783-d1042979132d,tcga_lung,LUAD,-0.03250849,0.03579210
6,TCGA-L9-A50W-01Z-00-DX1.21FAAB58-58EF-4A6A-8F0A-16D9AB9B1056,tcga_lung,LUAD,0.15143090,0.91450954
6,TCGA-86-7713-01Z-00-DX1.23f9e213-b566-47bb-beb8-7d12b2f0508b,tcga_lung,LUAD,0.17429942,0.94498042
7,TCGA-S8-A6BV-01Z-00-DX1.F9237F35-CEFE-4F00-83F8-9E330E8F3195,tcga_esca,ESAD,0.28992057,0.31698031
7,TCGA-IG-A625-01Z-00-DX1.48DC96DA-6573-4AA3-898A-44B8B55C7451,tcga_esca,ESCC,-0.14119294,0.03968877
7,TCGA-L7-A56G-01Z-00-DX1.D41A6C7A-9D2F-4E4B-984B-26C21066998D,tcga_esca,ESCC,-0.15631610,-0.30683505
7,TCGA-L5-A43E-01Z-00-DX1.03B10F6C-C211-4357-941C-6414D0DA5335,tcga_esca,ESAD,0.24774656,0.34928844
7,TCGA-LN-A4A9-01Z-00-DX1.CBDA561C-875D-4F3B-A62F-3B4C4E550261,tcga_esca,ESCC,-0.23864824,-0.63068248
7,TCGA-L7-A6VZ-01Z-00-DX1.D59C4B04-7660-4FDC-B96E-9564D0327293,tcga_esca,ESAD,0.34774873,0.58089086
7,TCGA-Z6-A9VB-01Z-00-DX1.D35A32ED-DFEE-4070-9542-F91726BDB6A2,tcga_esca,ESCC,-0.28176811,-0.60003702
7,TCGA-IG-A4P3-01Z-00-DX1.C470B2B7-F55E-4E0C-A7E9-B7146AA9CF0E,tcga_esca,ESCC,-0.25054359,-0.24782748
7,TCGA-LN-A7HV-01Z-00-DX1.8A6F7162-CB6C-4419-B125-4E28B4676E57,tcga_esca,ESCC,-0.29639536,-0.35564705
7,TCGA-JY-A6FB-01Z-00-DX1.8BCAB739-0AEE-41C1-B45B-07C615677DBB,tcga_esca,ESAD,0.31982327,0.70452482
7,TCGA-Z6-A8JD-01Z-00-DX1.6BB5BC5F-B96F-4548-96E8-84891F36B0B3,tcga_esca,ESCC,-0.17877564,-0.42343825
7,TCGA-2H-A9GQ-01Z-00-DX1.97451E5E-1020-4B75-BF2A-7CDF83CD4734,tcga_esca,ESAD,-0.13741362,0.06834993
7,TCGA-VR-A8ER-01Z-00-DX1.E0C2826D-B269-4F75-B6CF-CAEA9D1D8F38,tcga_esca,ESCC,-0.28531599,-0.25188155
7,TCGA-LN-A4A8-01Z-00-DX1.280E90F4-59A9-4F8F-B66A-64605DCF487A,tcga_esca,ESCC,-0.17112231,-0.55914995
7,TCGA-JY-A6FH-01Z-00-DX1.4065B89C-528B-4D3A-BBE1-81DFE5BD1F4C,tcga_esca,ESAD,0.34539694,0.60987973
7,TCGA-A4-7997-01Z-00-DX1.aa4e2dd8-fac9-43ae-9634-4a3612d8c154,tcga_rcc,PRCC,-0.27275908,-0.93128334
7,TCGA-SX-A71U-01Z-00-DX1.B9EE44DF-28BC-4F45-9E21-418893A033C9,tcga_rcc,PRCC,-0.17058879,-0.57527013
7,TCGA-GL-7966-01Z-00-DX1.D53E267B-BC0D-43A7-8E89-FCCC2BD5380C,tcga_rcc,PRCC,-0.24608994,-0.30101540
7,TCGA-UZ-A9PZ-01Z-00-DX1.129F53E0-978D-4078-A532-E5B378367AB6,tcga_rcc,PRCC,-0.25766796,-0.94742559
7,TCGA-UZ-A9PK-01Z-00-DX1.DCC24D30-BCA1-4481-B29E-6A156D670A63,tcga_rcc,PRCC,-0.25137055,-0.82320587
7,TCGA-B9-A8YI-01Z-00-DX1.9CA926F1-33D5-4FC4-8F23-AF8AF4DC07A5,tcga_rcc,PRCC,-0.10488027,-0.65409515
7,TCGA-GL-A59R-01Z-00-DX1.7B0AC43C-F74B-485E-8A6C-2DDFB017BDBF,tcga_rcc,PRCC,-0.28234577,-0.98759390
7,TCGA-AL-3473-01Z-00-DX1.F3F992D2-D920-4791-A396-978D6E5529DE,tcga_rcc,PRCC,0.03236020,-0.11237612
7,TCGA-AL-3473-01Z-00-DX2.B1F73FC7-01EA-4B25-851F-A51B389DAA4A,tcga_rcc,PRCC,0.02046174,0.02201172
7,TCGA-CZ-5470-01Z-00-DX1.5d2b135c-a5e2-4e8a-a8bc-068239738f24,tcga_rcc,CCRCC,0.03965479,0.66465901
7,TCGA-BP-4343-01Z-00-DX1.262f0e99-f404-4232-bd7a-b23f2ebefc49,tcga_rcc,CCRCC,0.29484624,1.15877691
7,TCGA-AK-3456-01Z-00-DX1.E853A155-6567-49B7-8364-C63BBEFC1339,tcga_rcc,CCRCC,-0.12747061,-0.12826925
7,TCGA-B0-5703-01Z-00-DX1.c358bcd6-0d76-459d-862d-041ab3ebb496,tcga_rcc,CCRCC,0.11771464,0.59301921
7,TCGA-BP-4166-01Z-00-DX1.e27fcaa7-7d9a-48db-8bae-518a10bde786,tcga_rcc,CCRCC,0.16498226,0.55570734
7,TCGA-CJ-4899-01Z-00-DX1.D37DAF6F-9F3A-4A11-B4B6-37169AB592D9,tcga_rcc,CCRCC,0.27178383,0.71646258
7,TCGA-A3-3378-01Z-00-DX1.71ddeb47-c8e2-4ae8-b481-50f73c905e16,tcga_rcc,CCRCC,0.25917387,0.92107720
7,TCGA-BP-4766-01Z-00-DX1.486396b5-44b4-4595-938d-f68c173bb499,tcga_rcc,CCRCC,0.26473880,1.13248626
7,TCGA-BP-4999-01Z-00-DX1.e78eaded-4e89-4bcf-b3fe-3e7b8db7f2c2,tcga_rcc,CCRCC,0.31444180,0.93020017
7,TCGA-BP-4162-01Z-00-DX1.cb017dff-4a35-4e33-92a7-2006973ad6bf,tcga_rcc,CCRCC,0.28465104,1.31242969
7,TCGA-BP-5186-01Z-00-DX1.d4aa0ed3-0eb7-4317-ba06-decced7e57f1,tcga_rcc,CCRCC,0.29783285,0.90993150
7,TCGA-CZ-5984-01Z-00-DX1.94144f54-163c-428d-8bc9-0a35daa08866,tcga_rcc,CCRCC,0.20935965,1.00689735
7,TCGA-A3-3380-01Z-00-DX1.67e52764-4c94-42b5-a725-4f61a86b49fe,tcga_rcc,CCRCC,0.36246914,1.24686633
7,TCGA-B8-5549-01Z-00-DX1.96d1ead6-37ad-4e5d-bc95-2ef4fd1a940d,tcga_rcc,CCRCC,0.18272561,0.93622251
7,TCGA-BP-4774-01Z-00-DX1.2451bdbc-a9a7-4ac6-95bc-d8e263356206,tcga_rcc,CCRCC,0.35743392,1.09723784
7,TCGA-CZ-5460-01Z-00-DX1.369e0c80-f187-4e65-bf6b-e6e088fcc895,tcga_rcc,CCRCC,0.18479615,0.52675312
7,TCGA-AK-3430-01Z-00-DX1.71713A92-C495-414B-B3FD-1CF5D0D9F105,tcga_rcc,CCRCC,0.15060508,0.95225225
7,TCGA-B8-A54K-01Z-00-DX1.F23402E5-5F94-4B66-80C1-A136578CC450,tcga_rcc,CCRCC,0.16484648,0.44503040
7,TCGA-BP-4789-01Z-00-DX1.be26bdc8-622c-493e-847d-229f6649c24a,tcga_rcc,CCRCC,0.31141227,0.67155755
7,TCGA-A3-3376-01Z-00-DX1.f386e709-91ae-43b3-8835-b9f878bff2e0,tcga_rcc,CCRCC,0.38315323,1.47662564
7,TCGA-UZ-A9PM-01Z-00-DX1.059B869D-B4B4-45FE-BEFC-AA2896122C83,tcga_rcc,PRCC,-0.27173275,-0.67886409
7,TCGA-GL-A59T-01Z-00-DX1.93128005-E121-4B81-9E9E-B05EAB93230E,tcga_rcc,PRCC,-0.23417360,-1.23289961
7,TCGA-BQ-5889-01Z-00-DX1.006cf530-5534-4183-bef6-17e038dc98d8,tcga_rcc,PRCC,-0.04401886,-0.12473325
7,TCGA-BQ-5877-01Z-00-DX1.3060d47f-0bc6-4a81-82ba-bf596d790f0f,tcga_rcc,PRCC,-0.15633535,-0.13022881
7,TCGA-A4-7732-01Z-00-DX1.e5038a3e-cdc3-4301-adcb-dfa05280389c,tcga_rcc,PRCC,-0.19951141,-0.88389626
7,TCGA-BQ-5892-01Z-00-DX1.f3a4da33-2b60-4b8e-b623-7b6237106a4c,tcga_rcc,PRCC,-0.12533247,0.05307084
7,TCGA-CJ-6033-01Z-00-DX1.5DD2C8F4-50E1-47C3-B5D4-058AE04095DD,tcga_rcc,CCRCC,0.18293703,0.21875197
7,TCGA-B0-4712-01Z-00-DX1.b584d650-4bdd-452c-9926-18a1a8388d91,tcga_rcc,CCRCC,0.15531683,0.56149641
7,TCGA-A3-3316-01Z-00-DX1.d6248cf8-7b02-4dce-8c91-1b91751cf1ee,tcga_rcc,CCRCC,0.28328902,0.99867809
7,TCGA-CZ-5989-01Z-00-DX1.c6fd2257-4742-4c4e-ade2-995f54f1cfa8,tcga_rcc,CCRCC,0.27012390,0.95835320
7,TCGA-B0-4842-01Z-00-DX1.d780158b-81c2-4ac9-b7a0-9c9386c6414c,tcga_rcc,CCRCC,0.20618051,0.83447554
7,TCGA-B4-5835-01Z-00-DX1.55c88092-9092-4881-a8a1-88dafc0a58be,tcga_rcc,CCRCC,0.13191944,0.51996786
7,TCGA-B0-5095-01Z-00-DX1.4f173713-aa67-458f-82b5-7d2a46b7fb29,tcga_rcc,CCRCC,0.16308844,1.08760430
7,TCGA-B0-5085-01Z-00-DX1.29c82ff0-9e4d-477f-a8d9-8931c69e58f8,tcga_rcc,CCRCC,0.31444710,1.18710270
7,TCGA-BP-4329-01Z-00-DX1.da54fc65-7cb6-4265-8d45-b373a59fa1da,tcga_rcc,CCRCC,0.24824786,1.15644695
7,TCGA-B0-5706-01Z-00-DX1.3e5b4737-48e5-44af-b029-f4091812c13b,tcga_rcc,CCRCC,0.18515956,1.10650064
7,TCGA-B8-A54H-01Z-00-DX1.7DE86788-D09C-471E-B62D-2597EEAC3326,tcga_rcc,CCRCC,0.16826665,1.10759497
7,TCGA-A3-3336-01Z-00-DX1.F2848BBF-DCDF-4AB0-837C-99A88CC5A49A,tcga_rcc,CCRCC,0.29643720,0.90292031
7,TCGA-BP-5181-01Z-00-DX1.cc8df798-7f23-43a8-abb4-96e84afa2271,tcga_rcc,CCRCC,0.32777077,1.26911835
7,TCGA-CZ-5453-01Z-00-DX1.28eeb5c3-81ec-4a17-a20a-8028ae614744,tcga_rcc,CCRCC,0.12733179,1.02333504
7,TCGA-B0-4698-01Z-00-DX1.e50fd25d-db5f-419f-b400-911fce1333d0,tcga_rcc,CCRCC,0.16730714,0.29225887
7,TCGA-B0-5088-01Z-00-DX1.69bb79f8-33cc-4c9c-be63-323e5470fdde,tcga_rcc,CCRCC,0.21503979,0.95697782
7,TCGA-BQ-5876-01Z-00-DX1.290a8bb2-ef37-4944-aff9-cbc2509de32a,tcga_rcc,PRCC,-0.19199449,0.01001129
7,TCGA-IZ-8196-01Z-00-DX1.A9F5A541-FDDC-4533-B756-218550744EB0,tcga_rcc,PRCC,-0.05468911,-0.74082535
7,TCGA-B0-4697-01Z-00-DX1.f897b21b-75c7-4ebc-86d9-8d783b39fefa,tcga_rcc,CCRCC,0.21175230,0.64727453
7,TCGA-BP-4759-01Z-00-DX1.077e7051-ed46-4cf6-9ede-c08a2b635279,tcga_rcc,CCRCC,0.28316069,1.28888814
7,TCGA-CJ-4907-01Z-00-DX1.12558019-745F-4EDF-A0A2-3228B475379F,tcga_rcc,CCRCC,0.08486658,1.08017689
7,TCGA-B0-4824-01Z-00-DX1.c454abac-df1a-4610-be22-49358c436f8d,tcga_rcc,CCRCC,0.32276869,0.83380787
7,TCGA-B0-5709-01Z-00-DX1.8e4b701a-1ef7-4d79-a562-0f316c696984,tcga_rcc,CCRCC,0.22024512,0.84330410
7,TCGA-BP-5006-01Z-00-DX1.98cb6ac9-bb30-4b71-aa66-0d08f80ecd55,tcga_rcc,CCRCC,0.22376978,1.01086728
7,TCGA-BP-5180-01Z-00-DX1.accba421-72e5-41f9-8830-ef4aa84e79ec,tcga_rcc,CCRCC,0.28199327,0.83691334
7,TCGA-B0-4846-01Z-00-DX1.7552759a-fa5b-425f-8db1-33fe6f871f6b,tcga_rcc,CCRCC,0.33836496,1.20946936
7,TCGA-CJ-4886-01Z-00-DX1.14E6C96C-BD32-4EB4-8C9A-760A62D8DFDE,tcga_rcc,CCRCC,0.31076956,0.94918554
7,TCGA-BP-4804-01Z-00-DX1.a998cc6f-408c-4144-9d8f-6a800bb85ced,tcga_rcc,CCRCC,0.31461835,0.29716759
7,TCGA-BP-5007-01Z-00-DX1.3d9c2588-3310-4fbc-8bc0-7185e9b0d83b,tcga_rcc,CCRCC,0.29032314,1.28432300
7,TCGA-BP-4167-01Z-00-DX1.26d14577-75fd-4c0d-8ebd-3a6a8b240bff,tcga_rcc,CCRCC,0.24022353,0.55785747
7,TCGA-BP-5199-01Z-00-DX1.4db19cdf-ebe4-48ae-9e8f-331303f13472,tcga_rcc,CCRCC,0.24362028,0.95063501
7,TCGA-A3-3351-01Z-00-DX1.bbfb3f8b-ef35-423a-b13f-7ccf6438b01f,tcga_rcc,CCRCC,0.35430139,1.51879267
7,TCGA-2Z-A9J7-01Z-00-DX1.9DB458BA-8AB0-4ECF-A3F9-5851A7A59759,tcga_rcc,PRCC,-0.28903508,-0.75719355
7,TCGA-A4-8515-01Z-00-DX1.94C9B5F6-9F1F-4D28-8F2B-034AAE18A2CE,tcga_rcc,PRCC,-0.08231425,-0.57678819
7,TCGA-G7-7502-01Z-00-DX1.2ba28bc2-1b3a-415f-ba2b-26b2e76de731,tcga_rcc,PRCC,-0.22037292,-0.59071254
7,TCGA-MH-A856-01Z-00-DX1.F135B458-4AB0-499D-B024-5F59E1AC6DA5,tcga_rcc,PRCC,-0.26200414,-0.84483302
7,TCGA-SX-A7SN-01Z-00-DX1.64A4FFA5-6BAF-43F3-AF02-5E2D00572395,tcga_rcc,PRCC,-0.26909000,-1.19184625
7,TCGA-DW-5561-01Z-00-DX1.a37c0e14-0562-414b-a467-bb171c5aed52,tcga_rcc,PRCC,-0.30914295,-0.66227708
7,TCGA-G7-6793-01Z-00-DX1.d5180ed3-4fbe-4254-9d5b-530aac5f3bca,tcga_rcc,PRCC,-0.32915831,-0.54534992
7,TCGA-F9-A8NY-01Z-00-DX1.37B2C4DC-A40B-4751-9A86-679045AA07B1,tcga_rcc,PRCC,-0.24453992,-0.60144563
7,TCGA-E2-A1LI-01Z-00-DX1.503dd2fa-23ef-4b11-8aab-301e069eaa88,tcga_brca,IDC,0.14800608,0.78453545
7,TCGA-A2-A0YT-01Z-00-DX1.63CA3E36-B3E4-4D3F-9F80-2703970DBE5B,tcga_brca,IDC,0.10032475,0.66771560
7,TCGA-GM-A2DK-01Z-00-DX1.4F81A585-9549-454C-8E15-2E4545795460,tcga_brca,IDC,0.09479278,0.87733774
7,TCGA-C8-A12Q-01Z-00-DX1.CE74E5B7-FD30-4CBE-8716-ECCF2213AAC3,tcga_brca,IDC,0.13302314,1.31613475
7,TCGA-A2-A04Y-01Z-00-DX1.4DC97AD6-4806-4A3A-A998-FD36F93590A4,tcga_brca,IDC,0.16982955,0.96650300
7,TCGA-B6-A0I8-01Z-00-DX1.E576652B-C3F6-4A01-83BC-6DD154C75605,tcga_brca,IDC,0.04804742,0.61177164
7,TCGA-A7-A3IZ-01Z-00-DX1.7437130B-DF49-40C8-ABCD-FF9364B9B1B0,tcga_brca,ILC,-0.10916996,0.05850224
7,TCGA-A7-A0D9-01Z-00-DX2.66CD9ED8-223B-4AC8-AA1A-2481FB0C47B3,tcga_brca,IDC,0.10068083,0.54993231
7,TCGA-A7-A0D9-01Z-00-DX1.FBC3B90F-C58B-4476-8354-0AF9248324E3,tcga_brca,IDC,0.02962291,0.42620804
7,TCGA-AR-A1AW-01Z-00-DX1.E527CA46-D83F-4055-8C7E-AEFEF13C1E29,tcga_brca,IDC,0.08944750,0.59748896
7,TCGA-A2-A0EW-01Z-00-DX1.F24495CB-63D8-483F-9834-F761E3F16BF0,tcga_brca,ILC,0.11848629,0.73252700
7,TCGA-E2-A10E-01Z-00-DX1.C45030A9-CC1A-4BA7-8F62-872619C5AD5E,tcga_brca,IDC,0.03824085,0.78364334
7,TCGA-D8-A3Z5-01Z-00-DX2.6196B9FF-F09E-4D44-873D-E53BFB2BF4E1,tcga_brca,ILC,-0.11082244,-1.11456173
7,TCGA-D8-A3Z5-01Z-00-DX1.4DBF937F-623C-4212-8493-ECE3C8F555E3,tcga_brca,ILC,-0.10465300,-1.39651560
7,TCGA-D8-A3Z5-01Z-00-DX3.BB83C7D4-F795-47E7-9A5C-7DBF0EB7FDAA,tcga_brca,ILC,-0.09816539,-1.33902073
7,TCGA-AR-A0TS-01Z-00-DX1.2DB81A2E-16C1-4EE0-8175-65FA46768277,tcga_brca,IDC,0.12531042,0.41861342
7,TCGA-PE-A5DC-01Z-00-DX1.8E6953AD-C14A-43F5-B062-E31AB13C7BDF,tcga_brca,ILC,0.05593097,0.23408198
7,TCGA-A8-A07F-01Z-00-DX1.E6FE5B3A-A412-4E7B-A710-7DFD3596F4E3,tcga_brca,IDC,-0.03571063,-0.04712356
7,TCGA-D8-A27G-01Z-00-DX1.04FCF306-67AA-4F56-AE90-44A4F5DD56D4,tcga_brca,ILC,-0.05827367,-0.26822992
7,TCGA-D8-A1Y3-01Z-00-DX2.B9BD14AF-52A6-4241-B3B3-03F8F5DFC8DA,tcga_brca,IDC,0.16235685,0.96540496
7,TCGA-D8-A1Y3-01Z-00-DX1.8AA5F695-A06C-4DEA-AD71-16254A48B218,tcga_brca,IDC,0.05519855,0.71310676
7,TCGA-A7-A13G-01Z-00-DX2.72EF429E-75A7-4D1B-AFFC-8767CB213CDA,tcga_brca,IDC,0.08122551,0.85296159
7,TCGA-A7-A13G-01Z-00-DX1.C258C545-8C1F-41D4-846F-962A746CBDFB,tcga_brca,IDC,0.09543860,0.85220589
7,TCGA-E2-A1IU-01Z-00-DX1.E2F24814-24BA-4158-8841-F27A8E100589,tcga_brca,IDC,0.01441640,0.47840990
7,TCGA-B6-A0IO-01Z-00-DX1.D8898C30-4016-4983-9359-5C1507C01715,tcga_brca,IDC,0.11700881,0.80077958
7,TCGA-LL-A6FR-01Z-00-DX1.107010FD-8EDD-406D-B4DE-DEC9E85576FF,tcga_brca,IDC,0.19509596,1.02022209
7,TCGA-AR-A1AV-01Z-00-DX1.93698893-7C5C-44C1-A488-ED358D523693,tcga_brca,IDC,0.08133763,0.74122444
7,TCGA-A8-A097-01Z-00-DX1.4D06990E-E759-40F0-9106-59408CF350E5,tcga_brca,IDC,0.11347175,0.80931021
7,TCGA-B6-A1KN-01Z-00-DX1.E769FD65-E5CE-4CA4-8BBE-6FC54A2ED870,tcga_brca,IDC,0.12675881,0.80905579
7,TCGA-BH-A0E9-01Z-00-DX1.5FC4A5E1-3984-4869-9FFB-C0C7F9EAF5FE,tcga_brca,ILC,-0.00028157,0.18563409
7,TCGA-E2-A155-01Z-00-DX1.A5AF232A-61BB-4FDC-ABF9-2FE9BA461BDC,tcga_brca,IDC,0.07878602,0.69479527
7,TCGA-B6-A0IP-01Z-00-DX1.3723A250-AA4B-4AFE-A692-C1311E9BA268,tcga_brca,ILC,-0.02521318,0.07814810
7,TCGA-UL-AAZ6-01Z-00-DX1.0488628B-C06B-4A1D-9198-EC29D0BACF6E,tcga_brca,IDC,0.09031242,0.73615870
7,TCGA-E9-A226-01Z-00-DX1.14f1f4c7-4e6e-4574-af20-60d2ab511b2a,tcga_brca,IDC,0.06544477,0.79983261
7,TCGA-AR-A1AH-01Z-00-DX1.5D5D7774-77BB-4EA0-9E8E-A8D28F70A575,tcga_brca,IDC,0.08554894,0.54212987
7,TCGA-C8-A12L-01Z-00-DX1.01863BE4-F4AB-45DE-894A-46544777C519,tcga_brca,IDC,0.16028577,0.85624666
7,TCGA-EW-A1IW-01Z-00-DX1.0DE87057-951F-4887-A2D5-485736D66E4E,tcga_brca,ILC,-0.02217072,0.40533633
7,TCGA-A8-A082-01Z-00-DX1.5F82E38D-0DFD-4C2C-BC05-8F0EFEFC507C,tcga_brca,IDC,0.13056666,0.99696914
7,TCGA-E2-A1LS-01Z-00-DX1.9a43a58a-df40-4375-8456-ef0071bc9eb9,tcga_brca,IDC,0.05777484,0.41020355
7,TCGA-C8-A135-01Z-00-DX1.B69A605E-B577-4F43-9471-2C95312B05D9,tcga_brca,IDC,0.04183489,0.36668456
7,TCGA-AR-A1AX-01Z-00-DX1.2389D54F-545E-499E-B392-DD731834460A,tcga_brca,IDC,0.10526657,0.50612970
7,TCGA-E2-A158-01Z-00-DX1.994C60FE-E651-4224-95E7-4669834F2338,tcga_brca,IDC,0.04860258,0.61524338
7,TCGA-GM-A2DL-01Z-00-DX1.1CE6992E-B1CE-45AB-B2EB-75338B6FEE9D,tcga_brca,IDC,0.07168490,0.63735808
7,TCGA-AR-A0TX-01Z-00-DX1.5BEA4E65-8CEC-49B2-9F29-DBE53E8ED46E,tcga_brca,IDC,-0.06651157,0.40925257
7,TCGA-AC-A2QI-01Z-00-DX1.977549F4-D866-4465-85FB-5C916282A488,tcga_brca,ILC,-0.03645194,-0.34655057
7,TCGA-BH-A0HP-01Z-00-DX1.F1FF6E88-B2D1-40AA-8373-1714D82E666F,tcga_brca,ILC,-0.11649251,-0.90226046
7,TCGA-C8-A26W-01Z-00-DX1.CFF07941-6CD1-4CF9-BE5F-387DA67B66CC,tcga_brca,IDC,0.09119421,0.69904253
7,TCGA-BH-A0HO-01Z-00-DX1.D3D66547-F5D4-40F5-B737-2FECEEB35ACB,tcga_brca,IDC,0.16028917,1.08297605
7,TCGA-BH-A18F-01Z-00-DX1.81A81589-2D77-4CD6-BD34-76E292AA031D,tcga_brca,IDC,0.00145513,0.19855782
7,TCGA-E2-A150-01Z-00-DX1.55643D23-83E6-4058-8EA5-18AAA8547839,tcga_brca,IDC,0.11283946,0.87845668
7,TCGA-E9-A2JS-01Z-00-DX1.445BA2F8-3A4A-49D2-8D41-4ACFD32F2074,tcga_brca,ILC,0.09228325,0.55306115
7,TCGA-A8-A07L-01Z-00-DX1.D9E1051F-724E-4E88-940A-C97005DC5BEB,tcga_brca,IDC,0.06137490,0.80971665
7,TCGA-D8-A140-01Z-00-DX2.0C0A62BB-1FB8-47D8-8FAF-112D221F18BE,tcga_brca,IDC,0.04801565,0.63420409
7,TCGA-D8-A140-01Z-00-DX1.5B9382C0-332C-4FBF-82CD-B9453D02B815,tcga_brca,IDC,0.04240489,0.58079823
7,TCGA-BH-A203-01Z-00-DX1.FAE40A13-0C4A-415F-9396-01041FF6B855,tcga_brca,IDC,0.14818096,1.01923958
7,TCGA-AC-A23G-01Z-00-DX1.2F0326F7-6B77-4B3F-B4FA-59ADB785AA07,tcga_brca,ILC,-0.04311657,-0.48762500
7,TCGA-A7-A6VY-01Z-00-DX1.38D4EBD7-40B0-4EE3-960A-1F00E8F83ADB,tcga_brca,IDC,0.10121679,0.27641928
7,TCGA-E2-A14O-01Z-00-DX1.432DB252-35D4-4B02-B0A7-39BF85A38F89,tcga_brca,IDC,0.01925272,0.45701174
7,TCGA-PL-A8LX-01A-01-DX1.9646D69F-A764-4246-9243-67A63006DE96,tcga_brca,IDC,0.04815882,0.53992132
7,TCGA-PL-A8LX-01A-02-DX2.84DA8B75-1196-4704-B6B2-C5E7BF645E95,tcga_brca,IDC,0.06591144,0.71970313
7,TCGA-AQ-A04H-01Z-00-DX1.5AC1E459-EF27-401D-98FD-0AC16559AF17,tcga_brca,IDC,0.18137640,1.00723643
7,TCGA-BH-A0E2-01Z-00-DX1.5F6FA19C-D59F-45BE-80CE-F738CAB1EF0B,tcga_brca,IDC,0.09598744,0.85047069
7,TCGA-A7-A425-01Z-00-DX1.812A94B1-0403-4298-A6C5-F71AFD3A9995,tcga_brca,ILC,-0.09407681,0.55615087
7,TCGA-BH-A0H6-01Z-00-DX1.0CF7253A-B42C-4778-B1C6-17EC78A039ED,tcga_brca,IDC,0.10722440,0.84547521
7,TCGA-BH-A0HQ-01Z-00-DX1.0921FCEF-20A2-4D4B-A198-91AF9F6C814C,tcga_brca,IDC,0.04380101,0.63746757
7,TCGA-E2-A156-01Z-00-DX1.CEF32B4D-A676-4230-992D-45A046E4043A,tcga_brca,IDC,0.10415697,1.04680391
7,TCGA-EW-A1PD-01Z-00-DX1.6F6A0122-A50B-4D00-9A3F-7A2502D44E38,tcga_brca,IDC,0.10224366,0.32466904
7,TCGA-OL-A5D6-01Z-00-DX1.6B11331B-4A0D-4E13-B054-A5C7A6FC3AAC,tcga_brca,IDC,0.10341895,0.97649637
7,TCGA-OL-A5D7-01Z-00-DX1.A4A45393-9AE1-4370-8B92-CB85CDB04934,tcga_brca,IDC,0.12158689,0.92749265
7,TCGA-A8-A094-01Z-00-DX1.6750B72A-FEC7-49FA-8520-FCF101CA59AC,tcga_brca,IDC,0.16980338,0.85574327
7,TCGA-D8-A1JG-01Z-00-DX1.BA6D5CC7-3A9B-4D17-A86A-B159D345A216,tcga_brca,IDC,0.19047439,0.72942212
7,TCGA-D8-A27K-01Z-00-DX1.25AF7928-046B-45BF-BAD6-F34156203F5A,tcga_brca,IDC,0.07087600,0.64023080
7,TCGA-BH-A18T-01Z-00-DX1.90123A74-F631-4538-AB2E-4076486ADF88,tcga_brca,IDC,0.16880268,0.86319202
7,TCGA-AR-A1AL-01Z-00-DX1.0970370F-6D4B-449A-AF33-76355DD99F91,tcga_brca,ILC,-0.09267735,-0.66248819
7,TCGA-LL-A740-01Z-00-DX1.757D94A5-EF0F-4A0E-99A9-8809B66438DA,tcga_brca,IDC,0.05304199,0.48631461
7,TCGA-C8-A12K-01Z-00-DX1.D71C7974-65F7-4EF0-8FFB-9F27CEC85242,tcga_brca,IDC,0.18358284,0.87023552
7,TCGA-BH-A42T-01Z-00-DX1.6E4609B9-BE7E-4CA9-A1C0-A77A7DEFBB2B,tcga_brca,ILC,0.03232378,0.43702211
7,TCGA-A8-A0A4-01Z-00-DX1.06C38F98-F34B-49F0-AFB5-7F0086188346,tcga_brca,ILC,-0.15997136,-0.69453484
7,TCGA-A2-A3XY-01Z-00-DX1.E57FC9BF-411E-4028-AC10-8BCA5D0C8472,tcga_brca,IDC,0.16413239,0.93503590
7,TCGA-A8-A076-01Z-00-DX1.BAAC4F9C-0C04-42FB-95F4-D765305089B8,tcga_brca,IDC,0.08311385,1.12683328
7,TCGA-BH-A1FL-01Z-00-DX1.D3E9F46E-9A28-4AAE-8C87-D6F1851227A3,tcga_brca,IDC,-0.03881788,-0.11418649
7,TCGA-E2-A14Y-01Z-00-DX1.804A22A3-FD8D-4C8A-A766-48D28434DE22,tcga_brca,IDC,0.21459767,0.62882384
7,TCGA-AC-A7VB-01Z-00-DX1.62D7FDB3-280D-43B2-92EA-AB810384B0B7,tcga_brca,IDC,0.05884677,0.46803442
7,TCGA-B6-A0RL-01Z-00-DX1.B5B6709B-5F38-4561-A0E7-C78F97B33F22,tcga_brca,IDC,0.11012501,1.03704983
7,TCGA-A8-A096-01Z-00-DX1.FCECFB0D-4E02-4C69-A0FE-7D6C7F9FEB07,tcga_brca,IDC,0.03228205,0.23659294
7,TCGA-BH-A0DE-01Z-00-DX1.64A0340A-8146-48E8-AAF7-4035988B9152,tcga_brca,IDC,0.02020234,0.36000690
7,TCGA-A2-A4RY-01Z-00-DX1.143E32FC-E10F-4590-9C72-32094B24EF8C,tcga_brca,ILC,-0.05132431,0.21818195
7,TCGA-E9-A229-01Z-00-DX1.5B448B88-DA0C-44FF-87B3-20649A4A26FE,tcga_brca,IDC,0.01806802,0.36297047
7,TCGA-A7-A3J1-01Z-00-DX1.92895B92-5F95-4EA3-9237-4CAF63CDE3FF,tcga_brca,ILC,-0.06143934,-0.17210409
7,TCGA-D8-A1XM-01Z-00-DX1.5F6A140E-5D20-45F6-B76F-0F98AB27AD08,tcga_brca,IDC,0.04931462,0.47294174
7,TCGA-A8-A09N-01Z-00-DX1.A0E4EF10-5BFF-46A0-94C7-578EA3A88599,tcga_brca,IDC,0.06494319,0.44195294
7,TCGA-E9-A1RD-01Z-00-DX1.34083668-cbd2-4610-b857-d50ee9f3e5bd,tcga_brca,IDC,0.06894392,0.99230264
7,TCGA-AC-A62V-01Z-00-DX1.2D8994FD-58B8-43C1-B99D-AA964E7DFD60,tcga_brca,IDC,0.13055623,0.57707056
7,TCGA-A8-A08F-01Z-00-DX1.9D2222F6-1425-46FD-BC94-728EF835FAC2,tcga_brca,IDC,0.15038368,0.98692075
7,TCGA-C8-A1HO-01Z-00-DX1.0C702CEE-C373-4D00-A706-32206D41AC17,tcga_brca,IDC,0.10228169,0.65792635
7,TCGA-E2-A1IG-01Z-00-DX1.C894EEA1-708A-4043-8C60-3BCA98AA751E,tcga_brca,IDC,0.02388084,0.17991186
7,TCGA-18-3410-01Z-00-DX1.DB186D75-4AEE-4E1B-83D5-5A1970F03581,tcga_lung,LUSC,-0.24976277,-0.71571706
7,TCGA-22-4593-01Z-00-DX1.B573D1D5-88CE-4989-8A18-F9545E8ACA82,tcga_lung,LUSC,-0.22096163,-0.73426752
7,TCGA-O2-A52V-01Z-00-DX1.561ADDAE-EC55-461A-84B5-535C93E39C56,tcga_lung,LUSC,-0.15343165,-0.28771071
7,TCGA-66-2769-01Z-00-DX1.101b6493-a7b3-42cf-ae2f-a90948f3fb8f,tcga_lung,LUSC,-0.30772293,-0.72264206
7,TCGA-66-2770-01Z-00-DX1.c11eb894-06a2-4bd0-92da-70fe024b07f1,tcga_lung,LUSC,-0.25065482,-0.64370913
7,TCGA-66-2770-01Z-00-DX2.58f25170-ac3a-471a-80a0-0586f2ae1669,tcga_lung,LUSC,-0.25247979,-0.65347338
7,TCGA-22-4604-01Z-00-DX1.C398D192-8564-42AB-89B8-461F0830D8A1,tcga_lung,LUSC,-0.22491097,-0.93778713
7,TCGA-NK-A5CR-01Z-00-DX1.A7C57B30-E2C6-4A23-AE71-7E4D7714F8EA,tcga_lung,LUSC,-0.26610702,-0.27952723
7,TCGA-22-4607-01Z-00-DX1.5C521672-8405-43A2-ACB5-16174A74BCB7,tcga_lung,LUSC,-0.27241790,-0.60938506
7,TCGA-85-6560-01Z-00-DX1.bf857c85-ebe7-4135-a4ec-038a57efc319,tcga_lung,LUSC,-0.09305114,-0.10459747
7,TCGA-43-3920-01Z-00-DX1.33ab7101-e3e6-4156-9c16-efae940c8156,tcga_lung,LUSC,-0.35412759,-0.55359106
7,TCGA-21-5783-01Z-00-DX1.3FAB28DF-5748-42D5-8257-3D440C4FB5FB,tcga_lung,LUSC,-0.34879231,-0.40294283
7,TCGA-85-8355-01Z-00-DX1.146ECC8D-858B-4DDA-B7FE-DBC22CC8C24D,tcga_lung,LUSC,-0.31903145,-0.66159694
7,TCGA-18-3419-01Z-00-DX1.69597BCF-2D4E-4D9B-B4E8-C03137445AF4,tcga_lung,LUSC,-0.18818575,-1.10762175
7,TCGA-56-A4ZK-01Z-00-DX1.D6B1AC68-BF70-4C49-A5A1-233D6DA4AE27,tcga_lung,LUSC,-0.25829643,-0.43817604
7,TCGA-85-A4JC-01Z-00-DX1.6B4ED63F-ADF9-49F4-A30B-AB3A5EEFDDB7,tcga_lung,LUSC,-0.24166679,-0.65645935
7,TCGA-77-A5GH-01Z-00-DX1.2F4C2F84-17AE-415A-BF6C-01A899BAAE68,tcga_lung,LUSC,-0.03563696,-0.03511139
7,TCGA-L9-A5IP-01Z-00-DX1.E699D989-8BB8-41DF-9B95-A880858653E6,tcga_lung,LUAD,-0.09775406,-0.26902678
7,TCGA-94-A5I4-01Z-00-DX1.F0CE4558-63A7-45FB-BA8C-1B20AB29A847,tcga_lung,LUSC,-0.23113245,-0.79589458
7,TCGA-21-1083-01Z-00-DX1.8288ca92-b611-4acf-986e-0b8a3f620b94,tcga_lung,LUSC,0.03632993,-0.26053737
7,TCGA-22-0940-01Z-00-DX1.775CB101-6A55-40DD-B19F-7BFCA7820F5F,tcga_lung,LUSC,-0.18000793,-0.72216100
7,TCGA-34-7107-01Z-00-DX1.c72202e6-740d-4891-945c-f360f7c56bc9,tcga_lung,LUSC,-0.24099636,-0.69246811
7,TCGA-56-A4BW-01Z-00-DX1.8ED20788-092B-4C21-9D83-5423D853422F,tcga_lung,LUSC,-0.21058500,-0.57349439
7,TCGA-66-2766-01Z-00-DX1.05729d5f-7c12-44e1-9a61-90296f555e89,tcga_lung,LUSC,-0.27687550,-0.35879822
7,TCGA-66-2773-01Z-00-DX1.70fe76fc-749d-4720-a97e-40cd097f2340,tcga_lung,LUSC,-0.19031805,-0.54424738
7,TCGA-56-7823-01Z-00-DX1.354861d2-79f1-4b70-a74e-20cb0f78468e,tcga_lung,LUSC,0.19615197,-0.02041998
7,TCGA-18-3412-01Z-00-DX1.699A17A5-356B-42F8-815A-5DBD60293242,tcga_lung,LUSC,-0.28828281,-1.28773854
7,TCGA-85-8351-01Z-00-DX1.E3340212-A6C4-4CB4-89A3-E632D3481BE4,tcga_lung,LUSC,-0.21703762,-0.79219248
7,TCGA-66-2753-01Z-00-DX1.ae9d8372-adb8-46f9-a140-2f0a1ddff579,tcga_lung,LUSC,-0.22930878,-0.56003979
7,TCGA-66-2758-01Z-00-DX1.23611c66-bd21-47d1-abb0-2f3da38c377f,tcga_lung,LUSC,-0.19591105,-0.47961413
7,TCGA-NK-A5CT-01Z-00-DX1.D41A2900-E398-434F-AAC4-5CEA1FDC0479,tcga_lung,LUSC,-0.12825102,-0.42906824
7,TCGA-70-6722-01Z-00-DX1.2f8498bb-bbd9-4eae-bb9e-6fe939ca0551,tcga_lung,LUSC,-0.19094384,-0.09776600
7,TCGA-22-5473-01Z-00-DX1.C452FE31-443B-43AE-A5FA-451DF0127F8F,tcga_lung,LUSC,-0.26368111,-0.72241335
7,TCGA-93-A4JP-01Z-00-DX1.994E229B-5251-4F61-8C41-863047F3A136,tcga_lung,LUAD,0.18195266,0.14423196
7,TCGA-50-5066-02Z-00-DX1.A2CA045A-7956-4E04-9EC9-5856FC789110,tcga_lung,LUAD,0.15496427,0.04019101
7,TCGA-50-5066-01Z-00-DX1.e161df31-84a4-40a4-a6a2-748b60820f77,tcga_lung,LUAD,0.17654312,0.11634996
7,TCGA-55-A4DF-01Z-00-DX1.C945E1AD-BEF4-403F-BB11-BAC831D24CDA,tcga_lung,LUAD,0.02720547,0.45143152
7,TCGA-97-A4M2-01Z-00-DX1.5C72522C-1538-4D68-B517-5FB05A9D401A,tcga_lung,LUAD,0.23355430,0.23672670
7,TCGA-55-A57B-01Z-00-DX1.8D3C7063-3AF6-4839-A656-F844EC0AF9DB,tcga_lung,LUAD,0.07235479,0.73759117
7,TCGA-78-7535-01Z-00-DX1.c4ca06f3-22d1-4e39-85c8-98d1fa2b0e60,tcga_lung,LUAD,0.26168835,0.56257365
7,TCGA-49-4507-01Z-00-DX2.a7bfbeee-00ea-4301-ace4-ce591807e2d3,tcga_lung,LUAD,0.25229108,0.14837173
7,TCGA-49-4507-01Z-00-DX1.1df4e286-ea89-4c38-ad53-a26e5b7b0402,tcga_lung,LUAD,0.25031233,0.05028376
7,TCGA-MP-A4T6-01Z-00-DX1.085C4F5A-DB1B-434A-9D62-E2187D133B0A,tcga_lung,LUAD,0.19678372,1.28179019
7,TCGA-50-5942-01Z-00-DX1.da1b1274-8740-4c79-adf9-25800913eafa,tcga_lung,LUAD,0.25400573,1.18857443
7,TCGA-NJ-A55R-01Z-00-DX1.2E2B3642-4E1C-47DB-AF7B-988D586C0986,tcga_lung,LUAD,0.06422997,0.74709533
7,TCGA-44-A47B-01Z-00-DX1.177D0531-E037-435B-BFD4-382B2150B10D,tcga_lung,LUAD,0.07457185,0.59150817
7,TCGA-78-7150-01Z-00-DX1.46e6e65c-521c-49de-b106-419dc840b235,tcga_lung,LUAD,0.06153691,0.18256121
7,TCGA-55-8206-01Z-00-DX1.1216f330-c4e9-41b5-a2b7-9cafd960fa11,tcga_lung,LUAD,0.21087646,0.84834305
7,TCGA-97-A4M7-01Z-00-DX2.9D0A8A7E-5A84-439B-B3D1-DFA22BC6ED87,tcga_lung,LUAD,0.22271526,0.52688994
7,TCGA-97-A4M7-01Z-00-DX1.111ED60D-6E4A-47E9-AFD0-C2A109DE2C60,tcga_lung,LUAD,0.16414189,0.57132614
7,TCGA-MN-A4N4-01Z-00-DX1.7D8352EF-7A4B-4084-9612-CF92D9D16041,tcga_lung,LUAD,0.12415683,0.56752353
7,TCGA-MN-A4N4-01Z-00-DX2.9550732D-8FB1-43D9-B094-7C0CD310E9C0,tcga_lung,LUAD,0.13145804,0.58097646
7,TCGA-86-8280-01Z-00-DX1.52627b97-1cfa-4382-819b-949b58c0f995,tcga_lung,LUAD,0.24236900,0.69470036
7,TCGA-49-4510-01Z-00-DX2.e0552b15-6bd7-4660-8a60-9edd0d638e7e,tcga_lung,LUAD,0.29871762,0.79299139
7,TCGA-49-4510-01Z-00-DX1.0b7c713f-6f72-42c3-967d-7e19a280e761,tcga_lung,LUAD,0.30418319,0.81859079
7,TCGA-69-7978-01Z-00-DX1.90a2bf2f-18e2-4bfe-b858-d2de619e2493,tcga_lung,LUAD,-0.01731038,0.21910623
7,TCGA-55-8616-01Z-00-DX1.4F53B2AB-8221-4E67-80D2-7A8E3815B730,tcga_lung,LUAD,0.14357328,1.23652727
7,TCGA-L3-A524-01Z-00-DX1.F3C6DE3B-C59E-4805-A03F-4A0CA3AB2A5E,tcga_lung,LUSC,-0.40320671,-0.28876177
7,TCGA-85-6798-01Z-00-DX1.c8ca3a56-b337-4345-b55a-83b0ae9a75f0,tcga_lung,LUSC,-0.35674745,-0.60160633
7,TCGA-98-8023-01Z-00-DX1.d04d976f-0a9f-44c6-a5f1-4b06885847f8,tcga_lung,LUSC,-0.21088350,-0.37808323
7,TCGA-68-A59I-01Z-00-DX1.6EE9E466-AE08-449D-A830-98667E6D48C7,tcga_lung,LUSC,0.25404969,0.05501918
7,TCGA-37-A5EM-01Z-00-DX1.FF7B9A1C-9D2C-43E4-9AE9-711214ACF77D,tcga_lung,LUSC,-0.37221742,-0.84731888
7,TCGA-21-1076-01Z-00-DX1.533ca070-93e0-4d49-8770-8f42f341ca38,tcga_lung,LUSC,-0.22531343,-0.68834251
7,TCGA-90-A4EE-01Z-00-DX1.3FC7A945-7D20-4A50-9D9E-436924F1A103,tcga_lung,LUSC,-0.23031855,-0.01594950
7,TCGA-94-8491-01Z-00-DX1.CC486AFA-3215-4CED-9000-EE4095FF7947,tcga_lung,LUSC,-0.22371173,-0.29597223
7,TCGA-56-5897-01Z-00-DX1.776271b1-77a9-4653-8ed3-13294c9fc056,tcga_lung,LUSC,-0.16038865,-0.29237651
7,TCGA-77-8007-01Z-00-DX1.06f0e4a1-936d-4bc2-acbf-cfec25fed190,tcga_lung,LUSC,-0.08049190,-0.17291926
7,TCGA-05-4405-01Z-00-DX1.D57EC2B2-3A59-4954-86A7-61782938BCC5,tcga_lung,LUAD,0.15740311,1.24522389
7,TCGA-O1-A52J-01Z-00-DX1.26F6ECCA-D614-4950-98E6-4D76E82F71B4,tcga_lung,LUAD,0.19408125,0.50235357
7,TCGA-44-6778-01Z-00-DX1.5e932267-cc68-4a8e-a660-fe2cc0c59ff4,tcga_lung,LUAD,-0.00671333,0.02557631
7,TCGA-44-4112-01Z-00-DX1.5380b3b4-0e24-4c6c-aa8c-298c5fbe068f,tcga_lung,LUAD,0.15825033,0.48210843
7,TCGA-86-8278-01Z-00-DX1.6500afef-f0f0-4e7c-a6c0-60da81993641,tcga_lung,LUAD,0.25740737,1.10445305
7,TCGA-44-7659-01Z-00-DX1.818bf5b3-b4c1-4d23-a6ae-98d5015eb8c1,tcga_lung,LUAD,0.14426380,1.15357810
7,TCGA-44-2668-01Z-00-DX1.f66fa464-dad1-4a9f-8486-3d7579ca42b6,tcga_lung,LUAD,-0.05778366,-0.06778421
7,TCGA-44-2662-01Z-00-DX1.398f3f84-fd48-4454-b789-a3e90cd36d73,tcga_lung,LUAD,-0.15498561,-0.09423460
7,TCGA-55-8090-01Z-00-DX1.83f86d5f-7cb9-443a-a812-b19ba4aea836,tcga_lung,LUAD,0.16467184,0.33792492
7,TCGA-67-3773-01Z-00-DX1.3E9DFC22-E962-4C18-BF5B-27EBEA089F5D,tcga_lung,LUAD,0.13309216,1.07378075
7,TCGA-49-4505-01Z-00-DX2.48df81e7-5a8e-4c5b-993a-6a54481a35e9,tcga_lung,LUAD,0.20987117,0.72106363
7,TCGA-49-4505-01Z-00-DX3.d3f8d0c4-e4bc-4201-9b2f-e010f51dd8c3,tcga_lung,LUAD,0.18603134,0.51098329
7,TCGA-49-4505-01Z-00-DX4.623c4278-fc3e-4c80-bb4d-000e24fbb1c2,tcga_lung,LUAD,0.19080496,0.91041124
7,TCGA-49-4505-01Z-00-DX1.d49d603e-1f76-43a1-a803-9f2d6a6df715,tcga_lung,LUAD,0.19978231,0.83919831
7,TCGA-55-7914-01Z-00-DX1.875bffe1-8c56-4c29-ab11-6840ee3a643c,tcga_lung,LUAD,0.19570374,1.01977957
7,TCGA-86-8585-01Z-00-DX1.bc0b1c69-f71d-46fc-8195-2d205002e6e5,tcga_lung,LUAD,0.11240554,0.36522216
7,TCGA-05-4420-01Z-00-DX1.2df0552e-87dc-491e-9be2-be8fbce2660d,tcga_lung,LUAD,0.17495507,1.00333079
7,TCGA-64-5781-01Z-00-DX1.81474D4D-6B48-473F-BAA9-ABD75C9223C3,tcga_lung,LUAD,-0.12389010,0.40006608
7,TCGA-L9-A444-01Z-00-DX1.88CF6F01-0C1F-4572-81E3-1A5790692861,tcga_lung,LUAD,0.17505354,0.46592877
7,TCGA-MP-A4TF-01Z-00-DX1.F98B0438-6D32-4EA3-ABA8-E624457EA658,tcga_lung,LUAD,0.02241606,0.01888107
7,TCGA-L9-A8F4-01Z-00-DX1.E2BBB8DE-94E2-4781-9B55-8A4CFBF8A69D,tcga_lung,LUAD,0.09456712,0.49946694
7,TCGA-97-A4M0-01Z-00-DX1.BDDFB04C-2475-485A-9A85-C4B9EB15155E,tcga_lung,LUAD,0.18142402,0.37299220
7,TCGA-56-8305-01Z-00-DX1.2C1D792D-79E0-48D7-9938-DFD44428874E,tcga_lung,LUSC,-0.36484057,-0.95986005
7,TCGA-86-8055-01Z-00-DX1.546dc42e-3742-4da5-8f9b-80732180ce76,tcga_lung,LUAD,0.18876064,0.74802161
7,TCGA-55-8208-01Z-00-DX1.6eccb7e2-16e4-4d25-9a1e-b370e016020f,tcga_lung,LUAD,0.16508889,0.50077207
7,TCGA-86-A456-01Z-00-DX1.5C7CBF9B-0AE3-4776-9434-296AA0C605CC,tcga_lung,LUAD,0.22502202,1.15367416
7,TCGA-50-5045-01Z-00-DX2.0FCA12EA-572E-4A7D-900D-6E200892170E,tcga_lung,LUAD,0.05072641,0.24127606
7,TCGA-50-5045-01Z-00-DX1.ec50bbfc-1721-4e94-ac11-9ebd843e11ba,tcga_lung,LUAD,0.13042355,0.44444443
7,TCGA-69-7979-01Z-00-DX1.c9bc265d-4889-4333-9852-b8b535887f1e,tcga_lung,LUAD,-0.01842082,0.63885649
7,TCGA-50-5946-01Z-00-DX1.5076CACA-E3C0-4114-BA69-5B4896FF0C4B,tcga_lung,LUAD,0.18692833,0.48348148
8,TCGA-JY-A6F8-01Z-00-DX1.0AA9B993-9DFA-431D-9FA4-1EEDAB3CDA1C,tcga_esca,ESAD,0.38766351,0.26356614
8,TCGA-LN-A49L-01Z-00-DX1.AABE0DE6-0AD2-48FA-B65E-70D7B7867FC4,tcga_esca,ESCC,-0.23141438,-0.45064301
8,TCGA-IG-A3YA-01Z-00-DX1.C2A7B316-44E0-4CA3-B76A-241C61BFE492,tcga_esca,ESCC,-0.25956455,-0.19028850
8,TCGA-R6-A6XQ-01Z-00-DX1.16B81D33-0108-4CC1-BE9A-DAADD07F6841,tcga_esca,ESAD,0.18630856,0.23714549
8,TCGA-JY-A93F-01Z-00-DX1.8DCF766B-0B3F-4B4C-8FD3-8378BECD2C9C,tcga_esca,ESCC,-0.19311714,-0.37779037
8,TCGA-V5-AASW-01Z-00-DX1.9471B124-3BB5-4C98-9165-00F07164E099,tcga_esca,ESAD,0.33946246,0.45139709
8,TCGA-VR-A8EX-01Z-00-DX1.66139610-382F-4E5E-8B27-4532DC866BA8,tcga_esca,ESCC,-0.18068814,0.03620843
8,TCGA-R6-A8W8-01Z-00-DX1.8DFF22E6-F331-4B20-80C0-4EAF12884DBB,tcga_esca,ESAD,0.34733152,0.62289279
8,TCGA-LN-A49V-01Z-00-DX1.FD93D99F-F318-4D08-9E0C-CF17455529F3,tcga_esca,ESCC,0.14190027,-0.11743209
8,TCGA-2H-A9GJ-01Z-00-DX1.F6CC7FC9-85DB-4791-B367-312F1AA3CDA2,tcga_esca,ESAD,0.29887667,0.36254898
8,TCGA-LN-A49K-01Z-00-DX1.CCD96BF7-8659-4B4E-86BD-473654768494,tcga_esca,ESCC,-0.21874633,-0.46666957
8,TCGA-VR-AA7D-01Z-00-DX1.AD494B8B-A938-4C8A-8795-5505B9261F82,tcga_esca,ESCC,-0.32078230,-0.35462206
8,TCGA-LN-A4A2-01Z-00-DX1.41B9C9F4-C350-4FDF-A894-F23DDD6D3898,tcga_esca,ESCC,-0.26598805,-0.58547229
8,TCGA-LN-A5U6-01Z-00-DX1.BAB38CCA-4C38-4143-8F53-54FD5186DDF3,tcga_esca,ESCC,-0.23491740,-0.56782557
8,TCGA-L5-A4OS-01Z-00-DX1.DB97C677-73CB-49E9-8F0A-216EFFF364EC,tcga_esca,ESAD,-0.00590408,0.17158545
8,TCGA-BQ-5887-01Z-00-DX1.53c6100e-4ce4-4863-a987-ee0fe30f2e01,tcga_rcc,PRCC,0.08948088,0.31861216
8,TCGA-G7-6797-01Z-00-DX1.a19f9720-72cc-43a4-a081-1adc9ff37fe1,tcga_rcc,PRCC,-0.25974634,-0.02049696
8,TCGA-2Z-A9JK-01Z-00-DX1.C2A22DB8-EF09-430C-ACCA-542F1CA6A45C,tcga_rcc,PRCC,-0.01672518,0.01948424
8,TCGA-WN-A9G9-01Z-00-DX1.20459843-E1C1-45A2-929D-6F50FAEBAD18,tcga_rcc,PRCC,-0.04147261,-0.06516617
8,TCGA-B9-A5W9-01Z-00-DX1.3F74793F-9362-4FBE-BDBF-1DDFB876B000,tcga_rcc,PRCC,-0.24309695,-0.75645822
8,TCGA-J7-8537-01Z-00-DX1.B12AEE27-040A-477F-86D2-58F0CEA38456,tcga_rcc,PRCC,-0.19646168,-0.51371981
8,TCGA-J7-8537-01Z-00-DX3.E536E7F6-FFDC-46AF-9023-E5ACB3865C12,tcga_rcc,PRCC,-0.16547942,-0.32346348
8,TCGA-J7-8537-01Z-00-DX2.94202120-69A5-4223-9F53-5504FC9C6232,tcga_rcc,PRCC,0.12252462,0.35583942
8,TCGA-B0-4847-01Z-00-DX1.d3846058-14c5-40c7-bee9-e2ffe42b5729,tcga_rcc,CCRCC,0.14882582,0.72903433
8,TCGA-BP-4345-01Z-00-DX1.5ada8b8e-40c4-4035-b34a-7bb0a0bb0005,tcga_rcc,CCRCC,0.30667400,1.18492722
8,TCGA-CZ-5451-01Z-00-DX1.52404227-5c75-4cee-9da9-9176f3f3f89c,tcga_rcc,CCRCC,0.25071156,0.82610747
8,TCGA-CZ-5986-01Z-00-DX1.a932e2c0-41e3-4c88-a973-59d57d6dcdcc,tcga_rcc,CCRCC,0.23407000,1.18519502
8,TCGA-B0-5692-01Z-00-DX1.34477dae-21a5-45fc-b949-a1820e9d7a4d,tcga_rcc,CCRCC,0.27515674,0.89783812
8,TCGA-BP-4160-01Z-00-DX1.3d2b326c-6bab-46b6-999f-c9e244524926,tcga_rcc,CCRCC,0.11320400,0.67495901
8,TCGA-AS-3778-01Z-00-DX1.E44DEEAC-DDAC-476A-A8EB-A7E3689B4121,tcga_rcc,CCRCC,0.21395540,0.80479711
8,TCGA-B0-5690-01Z-00-DX1.3f15b28e-03d0-43e9-b289-2697316f4e30,tcga_rcc,CCRCC,0.34989083,0.89196293
8,TCGA-CZ-5464-01Z-00-DX1.093c64f0-b49e-48a8-a3af-ed0af4b6a548,tcga_rcc,CCRCC,0.17689586,0.74627116
8,TCGA-A3-3307-01Z-00-DX1.E9BB41BE-9F96-49A7-8164-A7E715A00EB9,tcga_rcc,CCRCC,0.33657289,1.30362169
8,TCGA-A3-3347-01Z-00-DX1.a06c9ca5-97d5-46a8-95e5-7bf9570a6dc7,tcga_rcc,CCRCC,0.23869002,0.61204131
8,TCGA-B8-4146-01Z-00-DX1.0F0EECE2-3ECC-4CEB-AAAC-DCE2AAF8E7CA,tcga_rcc,CCRCC,0.21371269,1.02386867
8,TCGA-B0-5110-01Z-00-DX1.c87c39f4-9c4b-4f1c-a658-e93e69cc1280,tcga_rcc,CCRCC,0.27984017,0.99449385
8,TCGA-BP-5177-01Z-00-DX1.9c4f716d-a397-4deb-a760-4419f08e7182,tcga_rcc,CCRCC,0.33712065,1.26012285
8,TCGA-CJ-4900-01Z-00-DX1.75AA0FB8-54AF-492F-867F-A7A4DA11FCAF,tcga_rcc,CCRCC,0.01536542,0.57738916
8,TCGA-A3-3306-01Z-00-DX1.bfd320d3-f3ec-4015-b34a-98e9967ea80d,tcga_rcc,CCRCC,0.22074300,1.14759787
8,TCGA-B0-5100-01Z-00-DX1.52baec4e-41bf-4ddc-ac0d-8058f8078018,tcga_rcc,CCRCC,0.22231191,0.82692342
8,TCGA-BP-5170-01Z-00-DX1.ae43bef7-3d81-4f69-be37-b4958bf79939,tcga_rcc,CCRCC,0.28029609,0.72189501
8,TCGA-A4-A5Y0-01Z-00-DX1.9DAC8A20-9DA3-4B67-A4A5-A7C28CA95A56,tcga_rcc,PRCC,-0.26309228,-0.81962253
8,TCGA-UZ-A9Q0-01Z-00-DX1.D81A8109-505F-4929-B723-D4AB6404C712,tcga_rcc,PRCC,-0.25716382,-0.60830447
8,TCGA-BQ-7053-01Z-00-DX1.a5197a8b-5636-4999-9079-373bd4564ced,tcga_rcc,PRCC,-0.25412971,-0.15846895
8,TCGA-BQ-7050-01Z-00-DX1.73bc7fb6-4eaf-464c-848a-61c0a9827251,tcga_rcc,PRCC,-0.01828420,-0.06013333
8,TCGA-F9-A7Q0-01Z-00-DX1.D7C7E174-CBB3-4489-A327-3C4000CA53B1,tcga_rcc,PRCC,-0.18472916,-0.73317427
8,TCGA-B1-7332-01Z-00-DX1.a04eb9f5-6b35-4877-8b54-f675fab63925,tcga_rcc,PRCC,-0.10137820,-0.61907571
8,TCGA-G7-6795-01Z-00-DX1.3467ceec-438d-49a2-8396-018ff67a1060,tcga_rcc,PRCC,-0.15505749,-0.56844288
8,TCGA-BQ-5888-01Z-00-DX1.77e4e7b3-2515-464f-97cc-21be0dda33e5,tcga_rcc,PRCC,-0.22159690,-0.62060736
8,TCGA-2Z-A9J6-01Z-00-DX1.EBF72BB6-C4B0-4BA8-820F-8BAE10DF20A2,tcga_rcc,PRCC,-0.37069112,-0.78397826
8,TCGA-G7-A8LC-01Z-00-DX1.68B9AD1D-B70E-452F-AB01-74D64362A35D,tcga_rcc,PRCC,-0.02318627,-0.66328187
8,TCGA-MH-A55W-01Z-00-DX1.EAA75270-87B3-4AE4-8CAB-911F19AE264E,tcga_rcc,PRCC,-0.25783104,-0.77329568
8,TCGA-BP-4967-01Z-00-DX1.25615528-2d42-4b48-b086-2e851f4fee6e,tcga_rcc,CCRCC,0.13358712,0.75601024
8,TCGA-B8-A8YJ-01Z-00-DX1.31A6E902-8704-4241-9BC0-EBD64309DEE7,tcga_rcc,CCRCC,0.24589783,0.97489425
8,TCGA-A3-A6NN-01Z-00-DX1.4769C9A7-02D2-4080-8AA1-CD34F11CB344,tcga_rcc,CCRCC,0.30036652,0.96265482
8,TCGA-CJ-4869-01Z-00-DX1.0963305A-0BA8-4266-A4D7-B37A98FA342F,tcga_rcc,CCRCC,0.07691115,0.62891827
8,TCGA-CJ-5682-01Z-00-DX1.3EF3DECB-B0D4-4963-9817-087F79844DA2,tcga_rcc,CCRCC,0.26579255,0.62312278
8,TCGA-G6-A8L6-01Z-00-DX1.4B152639-AA5E-45C2-94AF-33549D343ED0,tcga_rcc,CCRCC,0.34025842,0.83090178
8,TCGA-BP-4762-01Z-00-DX1.d7e04665-32ee-4e53-a398-7ef13ab6630c,tcga_rcc,CCRCC,0.26191896,0.23304391
8,TCGA-B0-4696-01Z-00-DX1.87ac4060-189a-4187-a7ed-9bc5fcfa6feb,tcga_rcc,CCRCC,0.11513042,0.47759479
8,TCGA-A3-3367-01Z-00-DX1.9fca6a91-bb71-4632-8b20-e9f4d7030699,tcga_rcc,CCRCC,0.29846847,1.09332845
8,TCGA-CJ-5680-01Z-00-DX1.116A7D3A-9505-40B7-AAB3-DC48A85AEAE9,tcga_rcc,CCRCC,0.11637598,0.54236431
8,TCGA-CJ-5683-01Z-00-DX1.4758DFEF-5B66-43AC-B88B-FFF4079DB129,tcga_rcc,CCRCC,0.24708521,0.77359172
8,TCGA-CJ-5676-01Z-00-DX1.9B227E1C-E4E1-4E1B-97CB-A4B8F2D27DC6,tcga_rcc,CCRCC,0.17653930,0.65081285
8,TCGA-B2-3924-01Z-00-DX1.751b1107-fa18-4df5-89ae-42d06caf9b74,tcga_rcc,CCRCC,0.37113422,1.14515614
8,TCGA-CJ-4908-01Z-00-DX1.3B9E62AC-B67F-4AAC-9255-8A1EB3A78473,tcga_rcc,CCRCC,0.25318140,0.62390122
8,TCGA-A3-3320-01Z-00-DX1.81f8b962-a7a3-43ba-ab12-d92eb91f97b2,tcga_rcc,CCRCC,0.33493692,1.20217449
8,TCGA-BP-5201-01Z-00-DX1.d1a9878e-bb97-48fb-9098-9d9337f06250,tcga_rcc,CCRCC,0.20394009,-0.01016495
8,TCGA-B4-5836-01Z-00-DX1.5F2DDC1A-9DA3-46B7-A0B8-E4BBE1658110,tcga_rcc,CCRCC,0.26994771,1.23508804
8,TCGA-GL-A9DC-01Z-00-DX1.DA670BF2-BF5C-4030-BD2A-CBA313CAB188,tcga_rcc,PRCC,-0.05465436,-0.62231039
8,TCGA-AK-3436-01Z-00-DX1.E8C5CA5A-4DA0-4F66-818E-6C56B22C1EC1,tcga_rcc,CCRCC,0.19133425,0.76795504
8,TCGA-BP-4163-01Z-00-DX1.1dc1c4fb-2691-42f8-b62f-c51db47b30dc,tcga_rcc,CCRCC,0.27124220,0.85668471
8,TCGA-AS-3777-01Z-00-DX1.3c2ee8f6-91f4-46e6-a84b-676d8560f3d4,tcga_rcc,CCRCC,0.12163913,0.39757775
8,TCGA-B2-4102-01Z-00-DX1.07c9ab3f-27ad-4e12-86e8-0eed36eb30c1,tcga_rcc,CCRCC,0.34524682,1.14682846
8,TCGA-BP-4989-01Z-00-DX1.14bd85dc-5ac2-4da0-b8c2-ddf5c791aac5,tcga_rcc,CCRCC,0.23479462,0.71983184
8,TCGA-BP-4975-01Z-00-DX1.3b4b3a5f-f2c1-41d7-9590-11dc5a6265d9,tcga_rcc,CCRCC,0.29457796,1.08937931
8,TCGA-A3-3323-01Z-00-DX1.8225cfd4-6b2c-48b8-bd78-fd574557b4e8,tcga_rcc,CCRCC,0.28469443,1.29864930
8,TCGA-B0-5695-01Z-00-DX1.60ef3025-1240-4d7d-b73f-28b27fa094d8,tcga_rcc,CCRCC,0.27736741,0.84777329
8,TCGA-BP-5191-01Z-00-DX1.4942ebf2-cef3-4cff-8430-b377d274952f,tcga_rcc,CCRCC,0.29073572,0.94526022
8,TCGA-BP-4985-01Z-00-DX1.46854f1c-2f91-4990-b0ca-c76ff09bd835,tcga_rcc,CCRCC,0.16084504,0.80662236
8,TCGA-CJ-4897-01Z-00-DX1.7C8DAACB-B64D-4F7C-B543-B2C19D041F51,tcga_rcc,CCRCC,0.26682943,1.27163093
8,TCGA-CZ-5457-01Z-00-DX1.87f21980-bf6b-4da6-ae8e-f7fef7396d52,tcga_rcc,CCRCC,0.11542875,0.45020098
8,TCGA-A3-3335-01Z-00-DX1.b36f9bd5-d005-4d81-ac3e-c768502ca06b,tcga_rcc,CCRCC,0.15555203,0.97190884
8,TCGA-AK-3429-01Z-00-DX1.3501F4D9-4764-4D30-A5BC-B0FF1A494CFE,tcga_rcc,CCRCC,0.33759880,0.93085014
8,TCGA-B8-5552-01Z-00-DX1.391C74B0-7381-40F8-88AF-B1687CB39F11,tcga_rcc,CCRCC,0.15427351,0.99737148
8,TCGA-A4-7287-01Z-00-DX1.f69967b8-efb3-452d-9f0d-2ddb08cbbe08,tcga_rcc,PRCC,-0.05653605,-0.14141017
8,TCGA-B9-A5W7-01Z-00-DX1.88047FCF-9813-480C-B2E6-AE1B5A6773F3,tcga_rcc,PRCC,-0.34996879,-1.12320330
8,TCGA-BQ-5882-01Z-00-DX1.c360e990-452e-4621-bd79-fe1dabf15ed0,tcga_rcc,PRCC,-0.13438815,0.05972244
8,TCGA-G7-A4TM-01Z-00-DX1.F7F3F097-C8E5-467E-BAD2-2FB66076C40B,tcga_rcc,PRCC,-0.27847230,-0.89506858
8,TCGA-F9-A97G-01Z-00-DX1.AD772BDA-5C18-43B1-A337-7FF6E09A9DB6,tcga_rcc,PRCC,-0.06770986,-0.02205796
8,TCGA-B9-A69E-01Z-00-DX1.4F669BCD-2FCD-4278-BE05-31127BEEC98B,tcga_rcc,PRCC,-0.14147401,-0.46375437
8,TCGA-E2-A15T-01Z-00-DX1.23913E37-53A8-4E11-9B64-CDD016F6D87A,tcga_brca,IDC,0.10182083,0.70748468
8,TCGA-B6-A0WY-01Z-00-DX1.FA103E02-3BDC-47DC-BA6E-59FCC58866D1,tcga_brca,IDC,0.03932440,0.36532314
8,TCGA-AC-A2FB-01Z-00-DX1.A4D93E32-BBD7-45E4-8ACF-3724B059ECBC,tcga_brca,ILC,-0.05252945,-0.48087337
8,TCGA-AN-A0XU-01Z-00-DX1.6B0DD0FF-A20D-4BA2-8D48-FC357BA5313F,tcga_brca,IDC,0.13019788,0.63246915
8,TCGA-D8-A1XZ-01Z-00-DX1.8E51A61D-B01C-4A52-8F5D-44D2ABCA46FC,tcga_brca,IDC,0.16505766,1.15914494
8,TCGA-D8-A1XZ-01Z-00-DX2.73D59546-C003-4DED-80D5-866E7055EC79,tcga_brca,IDC,0.16344416,0.99550771
8,TCGA-BH-A0H7-01Z-00-DX1.21502FEA-DB37-4630-BA42-778DDF3A6D17,tcga_brca,IDC,0.08991790,0.56024635
8,TCGA-A7-A5ZW-01Z-00-DX1.5F571EE3-A1A3-4604-BE89-1A46E0EC508B,tcga_brca,IDC,0.04747653,0.42935627
8,TCGA-E2-A15K-01Z-00-DX1.9F424BE2-9BFE-4DFF-8CC9-10D2DADBBEA7,tcga_brca,IDC,0.06374711,0.50912808
8,TCGA-B6-A0WS-01Z-00-DX1.020ED7BF-9497-4F13-AA07-FE0E839F9A06,tcga_brca,IDC,0.08016348,0.60169932
8,TCGA-D8-A1XT-01Z-00-DX1.9E4DEEEB-AB0A-45F6-A69B-65B3E6F22D46,tcga_brca,IDC,0.09411329,0.87391035
8,TCGA-E9-A22E-01Z-00-DX1.3d5b1ba6-466f-4852-b1fc-bc29ef3be9a2,tcga_brca,IDC,0.06164837,0.59301567
8,TCGA-E2-A153-01Z-00-DX1.CA994467-E541-4131-A9FC-DCD9944F29C4,tcga_brca,IDC,-0.12471411,0.17572451
8,TCGA-D8-A1JI-01Z-00-DX1.9BDB647F-EEAB-4235-BE44-A3815A48CCE0,tcga_brca,IDC,0.05681264,0.64664192
8,TCGA-D8-A1JI-01Z-00-DX2.E688E270-26C9-43EC-BC26-86BF8B74A31D,tcga_brca,IDC,0.01188797,0.31649327
8,TCGA-AR-A251-01Z-00-DX1.E91E357A-3AD4-4F79-A698-05F0B21A37EC,tcga_brca,IDC,0.12268919,1.01522165
8,TCGA-OK-A5Q2-01Z-00-DX2.C828A160-87DF-4625-A8C5-2057F61D54F4,tcga_brca,ILC,-0.04208350,-0.06746521
8,TCGA-OK-A5Q2-01Z-00-DX4.83B45D6C-E350-4436-812F-4155D9F7D331,tcga_brca,ILC,-0.00444543,-0.02530439
8,TCGA-OK-A5Q2-01Z-00-DX3.5F9215C3-E407-46F8-968E-503D7D14605C,tcga_brca,ILC,-0.03429341,-0.19676220
8,TCGA-OK-A5Q2-01Z-00-DX1.0D169898-37C6-44CA-AC87-27887123AA6F,tcga_brca,ILC,-0.03261012,-0.37342271
8,TCGA-D8-A146-01Z-00-DX1.D93FB315-E5D7-49BA-8380-38B16B70361B,tcga_brca,IDC,0.07759404,0.82996675
8,TCGA-A7-A4SB-01Z-00-DX1.E8925605-5189-441E-A719-92CFC1118B0B,tcga_brca,ILC,-0.12533230,-1.00120266
8,TCGA-LL-A9Q3-01Z-00-DX1.94FA76F5-008A-401B-BFDC-817804BAE5F6,tcga_brca,ILC,-0.05488271,-0.64537363
8,TCGA-AQ-A7U7-01Z-00-DX1.AB5629A1-399E-402B-AD3D-DAF9F97D8300,tcga_brca,ILC,-0.06123477,-0.21368741
8,TCGA-AC-A2BM-01Z-00-DX1.162A9FA9-6E61-48BF-B0A5-C6C7640ABD9B,tcga_brca,IDC,0.14799273,0.82421939
8,TCGA-BH-A1F5-01Z-00-DX1.9A1AA3BB-80B1-473D-B075-8D65A94C4E0B,tcga_brca,IDC,0.14097768,0.69728716
8,TCGA-EW-A1J5-01Z-00-DX1.FFE303B1-7F36-4276-B931-C2A6B2CBD1F2,tcga_brca,ILC,-0.06794053,-0.48026352
8,TCGA-A2-A04Q-01Z-00-DX1.DF7ED6B6-7701-486D-9007-F26B6F0682C4,tcga_brca,IDC,0.07366988,0.41107150
8,TCGA-B6-A0WZ-01Z-00-DX1.6CFB236E-36F5-43D6-8DE3-C4ECBD3C14C6,tcga_brca,IDC,0.10032982,0.91184362
8,TCGA-A1-A0SQ-01Z-00-DX1.36071264-3407-4224-BCBB-2ED00294569A,tcga_brca,IDC,0.09830433,0.34918150
8,TCGA-BH-A0E7-01Z-00-DX1.7FEE54C4-3795-403C-85B9-FF932BE56788,tcga_brca,IDC,0.10950869,0.93153057
8,TCGA-A8-A08H-01Z-00-DX1.6AA6A530-3BD3-4582-9D6B-8AE3B4A73948,tcga_brca,IDC,0.08370209,0.98632374
8,TCGA-A2-A0EP-01Z-00-DX1.1180C406-5C18-4373-8621-1B7B70875113,tcga_brca,ILC,-0.03203595,-0.11489251
8,TCGA-E9-A6HE-01Z-00-DX1.97514DBA-9BC0-4554-9A43-99C48C6B953A,tcga_brca,ILC,0.01666713,0.26468086
8,TCGA-E9-A1QZ-01Z-00-DX1.CDAECCA9-4F09-491F-A975-B775D47E46F0,tcga_brca,IDC,0.07848990,0.66318609
8,TCGA-AC-A3TM-01Z-00-DX1.4421EE37-A2CC-4638-AC44-9C26CB09FDC1,tcga_brca,ILC,0.00313419,-0.40353727
8,TCGA-BH-A208-01Z-00-DX1.C7A2885D-0535-4506-B06E-82BC62D6DFE9,tcga_brca,IDC,0.08358443,0.69736006
8,TCGA-A2-A0CY-01Z-00-DX1.8815F011-317B-4BB7-A48F-64EABD0E558B,tcga_brca,IDC,0.24386239,0.91922603
8,TCGA-A2-A0YJ-01Z-00-DX1.8135C74E-DAA8-4C8E-AF14-A4B5B57695BE,tcga_brca,IDC,0.10614151,0.90758096
8,TCGA-A2-A0T7-01Z-00-DX1.EA4DF9B5-8D04-4BCC-9ECB-CB8CB8ACBE1C,tcga_brca,IDC,0.07551390,0.81530687
8,TCGA-AQ-A54N-01Z-00-DX1.E53271E9-AFD2-4071-9B1E-CD05F63B8136,tcga_brca,IDC,0.20743358,0.72093450
8,TCGA-A7-A13E-01Z-00-DX1.891954FF-316A-4562-AA14-429631944F22,tcga_brca,IDC,0.15919989,1.14071319
8,TCGA-A7-A13E-01Z-00-DX2.1E1262AE-A32D-4814-94A5-D951CA8BA35D,tcga_brca,IDC,0.13123107,0.90972622
8,TCGA-A2-A0CS-01Z-00-DX1.3986B545-63E8-4727-BCC1-701DE947D1FB,tcga_brca,IDC,0.13486224,0.81658162
8,TCGA-A8-A09V-01Z-00-DX1.2D6731CA-5712-4EB8-8602-E53301BF4238,tcga_brca,ILC,-0.02883267,-0.00667425
8,TCGA-D8-A1X8-01Z-00-DX1.DDA3866E-C7CC-4650-BE2B-5C9A98A2D531,tcga_brca,ILC,-0.06952363,-0.34704954
8,TCGA-AC-A8OQ-01Z-00-DX1.15946A44-711C-4765-AB46-5CFB7BD11E42,tcga_brca,IDC,0.14589286,0.65345232
8,TCGA-AC-A2FM-01Z-00-DX1.5D2309D5-C47B-4B04-B7B8-2F0685842889,tcga_brca,ILC,0.03377998,0.09185464
8,TCGA-E2-A1IH-01Z-00-DX1.816F0C54-D87E-4E23-891B-98169F5B439B,tcga_brca,ILC,0.02082694,0.33046517
8,TCGA-EW-A1J1-01Z-00-DX1.FFC2D5DB-E6D0-4143-A1E7-0A2027846C8C,tcga_brca,IDC,0.12685657,0.75605984
8,TCGA-C8-A27B-01Z-00-DX1.5A8A14E8-6430-4147-9C71-805024E098CB,tcga_brca,IDC,0.20485044,0.18195367
8,TCGA-AN-A0FV-01Z-00-DX1.C0D02946-FCDA-472D-895D-7ACF5C96B264,tcga_brca,IDC,0.08316720,1.03724653
8,TCGA-E2-A1IL-01Z-00-DX1.46B6AA99-C7CE-4573-B15D-2C56A708B082,tcga_brca,ILC,0.01304305,0.33206809
8,TCGA-AC-A5EH-01Z-00-DX1.DF59B26B-379F-4047-B7AE-4493810D30A0,tcga_brca,IDC,0.12897354,0.56896356
8,TCGA-D8-A1JH-01Z-00-DX1.4A4F2502-612C-421D-9F64-444BF2C85620,tcga_brca,IDC,0.13220358,0.60189484
8,TCGA-BH-A0BC-01Z-00-DX1.7A91831D-9625-49FC-B783-C633F80F898C,tcga_brca,IDC,0.00581944,0.11960519
8,TCGA-A1-A0SF-01Z-00-DX1.7F252D89-EA78-419F-A969-1B7313D77499,tcga_brca,IDC,0.09732372,0.77571744
8,TCGA-A2-A0D3-01Z-00-DX1.D18CE1C0-291D-41C1-8F71-2A0551F8C661,tcga_brca,IDC,-0.04526281,-0.15302300
8,TCGA-B6-A0X4-01Z-00-DX1.4B7914DE-3436-4D69-9BC6-F6419D3CC518,tcga_brca,IDC,0.13986814,1.10649440
8,TCGA-A2-A04U-01Z-00-DX1.06D17357-46A8-4DC3-A22B-2F4EB6EE3F79,tcga_brca,IDC,0.14230448,0.80332696
8,TCGA-EW-A1OV-01Z-00-DX1.93698123-5B34-4163-848B-2D75A5F7B001,tcga_brca,IDC,-0.00209963,0.27694371
8,TCGA-GM-A2DD-01Z-00-DX1.01332FF3-7488-41B7-A515-7841715DE92B,tcga_brca,IDC,0.09017432,0.39751952
8,TCGA-BH-A1FJ-01Z-00-DX1.BCED4CEF-2B33-45BA-ABC7-29BEE818F4A3,tcga_brca,IDC,0.05390763,0.50185915
8,TCGA-A8-A090-01Z-00-DX1.01574070-D65E-486F-B69D-0F8E3816D057,tcga_brca,IDC,-0.02876937,0.20246318
8,TCGA-E2-A15O-01Z-00-DX1.4D0F3975-93EA-4DC2-AD0C-A76A24C3AE0C,tcga_brca,IDC,0.08471715,0.54368254
8,TCGA-D8-A1X5-01Z-00-DX2.E4D28EE2-9C87-4613-BD2E-89FBEF960DEE,tcga_brca,IDC,0.12769485,0.80594385
8,TCGA-D8-A1X5-01Z-00-DX1.81B10B43-0D99-44D0-A245-D652041B8FEE,tcga_brca,IDC,0.10088724,0.53696714
8,TCGA-E2-A1L8-01Z-00-DX1.842BF73D-2D64-4ABA-880D-DBE8F4C2AA19,tcga_brca,ILC,0.04382688,0.35592019
8,TCGA-E2-A576-01Z-00-DX1.2E045763-7EB0-48F5-8C47-E4B84287D739,tcga_brca,ILC,0.00768733,0.17638363
8,TCGA-C8-A12U-01Z-00-DX1.8E90FC9F-630E-4611-A5D2-D6F11DBE81EF,tcga_brca,IDC,0.17144239,0.85297248
8,TCGA-A7-A6VW-01Z-00-DX1.1BC4790C-DB45-4A3D-9C97-92C92C03FF60,tcga_brca,IDC,0.24674764,0.87174515
8,TCGA-A2-A0ET-01Z-00-DX1.41E86BB9-EA52-4615-94E7-0F09DDB094F4,tcga_brca,IDC,0.08311766,0.70141384
8,TCGA-C8-A1HN-01Z-00-DX1.7EBBEAB1-EBB7-456F-8848-AFE2263242B7,tcga_brca,IDC,0.10829014,0.92150878
8,TCGA-A8-A08P-01Z-00-DX1.431A1290-9CF4-4CE7-A9F0-13F9ADA46ADA,tcga_brca,IDC,0.10746408,0.85397925
8,TCGA-A2-A1FW-01Z-00-DX1.DC2BC5D7-E57B-444E-833F-9A1B6E11DE6D,tcga_brca,IDC,0.06147015,0.51320910
8,TCGA-BH-A0DP-01Z-00-DX1.5550557D-4E5B-4B57-8C1E-9290A7AA32A9,tcga_brca,ILC,-0.02907854,0.18431582
8,TCGA-E2-A15S-01Z-00-DX1.77CFA95F-F1AE-41BD-BAF8-BCA6F0DFA3A3,tcga_brca,IDC,0.09011087,0.30889919
8,TCGA-A8-A0A9-01Z-00-DX1.16524DDD-539D-4E47-9A8F-1B910D4FEC2D,tcga_brca,IDC,0.05731076,0.92039773
8,TCGA-D8-A1XA-01Z-00-DX1.36A807F0-2D35-4CE3-8A27-CC59181B1A3D,tcga_brca,IDC,0.05604053,0.41480517
8,TCGA-A8-A08G-01Z-00-DX1.C3BB7FEC-91B7-4B45-8DFC-36CABCC0FD57,tcga_brca,IDC,0.16008291,1.07534655
8,TCGA-E9-A24A-01Z-00-DX1.F0342837-5750-4172-B60D-5F902E2A02FD,tcga_brca,IDC,0.07752120,1.26340017
8,TCGA-LL-A441-01Z-00-DX1.33B13078-BB14-4C42-88A6-7460AD2BCD00,tcga_brca,IDC,0.13575512,0.70193664
8,TCGA-B6-A0I6-01Z-00-DX1.D597D207-BEB2-4CE5-B315-FE7AD6E9C30B,tcga_brca,IDC,0.03535241,0.62071544
8,TCGA-C8-A1HJ-01Z-00-DX1.745159F1-85E7-4CC0-B088-E1CA91916FB8,tcga_brca,IDC,0.14925689,0.55924180
8,TCGA-AN-A0FX-01Z-00-DX1.C9656600-F823-4044-972B-7059B39FC539,tcga_brca,IDC,0.12759328,1.00486580
8,TCGA-E9-A243-01Z-00-DX1.9A3B34E5-25EF-4243-8680-FABF2F1CCDA9,tcga_brca,IDC,0.10900998,0.43522930
8,TCGA-E2-A1B4-01Z-00-DX1.E585C4FB-0D3E-4160-8192-53A329648F5C,tcga_brca,IDC,0.05095416,0.32517602
8,TCGA-BH-A0BO-01Z-00-DX1.1A704471-FEB3-40F9-9838-3E347A18285F,tcga_brca,IDC,0.04893517,0.59259456
8,TCGA-AQ-A04L-01Z-00-DX1.F35BF4DD-896A-43C2-8DA6-C67945C003BE,tcga_brca,IDC,0.13666523,0.72538029
8,TCGA-GM-A2DN-01Z-00-DX1.593003B0-BA87-486B-B472-D6B85867D54D,tcga_brca,IDC,0.07346642,0.74202120
8,TCGA-BH-A0HI-01Z-00-DX1.89DB9F79-0DCC-4C65-831E-96AE026C2C4E,tcga_brca,IDC,0.10091799,1.05148899
8,TCGA-S3-AA14-01Z-00-DX1.000A865F-19E6-4018-9352-BFA54EF0CE31,tcga_brca,IDC,0.06696701,0.54878794
8,TCGA-AN-A0FW-01Z-00-DX1.5EEDFC71-6ABE-4189-8C45-2127403A8F04,tcga_brca,IDC,0.04740345,0.22034568
8,TCGA-AR-A1AP-01Z-00-DX1.F163EED5-0385-41AA-BA35-54E4910CD99E,tcga_brca,IDC,0.01818109,0.72342159
8,TCGA-D8-A1XQ-01Z-00-DX1.1A17A5C7-F14B-4AD2-AD5F-D3400D86A366,tcga_brca,IDC,0.14479113,0.89418440
8,TCGA-OL-A6VQ-01Z-00-DX1.E3B81163-0239-47C3-B53F-064405B58685,tcga_brca,ILC,0.17300230,1.20041041
8,TCGA-96-7544-01Z-00-DX1.44ce4169-c232-4a9b-ac40-55226179c4fa,tcga_lung,LUSC,-0.35596138,-1.00790733
8,TCGA-43-3394-01Z-00-DX1.4c2f49b9-9dac-41d8-a62b-64c8928caa3c,tcga_lung,LUSC,-0.34404469,-0.78467644
8,TCGA-NC-A5HG-01Z-00-DX1.129E83E5-1C4D-4B31-8750-64D10A65267F,tcga_lung,LUSC,-0.35569140,-1.15855025
8,TCGA-O2-A52N-01Z-00-DX1.FF1DD149-4DBE-44C7-872D-FA7E8FE770A8,tcga_lung,LUSC,-0.36116832,-0.70870598
8,TCGA-56-8504-01Z-00-DX1.032AF45F-89C3-4265-8287-A455780DA887,tcga_lung,LUSC,-0.32598042,-0.24712863
8,TCGA-22-5471-01Z-00-DX1.AACEB098-E9B8-4A2B-905E-7D66BE962922,tcga_lung,LUSC,-0.39057261,-0.48953877
8,TCGA-98-A53J-01Z-00-DX1.EEC6256E-D331-4731-B00C-08622C725F61,tcga_lung,LUSC,-0.32979363,-0.54381346
8,TCGA-77-8148-01Z-00-DX1.2066e518-636c-4917-9dd4-78ab3605e8f6,tcga_lung,LUSC,-0.38358396,-1.10824166
8,TCGA-NC-A5HI-01Z-00-DX1.7C40C0F4-E3A3-4B86-A54E-3347E8CB8BBA,tcga_lung,LUSC,-0.27065152,-0.88773052
8,TCGA-NK-A7XE-01Z-00-DX1.47D9E488-0BB8-4611-A6BA-A6ABC32FA4C9,tcga_lung,LUSC,-0.04111439,-0.00337916
8,TCGA-37-A5EN-01Z-00-DX1.C389C26A-2B88-4DCA-9B32-FEECDFFC35A6,tcga_lung,LUSC,-0.41292483,-0.66130447
8,TCGA-NC-A5HR-01Z-00-DX1.B8B85EDD-96A6-40DF-B3BF-C97311A7E552,tcga_lung,LUSC,-0.26026565,-0.71868791
8,TCGA-22-1002-01Z-00-DX1.A41CF987-B2E7-4ADE-8580-735631EEE963,tcga_lung,LUSC,-0.19017047,-0.09822159
8,TCGA-37-4133-01Z-00-DX1.3dfcb0df-6f4b-4df7-9d04-085b36e03024,tcga_lung,LUSC,-0.30801278,-0.84740438
8,TCGA-94-A5I6-01Z-00-DX1.55C3DD79-D988-47FA-81FE-2BA20C291530,tcga_lung,LUSC,-0.31848383,-0.32561304
8,TCGA-66-2757-01Z-00-DX1.fa182184-fbf1-46ab-bdae-6f383441fd85,tcga_lung,LUSC,-0.16975963,-0.40194421
8,TCGA-21-5782-01Z-00-DX1.E0C856C0-9055-4437-9393-695D699E4F57,tcga_lung,LUSC,-0.33599648,-0.27386066
8,TCGA-05-4382-01Z-00-DX1.76b49a4c-dbbb-48b0-b677-6d3037e5ce88,tcga_lung,LUAD,-0.09055269,0.57477314
8,TCGA-78-7633-01Z-00-DX1.f0cd4825-eb92-4098-954a-fbb1e4851660,tcga_lung,LUAD,0.24264181,0.81991416
8,TCGA-44-5644-01Z-00-DX1.7e4edaa7-25c6-49f4-81bc-f50d6c5fac38,tcga_lung,LUAD,-0.09282577,-0.41390096
8,TCGA-34-2605-01Z-00-DX1.4DC249E9-26AD-4C0A-918C-3BC6C2DACDD0,tcga_lung,LUSC,-0.28016597,-0.43565195
8,TCGA-22-4605-01Z-00-DX1.5B725941-80CE-497B-8A1E-856D16DD2870,tcga_lung,LUSC,-0.35086298,-0.46915091
8,TCGA-34-2604-01Z-00-DX1.C04E4FF6-6E62-432D-AD1E-D0AACAA66875,tcga_lung,LUSC,-0.21721435,-0.69191142
8,TCGA-43-5668-01Z-00-DX1.0d024872-fbcc-4e91-948b-acc96a00d5eb,tcga_lung,LUSC,-0.03483093,0.51168959
8,TCGA-60-2697-01Z-00-DX1.e11a5b5b-c4be-4fe1-b7db-08879e55d552,tcga_lung,LUSC,-0.21835423,-0.35785784
8,TCGA-77-8150-01Z-00-DX1.8ae93dac-2038-4426-9ddf-6fb857f6938a,tcga_lung,LUSC,-0.33100447,-0.60354428
8,TCGA-56-8309-01Z-00-DX1.5FC5FA81-405A-48AB-AA7D-2D38003A8942,tcga_lung,LUSC,0.03706574,-0.01496797
8,TCGA-NC-A5HM-01Z-00-DX1.CBAF06E0-5185-4A9C-B005-F7D2C0945032,tcga_lung,LUSC,-0.23671871,-0.44043897
8,TCGA-33-AASL-01Z-00-DX1.B6BE8062-EFB3-4615-8F9A-52E2C6D4617F,tcga_lung,LUSC,-0.13972062,-0.38593152
8,TCGA-77-8140-01Z-00-DX1.b35a0672-9f04-4c34-a894-0ccc38151639,tcga_lung,LUSC,0.04450268,-0.09797388
8,TCGA-77-A5G8-01Z-00-DX1.4F66CA44-C238-4293-882C-5357ABD7115F,tcga_lung,LUSC,-0.29003081,-0.62925860
8,TCGA-85-8276-01Z-00-DX1.6306624d-e197-4744-a872-0a20413bd9fa,tcga_lung,LUSC,-0.29928908,-0.24216461
8,TCGA-43-A56V-01Z-00-DX1.AA93FE03-FA7D-42C4-A118-B98C2400D9DA,tcga_lung,LUSC,-0.34588009,-0.72062649
8,TCGA-58-A46N-01Z-00-DX1.5D51252C-5294-4E40-ABB2-31C3BE1039F8,tcga_lung,LUSC,-0.30548921,-0.78206592
8,TCGA-55-6981-01Z-00-DX1.5fecd134-42a0-40a2-be75-1e8bd14c5b30,tcga_lung,LUAD,0.07955986,1.02041374
8,TCGA-53-7813-01Z-00-DX1.97c5eff3-ceeb-499b-b2e1-bcd3cd60c5e7,tcga_lung,LUAD,0.19117260,0.40928441
8,TCGA-44-2656-01Z-00-DX1.5f247f31-4bb5-460d-a1f7-7dcdba33c835,tcga_lung,LUAD,0.01266843,0.47283930
8,TCGA-05-4422-01Z-00-DX1.4802093f-71ea-43d5-bd92-b4bd7fc8c5bf,tcga_lung,LUAD,0.08363199,0.55526949
8,TCGA-55-8085-01Z-00-DX1.ff220eba-3515-4d2e-b317-76337dd3d206,tcga_lung,LUAD,0.08873624,0.62403171
8,TCGA-73-7499-01Z-00-DX1.81f5c1c1-3d40-4773-a1fb-e1f8eb9f6730,tcga_lung,LUAD,0.15297478,0.84195089
8,TCGA-MP-A4TH-01Z-00-DX1.E89D2C19-F9B2-4BF2-AA5F-6104CBC076D1,tcga_lung,LUAD,0.20181423,0.65501549
8,TCGA-99-8032-01Z-00-DX1.7380b78f-ea25-43e0-ac90-194b5c6b1432,tcga_lung,LUAD,0.14360154,0.65864167
8,TCGA-44-A479-01Z-00-DX1.CA5654C6-A623-452E-A8AC-DB6279CA97B1,tcga_lung,LUAD,-0.13546532,0.19240696
8,TCGA-MP-A4TA-01Z-00-DX1.11DDADA4-B7A2-4216-9B18-7AD993AE12E4,tcga_lung,LUAD,0.16575128,0.64799322
8,TCGA-55-A491-01Z-00-DX1.E5F3B4E5-18EA-4067-AE28-119DABCE739A,tcga_lung,LUAD,0.09276754,0.59863769
8,TCGA-55-7910-01Z-00-DX1.041e15d5-4852-49f6-85d9-74b510497651,tcga_lung,LUAD,0.11942858,0.26456817
8,TCGA-55-8301-01Z-00-DX1.2A66E0FC-84F2-4DF8-B06E-D7CDD7AA82C7,tcga_lung,LUAD,0.15113008,0.82910694
8,TCGA-MP-A4TE-01Z-00-DX1.B4680570-FD2E-47A5-8D50-A508CEB6A62C,tcga_lung,LUAD,0.02556121,0.54004701
8,TCGA-86-8671-01Z-00-DX1.1fd0019c-df9d-48cc-9055-8de57759f273,tcga_lung,LUAD,0.11271888,0.16109756
8,TCGA-78-7154-01Z-00-DX1.596c20c2-e811-4b5e-961c-98343afcccde,tcga_lung,LUAD,0.12386179,0.24871442
8,TCGA-22-4601-01Z-00-DX1.2EABA7B1-1E31-4AFE-B97B-D40EEAD66D85,tcga_lung,LUSC,-0.20154005,0.03720446
8,TCGA-98-A539-01Z-00-DX1.420AA419-0146-4991-B98D-28E647E45F07,tcga_lung,LUSC,-0.30698499,-0.69251329
8,TCGA-18-3408-01Z-00-DX1.B4AFC08A-7460-4EE6-B033-629C6A6CA6E8,tcga_lung,LUSC,-0.25366533,-0.19812550
8,TCGA-22-4591-01Z-00-DX1.8C89ABEB-A1E3-47D1-B247-02539EF3F959,tcga_lung,LUSC,-0.22797537,-0.73672768
8,TCGA-66-2744-01Z-00-DX1.e67796a0-fc9e-4137-8cbf-fae91ea90a7c,tcga_lung,LUSC,-0.02609056,-0.35794483
8,TCGA-98-A53D-01Z-00-DX1.C83DC622-2C62-40D6-AC07-E8275D414B22,tcga_lung,LUSC,-0.20115981,-0.30347527
8,TCGA-85-8052-01Z-00-DX1.26b66ae7-b73f-4263-85f7-e82dab5b657b,tcga_lung,LUSC,-0.22295588,0.19382617
8,TCGA-77-8008-01Z-00-DX1.29c3c1c6-7602-40c6-bc86-b40132df9309,tcga_lung,LUSC,0.16804177,0.73673686
8,TCGA-43-6771-01Z-00-DX1.445d4d3f-6a28-4ea7-b7ab-612366c7bb4b,tcga_lung,LUSC,-0.37337163,-0.38974013
8,TCGA-85-7697-01Z-00-DX1.b33aa550-81b0-4fab-8243-d041b0beaab5,tcga_lung,LUSC,-0.41982377,-0.83296748
8,TCGA-39-5040-01Z-00-DX1.F314DFF3-AEBE-4171-8F04-5D2A61FDE208,tcga_lung,LUSC,-0.15393293,0.25659151
8,TCGA-44-7661-01Z-00-DX1.baf72abd-edb9-4f56-beb3-f5138aa50930,tcga_lung,LUAD,0.05494669,0.49772066
8,TCGA-49-6761-01Z-00-DX1.10c577a2-f65c-4517-8a25-83d44e380f8f,tcga_lung,LUAD,0.13365060,0.39653066
8,TCGA-49-6767-01Z-00-DX1.53459c0e-b8ec-4893-9910-87b63c503134,tcga_lung,LUAD,-0.16741472,-0.35413632
8,TCGA-95-8494-01Z-00-DX1.716299EF-71BB-4095-8F4D-F0C2252CE594,tcga_lung,LUAD,-0.01763028,-0.02427278
8,TCGA-53-7626-01Z-00-DX1.FD4CAF75-07B5-4117-83DD-99233DAA3EBC,tcga_lung,LUAD,-0.07821971,0.49765222
8,TCGA-50-8457-01Z-00-DX1.F4B6ECCE-F22B-43FC-9A08-4366A24A67A4,tcga_lung,LUAD,0.16396594,0.92878483
8,TCGA-55-6712-01Z-00-DX1.8cd4b879-294e-4da0-8636-704f61b510dc,tcga_lung,LUAD,0.16241151,0.33476851
8,TCGA-78-7220-01Z-00-DX1.3df84ce0-4395-4c9e-ba62-76b55676a440,tcga_lung,LUAD,-0.03103912,0.09729810
8,TCGA-05-4434-01Z-00-DX1.f3f5c89c-306f-4876-98fa-f7bd231f2e10,tcga_lung,LUAD,-0.20645905,-0.16503867
8,TCGA-64-5775-01Z-00-DX1.9A338C1A-CDB6-41AF-B6D5-EDE608B5E3E1,tcga_lung,LUAD,0.11426485,0.22924061
8,TCGA-49-6745-01Z-00-DX6.3174fffa-c17c-44d1-8d21-1921a9ec1bee,tcga_lung,LUAD,0.09306717,0.26880174
8,TCGA-49-6745-01Z-00-DX4.48b4bbb5-4214-4bfb-91e8-bddfa2f03c92,tcga_lung,LUAD,0.12484801,0.39648370
8,TCGA-49-6745-01Z-00-DX3.40cd3c60-889c-4eaa-be55-36ab5d8b2400,tcga_lung,LUAD,0.17345762,0.55438751
8,TCGA-49-6745-01Z-00-DX5.9521a16f-d6a7-460c-b75c-7341d72ce727,tcga_lung,LUAD,0.11935270,0.52127592
8,TCGA-49-6745-01Z-00-DX2.3b8e947b-885e-486f-9edc-f2b247bdf95b,tcga_lung,LUAD,0.16866487,0.69042922
8,TCGA-49-6745-01Z-00-DX7.4bdde497-03d9-4e15-a00e-595baa3947b5,tcga_lung,LUAD,0.11891800,0.17906433
8,TCGA-49-6745-01Z-00-DX1.6bf8a38c-5e3a-4b32-8870-03bc06c0db80,tcga_lung,LUAD,0.11750573,0.29932982
8,TCGA-38-6178-01Z-00-DX1.5932337D-BA2B-455D-9E34-22961EFA2170,tcga_lung,LUAD,0.18058109,0.84619267
8,TCGA-55-1595-01Z-00-DX1.6270c9cf-cd18-4fa5-b313-33350ad55f89,tcga_lung,LUAD,0.01004791,0.17961440
8,TCGA-J2-8192-01Z-00-DX1.A784F381-7906-480F-99A1-0B88005953A0,tcga_lung,LUAD,0.15891391,1.16975563
8,TCGA-67-3774-01Z-00-DX1.FE85FDCB-91D2-47C5-8D13-D622A51A7BE0,tcga_lung,LUAD,0.19945002,1.01925153
8,TCGA-L9-A443-01Z-00-DX1.9F68A13A-2865-41BF-88A7-B0DF75961C6F,tcga_lung,LUAD,0.14526302,0.37856451
8,TCGA-71-6725-01Z-00-DX1.b9e1d4aa-439d-481f-b24b-134c4e470f28,tcga_lung,LUAD,0.23432219,0.79721000
8,TCGA-49-AARR-01Z-00-DX1.9BCAFE3D-447C-40D6-85DD-AFABF6978376,tcga_lung,LUAD,-0.11123383,0.46680377
8,TCGA-MP-A4T2-01Z-00-DX1.ADE8B45C-26F3-465E-ADB6-2C36E6326974,tcga_lung,LUAD,0.17598850,0.25636969
8,TCGA-05-4432-01Z-00-DX1.90d00d62-402b-404a-85e2-0edf869193ab,tcga_lung,LUAD,-0.03740406,0.60700945
8,TCGA-NJ-A4YI-01Z-00-DX1.C4111D01-27BF-486F-8E0E-C8053DB16133,tcga_lung,LUAD,0.14207834,1.24273092
8,TCGA-38-4626-01Z-00-DX1.142bc018-bd79-4db9-84e2-f83a617ea92a,tcga_lung,LUAD,0.03285336,0.37511998
8,TCGA-93-A4JO-01Z-00-DX1.314C53B6-603C-402B-8CF7-E3CE851A0A0F,tcga_lung,LUAD,0.13138860,0.27489353
8,TCGA-44-7669-01Z-00-DX1.34d0c9ac-d3dc-4a5e-b99c-a8c1c1e120d1,tcga_lung,LUAD,-0.27002859,-0.33223402
8,TCGA-86-8359-01Z-00-DX1.11B8FDC3-4B84-4A22-B89D-46EA76345F13,tcga_lung,LUAD,0.28027749,0.74895603
8,TCGA-95-A4VP-01Z-00-DX1.1B145AC0-2471-4974-BBB6-C88BDF0BE8BD,tcga_lung,LUAD,0.06272209,0.13557963
9,TCGA-2H-A9GK-01Z-00-DX1.8C5C5BF2-4BB9-43B2-8F75-3B2782255C29,tcga_esca,ESAD,0.12693435,0.36216922
9,TCGA-Q9-A6FU-01Z-00-DX1.26F7FAF0-D839-42B9-BE7A-6B16008A1AE5,tcga_esca,ESCC,-0.16029084,-0.12986369
9,TCGA-Z6-A8JE-01Z-00-DX1.A8C43EAD-0CDD-4803-8348-6E7B158C85C5,tcga_esca,ESCC,-0.15072387,-0.27296817
9,TCGA-JY-A939-01Z-00-DX1.BD1BA160-929F-442B-8080-71B2725A7ED1,tcga_esca,ESAD,0.19002140,0.18434702
9,TCGA-LN-A49W-01Z-00-DX1.3CD875DD-ADDA-4462-AAEA-4C7C2F48A1AA,tcga_esca,ESCC,-0.13590783,-0.36637526
9,TCGA-IG-A8O2-01Z-00-DX1.FABD0323-82D9-44F2-87B5-E5A93FEB64DE,tcga_esca,ESCC,-0.21820056,-0.33456378
9,TCGA-LN-A49U-01Z-00-DX1.9596C179-8569-4DF6-B629-010499E25D96,tcga_esca,ESCC,-0.22242880,-0.63248283
9,TCGA-X8-AAAR-01Z-00-DX1.1D57D401-00BB-430D-9CC0-C2BF8BE23B7D,tcga_esca,ESAD,0.27748972,0.44856515
9,TCGA-R6-A6L4-01Z-00-DX1.67EFB685-EC0C-4837-B866-2595DF38EA29,tcga_esca,ESAD,0.30466560,0.59107119
9,TCGA-LN-A49R-01Z-00-DX1.AD3EE82E-465F-4E6E-8953-342C7F1FD262,tcga_esca,ESCC,-0.23899060,-0.55379749
9,TCGA-JY-A93E-01Z-00-DX1.ECCA983B-C9EE-4074-A288-A35129C0E0EB,tcga_esca,ESAD,0.22066182,0.49407670
9,TCGA-VR-A8EP-01Z-00-DX1.90476E9D-D574-4559-A07E-B360360902C6,tcga_esca,ESCC,-0.25998002,-0.31047862
9,TCGA-2H-A9GF-01Z-00-DX1.FA1016AF-3FE3-45DC-A77B-F1ACC2B33B2A,tcga_esca,ESAD,0.32997864,0.27920294
9,TCGA-LN-A9FP-01Z-00-DX1.20A2C8DC-95FE-4627-B2FD-78CD95CB1093,tcga_esca,ESCC,-0.20408306,-0.47590239
9,TCGA-EV-5903-01Z-00-DX1.04ef7cdf-b282-4ad3-917d-31bb7b379559,tcga_rcc,PRCC,-0.07677042,-0.61239478
9,TCGA-BQ-5881-01Z-00-DX1.5eff6d78-773a-49d6-be59-de63172d543c,tcga_rcc,PRCC,-0.31993067,-0.46729769
9,TCGA-KV-A6GE-01Z-00-DX3.E67CB496-16DF-4C73-8C93-429DA0045A88,tcga_rcc,PRCC,-0.27472669,-1.65170958
9,TCGA-KV-A6GE-01Z-00-DX7.3850CC14-515E-4168-B507-D5C8CF27C968,tcga_rcc,PRCC,-0.34848106,-1.46857817
9,TCGA-KV-A6GE-01Z-00-DX8.1FD4BD73-5A15-4712-B5F4-3529BD01044F,tcga_rcc,PRCC,-0.34186047,-1.40448392
9,TCGA-KV-A6GE-01Z-00-DX2.994052CD-6514-479D-9264-798CEC620777,tcga_rcc,PRCC,-0.25955355,-1.19578938
9,TCGA-KV-A6GE-01Z-00-DX4.5E8224FF-BBE5-49C9-86B5-7D425EACC2A3,tcga_rcc,PRCC,0.13240901,-0.09481277
9,TCGA-KV-A6GE-01Z-00-DX1.8D507E76-BA5C-4C39-934F-38B4015FAE74,tcga_rcc,PRCC,-0.27626735,-1.30956000
9,TCGA-KV-A6GE-01Z-00-DX6.BAF3885F-8013-47CB-B9B1-C7F4FD0FB5E7,tcga_rcc,PRCC,-0.32927728,-1.39909892
9,TCGA-KV-A6GE-01Z-00-DX5.86663FDB-C994-455C-84A4-025B688AF1A8,tcga_rcc,PRCC,-0.36294073,-0.49768506
9,TCGA-KV-A6GE-01Z-00-DX9.97A0C6F7-AF33-4208-AD6B-CA6D5E16E191,tcga_rcc,PRCC,-0.34907013,-0.72790451
9,TCGA-DW-7834-01Z-00-DX1.2AA52DDF-EA4F-4C8D-81A7-90A49FE86A35,tcga_rcc,PRCC,-0.18262941,-0.56540855
9,TCGA-B3-8121-01Z-00-DX1.1F484841-E8CA-4783-B75A-7923A11D5BDA,tcga_rcc,PRCC,0.09198940,0.10194447
9,TCGA-SX-A7SR-01Z-00-DX1.BC6D7CCB-DCD5-45B4-A278-F7EA589D695F,tcga_rcc,PRCC,-0.24210221,-1.06177927
9,TCGA-B9-4114-01Z-00-DX1.c3079ce3-5221-461f-a7dd-427d0b7aaad8,tcga_rcc,PRCC,-0.30708218,-1.60923001
9,TCGA-MH-A561-01Z-00-DX1.773B7CD9-EB27-416B-BA09-EE351CF7AA30,tcga_rcc,PRCC,-0.28633809,-0.87318856
9,TCGA-2Z-A9J2-01Z-00-DX1.AC19245F-B3B9-4A3A-89A3-A8B2E4BD988A,tcga_rcc,PRCC,-0.18923277,-0.41059901
9,TCGA-A3-3387-01Z-00-DX1.01a24641-ab38-41bc-9151-48e262eb4826,tcga_rcc,CCRCC,0.31521595,0.70172357
9,TCGA-BP-4756-01Z-00-DX1.c807152d-3237-4842-af32-cfa7e53a542c,tcga_rcc,CCRCC,0.02401221,0.22071516
9,TCGA-B8-5546-01Z-00-DX1.6c98ff0d-ffd9-46e7-9759-d3639e6dc07c,tcga_rcc,CCRCC,0.27396238,1.06075227
9,TCGA-B0-4713-01Z-00-DX1.974f47b6-2d74-4bb0-8436-0712b77f4d0d,tcga_rcc,CCRCC,0.18816102,0.98369309
9,TCGA-A3-3370-01Z-00-DX1.85c55ab4-8f44-4e76-af56-d42226764135,tcga_rcc,CCRCC,0.28863728,0.97899203
9,TCGA-A3-3363-01Z-00-DX1.6d933fa1-b68c-483f-819c-5a85f0389e6c,tcga_rcc,CCRCC,-0.00066417,-0.27442881
9,TCGA-BP-4964-01Z-00-DX1.b7ed6f65-4382-4f19-8fef-1e677cadde75,tcga_rcc,CCRCC,0.22492874,1.02284571
9,TCGA-BP-4355-01Z-00-DX1.d66c8a3b-0bc0-4a40-93e7-005bef5cf25c,tcga_rcc,CCRCC,0.29993349,0.76908011
9,TCGA-A3-3328-01Z-00-DX1.8FA7DFCD-D6FD-4950-9E44-E5AB0B91E33D,tcga_rcc,CCRCC,0.20014524,0.37604699
9,TCGA-A3-3331-01Z-00-DX1.13afd793-4360-43db-9c99-1e72e4b158d7,tcga_rcc,CCRCC,0.34341750,1.42690239
9,TCGA-CZ-5468-01Z-00-DX1.e2bbe417-a24c-4511-934e-674221855695,tcga_rcc,CCRCC,0.14664745,0.47748285
9,TCGA-B0-4819-01Z-00-DX1.4ce81ca5-c546-4d52-895f-092b43635dfc,tcga_rcc,CCRCC,0.17020994,0.06765813
9,TCGA-BP-4346-01Z-00-DX1.e2f7b4ce-fbe8-482e-822e-ef428731f68b,tcga_rcc,CCRCC,0.16561693,1.06200529
9,TCGA-B8-4154-01Z-00-DX1.b74b690e-366d-4eff-b216-c01a75596902,tcga_rcc,CCRCC,0.35619077,1.24747494
9,TCGA-A3-A6NJ-01Z-00-DX1.249AAC4B-E019-43FA-96EF-95ED15D3D264,tcga_rcc,CCRCC,0.32393068,0.78386270
9,TCGA-A4-A6HP-01Z-00-DX1.E323CECA-C081-4A67-98E3-B0BD28800D7A,tcga_rcc,PRCC,-0.16148651,-0.64905723
9,TCGA-2Z-A9J9-01Z-00-DX1.D6AA9708-04ED-477F-9FAF-B70F0DD8C1BE,tcga_rcc,PRCC,0.02910209,0.31047229
9,TCGA-DW-7840-01Z-00-DX1.797DFE79-C506-4F49-812F-B19F3C440D7A,tcga_rcc,PRCC,-0.26392722,-0.75088708
9,TCGA-G6-A8L7-01Z-00-DX1.6EE9797B-5DBA-48D9-A62A-9C9791CC54AE,tcga_rcc,CCRCC,0.21370959,0.21801932
9,TCGA-B0-5108-01Z-00-DX1.66c716c2-2112-45b5-babc-2b90d54541d9,tcga_rcc,CCRCC,0.36120981,0.53910537
9,TCGA-SX-A7SO-01Z-00-DX1.02A748A8-B4FB-4EA3-827B-8C743B858983,tcga_rcc,PRCC,-0.21948516,-0.50077746
9,TCGA-CJ-4638-01Z-00-DX1.DD6F1D27-5258-4831-A296-427338F6C9A1,tcga_rcc,CCRCC,0.12718517,1.11078521
9,TCGA-CJ-4916-01Z-00-DX1.9C306902-51B1-4968-BB06-DE21606DD963,tcga_rcc,CCRCC,0.30079770,1.20595963
9,TCGA-BP-4331-01Z-00-DX1.59a3b421-c402-451e-ad82-dda54583d3d4,tcga_rcc,CCRCC,0.17228460,0.54794530
9,TCGA-AK-3440-01Z-00-DX1.ea0763b1-4262-4c75-9f76-080af1ffeab7,tcga_rcc,CCRCC,0.06536764,0.31259034
9,TCGA-B0-4818-01Z-00-DX1.b5b74b2d-0d2f-40b3-81c9-e2b570da5918,tcga_rcc,CCRCC,0.35798734,1.11567915
9,TCGA-B0-5702-01Z-00-DX1.a455181a-c4a5-40f5-b82e-be5bc6bb0a41,tcga_rcc,CCRCC,0.23511100,0.57565515
9,TCGA-BP-4170-01Z-00-DX1.6a40609b-239a-40e2-abd1-ccbf51b64b86,tcga_rcc,CCRCC,0.35747385,1.33547352
9,TCGA-B0-4836-01Z-00-DX1.941575cb-e795-4c45-ab74-640e2684c340,tcga_rcc,CCRCC,0.24559569,0.91377441
9,TCGA-A3-3349-01Z-00-DX1.206c2817-1b93-4fdf-8128-3f6e3b4935b6,tcga_rcc,CCRCC,0.34535551,1.39793577
9,TCGA-B2-5641-01Z-00-DX1.f8058caa-63f7-421d-9953-c060913c3404,tcga_rcc,CCRCC,0.30258191,1.20116470
9,TCGA-BP-4987-01Z-00-DX1.6c63360c-7ac1-41f3-916f-214a4017e455,tcga_rcc,CCRCC,0.35647839,1.10587472
9,TCGA-BP-4776-01Z-00-DX1.97ce4fa4-eaa7-47c0-8baa-5aeba076696b,tcga_rcc,CCRCC,0.33834743,1.09498311
9,TCGA-BP-5001-01Z-00-DX1.05212dc9-c0cf-4fbb-96c3-f39f6ed67ca4,tcga_rcc,CCRCC,0.30105245,1.39236926
9,TCGA-AK-3443-01Z-00-DX1.bf067de8-9ca9-4be2-b064-2257ee323a09,tcga_rcc,CCRCC,-0.09672880,-0.25328915
9,TCGA-CJ-5689-01Z-00-DX1.1CA26D07-2719-4EE4-98F8-01E0551E937C,tcga_rcc,CCRCC,0.08476251,0.56860844
9,TCGA-B0-4945-01Z-00-DX1.590b650c-c9cb-4601-886c-fde0ccd9b90d,tcga_rcc,CCRCC,0.16819865,0.96019350
9,TCGA-CJ-5672-01Z-00-DX1.E319BB3C-61C0-4324-A448-57B5EC921C17,tcga_rcc,CCRCC,0.14283389,0.49729566
9,TCGA-BP-4970-01Z-00-DX1.0075f8d7-796e-4294-b585-3a0bdc29235a,tcga_rcc,CCRCC,0.19731569,0.78953789
9,TCGA-CZ-5458-01Z-00-DX1.56cfd26c-44c1-4971-a59b-443742fd78a8,tcga_rcc,CCRCC,0.17770398,0.56329490
9,TCGA-BP-4349-01Z-00-DX1.ddae244f-3487-48d0-bf0a-358a73d97d27,tcga_rcc,CCRCC,0.31614131,1.11581856
9,TCGA-DV-A4VZ-01Z-00-DX1.E724E339-6779-45CC-A938-60F8C490F3D7,tcga_rcc,CCRCC,0.20752585,0.50738114
9,TCGA-BP-4790-01Z-00-DX1.3b9a2273-c24f-4a25-b743-a649c08ce236,tcga_rcc,CCRCC,0.22929084,0.95376924
9,TCGA-BP-5202-01Z-00-DX1.d7e64bbb-d747-4a01-a5d6-26ad5a1e8a13,tcga_rcc,CCRCC,0.24442583,0.47461110
9,TCGA-B8-A54G-01Z-00-DX1.0EDB6818-907C-4C37-8645-628850202AD0,tcga_rcc,CCRCC,0.24079055,0.53486266
9,TCGA-BP-5187-01Z-00-DX1.638c8e8b-090f-4312-89ad-92ccfc1eaa7b,tcga_rcc,CCRCC,0.16728652,0.57911474
9,TCGA-BP-4159-01Z-00-DX1.e3affffd-b9fa-4874-8c2f-427458d18020,tcga_rcc,CCRCC,0.27594286,1.30980848
9,TCGA-A3-A8OX-01Z-00-DX1.5A010A2C-0F08-4FF7-A78B-B42198DAF505,tcga_rcc,CCRCC,0.13297662,0.17944289
9,TCGA-B4-5377-01Z-00-DX1.E4AA3C18-D6A3-47C5-9FA9-38238F075DAB,tcga_rcc,CCRCC,0.35119271,1.18492220
9,TCGA-A3-3343-01Z-00-DX1.938861e3-e813-4954-838d-a3a64030bd4c,tcga_rcc,CCRCC,0.34939551,1.54158656
9,TCGA-B0-4703-01Z-00-DX1.05400469-03bd-4f1b-ac33-580a8b582c39,tcga_rcc,CCRCC,0.19337422,0.81866607
9,TCGA-B0-4838-01Z-00-DX1.4276ecc3-5aa3-4b54-b146-7327e0b4a4c4,tcga_rcc,CCRCC,0.28801322,1.13986797
9,TCGA-BP-4353-01Z-00-DX1.b9fadea0-63df-4536-891f-38eaf9349798,tcga_rcc,CCRCC,0.27592206,1.26102309
9,TCGA-BQ-7051-01Z-00-DX1.65455f33-f60b-4d48-ae7f-bea032db696a,tcga_rcc,PRCC,-0.25794572,-1.01799551
9,TCGA-BQ-5885-01Z-00-DX1.5311f60f-0291-4396-ae4c-4228b73188da,tcga_rcc,PRCC,-0.18921143,-0.22028750
9,TCGA-DW-7841-01Z-00-DX1.AE67F0A7-FF07-4C2E-9EF3-5CD6DEA14FE1,tcga_rcc,PRCC,-0.26059997,-0.47839202
9,TCGA-A4-A5DU-01Z-00-DX1.ACCD40B6-CC28-4E89-B9A9-9199F0541075,tcga_rcc,PRCC,-0.27744973,-0.95610660
9,TCGA-BQ-5890-01Z-00-DX1.89720b5b-5b20-49ec-958d-b67f8f1b2673,tcga_rcc,PRCC,-0.34466794,-1.03106700
9,TCGA-A4-8517-01Z-00-DX1.637AFB7A-BB67-40D6-AA45-4F119D73D0DD,tcga_rcc,PRCC,-0.19313520,-0.09921444
9,TCGA-G7-A8LB-01Z-00-DX1.1D3AC235-837A-4E39-9FAA-D7F4E9F5939D,tcga_rcc,PRCC,-0.29280049,-0.23183472
9,TCGA-2Z-A9JR-01Z-00-DX1.5F5DB6AD-BBEE-4D36-995F-56A78B6BFFE2,tcga_rcc,PRCC,-0.19623661,-1.10546163
9,TCGA-2Z-A9J1-01Z-00-DX1.07E7992F-1AC5-4E34-8A4E-E5AB0A18EA46,tcga_rcc,PRCC,-0.30619198,-1.07724427
9,TCGA-SX-A71W-01Z-00-DX1.293A2F6A-AEAE-4A0D-96BF-2220FAFFE191,tcga_rcc,PRCC,-0.18081832,-0.43177038
9,TCGA-BQ-7049-01Z-00-DX1.e8ee8dc0-2d78-47a3-bf1c-505cbcd6ca3f,tcga_rcc,PRCC,-0.28836030,-0.57678786
9,TCGA-D8-A1XR-01Z-00-DX2.A103FB8B-4397-4DD4-8587-90A736407484,tcga_brca,IDC,0.10173225,0.90053352
9,TCGA-D8-A1XR-01Z-00-DX1.7F443346-C564-47B6-9736-6944230CAF46,tcga_brca,IDC,0.08476973,1.03102212
9,TCGA-A2-A0CR-01Z-00-DX1.F7D36CA5-A4C6-443A-AEED-5B23CD924FA3,tcga_brca,ILC,-0.03263909,0.21692779
9,TCGA-3C-AALJ-01Z-00-DX1.777C0957-255A-42F0-9EEB-A3606BCF0C96,tcga_brca,IDC,0.13414603,0.73664127
9,TCGA-3C-AALJ-01Z-00-DX2.62DFE56B-B84C-40F9-9625-FCB55767B70D,tcga_brca,IDC,0.12059593,0.92382705
9,TCGA-C8-A278-01Z-00-DX1.188B3FE0-7B20-401A-A6B7-8F1798018162,tcga_brca,IDC,0.15559179,0.97286691
9,TCGA-B6-A0RO-01Z-00-DX1.3ADBFF05-92CE-41B5-BD49-CB3CE5B74CC9,tcga_brca,IDC,0.09484220,0.43350744
9,TCGA-GM-A3XG-01Z-00-DX1.68FFB600-8573-451F-8100-D11DB091F457,tcga_brca,ILC,0.06416345,0.37125776
9,TCGA-GM-A2D9-01Z-00-DX1.AF4BF2DD-05FB-400B-A1BC-6E7C9B9DDF05,tcga_brca,IDC,0.02429634,0.49101479
9,TCGA-A8-A07Z-01Z-00-DX1.713945D9-6855-456D-87FB-EF8AF8980F51,tcga_brca,IDC,0.11279678,0.98824059
9,TCGA-A8-A0AB-01Z-00-DX1.103ED338-A0F9-403B-A10C-49840BD60EB8,tcga_brca,ILC,-0.01157457,-0.03296927
9,TCGA-BH-A0E0-01Z-00-DX1.01E88024-83DF-4282-ABAF-F4E35807DA06,tcga_brca,IDC,0.12709850,0.73694968
9,TCGA-A1-A0SJ-01Z-00-DX1.C196FA66-C376-4016-86BC-3D8E745B3A51,tcga_brca,IDC,0.12237126,0.69531162
9,TCGA-E9-A244-01Z-00-DX1.4FDAA892-9DBF-4E5D-89F3-2A84C8AC8F0A,tcga_brca,IDC,0.13260221,0.76477945
9,TCGA-D8-A1JD-01Z-00-DX1.6D215B14-DD90-4635-8645-AF06EBD9BA3F,tcga_brca,IDC,0.09588492,0.85440056
9,TCGA-D8-A1JD-01Z-00-DX2.C6A7667E-25C9-48BD-A4E7-F4BB740FE589,tcga_brca,IDC,0.11207759,0.70001307
9,TCGA-A8-A06Y-01Z-00-DX1.3BC58446-524E-43F3-AAE6-FBC4AA543E66,tcga_brca,IDC,0.10156745,1.13755360
9,TCGA-A1-A0SI-01Z-00-DX1.AB717348-F964-4F29-BBE2-972B7C640432,tcga_brca,IDC,0.04322791,0.53239685
9,TCGA-GI-A2C9-01Z-00-DX1.90181423-51ED-41FE-9B8F-973A67793D4F,tcga_brca,IDC,-0.09959731,0.47611491
9,TCGA-AC-A8OS-01Z-00-DX1.3FD44846-8BD2-4A7A-9A87-8D3D29C25F60,tcga_brca,ILC,-0.05279368,-0.33984102
9,TCGA-A7-A0CJ-01Z-00-DX2.4B591117-5FC9-4B43-8A45-444CCCABC666,tcga_brca,IDC,0.11369497,0.40512024
9,TCGA-A7-A0CJ-01Z-00-DX1.E26F2F62-D688-4373-BB7B-790A06734E49,tcga_brca,IDC,0.02092510,0.25620585
9,TCGA-D8-A3Z6-01Z-00-DX2.19C6AA07-5D58-46CD-91D0-90DD5CC84022,tcga_brca,ILC,-0.05576861,-0.28051100
9,TCGA-D8-A3Z6-01Z-00-DX1.4076A770-5901-4325-85C3-AF7B192272F5,tcga_brca,ILC,-0.04418844,-0.21930250
9,TCGA-D8-A3Z6-01Z-00-DX3.66566DB7-661D-4002-90C1-B15BF3425903,tcga_brca,ILC,-0.08684391,0.16795121
9,TCGA-E2-A15M-01Z-00-DX1.6E4671E5-18EA-4464-BE7C-C94767136E5C,tcga_brca,ILC,0.09508106,0.37697949
9,TCGA-BH-A0AU-01Z-00-DX1.E852F218-B15C-4CF8-8FD0-F284043834C4,tcga_brca,IDC,0.11437535,0.88728453
9,TCGA-A8-A09I-01Z-00-DX1.B738E479-8766-4766-B012-B32AC2F27533,tcga_brca,IDC,0.10613489,1.15573486
9,TCGA-A8-A091-01Z-00-DX1.1F38CADB-A093-416E-A8A8-31E61CD730BA,tcga_brca,IDC,0.02471411,0.49311484
9,TCGA-D8-A1JJ-01Z-00-DX1.a986b48f-b295-4d7a-b778-ce829cdf9c38,tcga_brca,IDC,0.14634633,1.07549413
9,TCGA-D8-A1JJ-01Z-00-DX2.7D20F308-7DC6-4367-9459-3AC4C654E7F7,tcga_brca,IDC,0.16832596,1.23600704
9,TCGA-D8-A1JP-01Z-00-DX1.B02959C4-6AAD-4ACA-9838-61D224D838E4,tcga_brca,IDC,0.10624510,1.03488762
9,TCGA-AC-A3HN-01Z-00-DX1.1AA71B9B-1B61-41A9-91CF-B7649DEC189E,tcga_brca,ILC,-0.06776416,0.29280450
9,TCGA-D8-A1XO-01Z-00-DX1.A9EF6AFF-62B0-4E2D-ABC7-DC06FF473890,tcga_brca,ILC,0.03270555,0.36450946
9,TCGA-BH-A0H3-01Z-00-DX1.C6D4DFB9-A4FA-40B2-90EF-75294CBC4523,tcga_brca,IDC,0.03862071,0.45646282
9,TCGA-A7-A26E-01Z-00-DX1.BA4A7E28-0563-4C23-82D0-AB34A2E79AE3,tcga_brca,ILC,-0.02552408,-0.14852079
9,TCGA-BH-A0DX-01Z-00-DX1.45C27E71-9A0A-400E-93A9-5CE7780F3C5E,tcga_brca,IDC,0.12643719,0.74831474
9,TCGA-BH-A5IZ-01Z-00-DX1.6C871030-82E1-463E-A67B-976A5F3DCDB2,tcga_brca,IDC,0.23368299,0.60252382
9,TCGA-AC-A62Y-01Z-00-DX1.5075F4DA-488C-40AD-BD73-6DE8953E1864,tcga_brca,ILC,0.07820135,0.84054611
9,TCGA-E9-A22H-01Z-00-DX1.0ee39fd1-b077-40ea-bd0d-8a3db474fdd5,tcga_brca,IDC,0.06750482,0.64957737
9,TCGA-AN-A0XO-01Z-00-DX1.204E554E-B1A8-41AD-8E39-62484DF4E3CD,tcga_brca,IDC,0.07958627,0.57742722
9,TCGA-A7-A26H-01Z-00-DX1.3344CFD3-5A19-4B01-BEB2-AB89F83FD53A,tcga_brca,IDC,0.09387577,0.36616267
9,TCGA-JL-A3YX-01Z-00-DX1.0FE8F389-F79A-4CF8-A83C-420380A02552,tcga_brca,ILC,0.03633249,0.14677619
9,TCGA-A2-A3XT-01Z-00-DX1.336D6C78-576A-481B-8C83-F3A0FC4B182C,tcga_brca,IDC,0.16853881,1.10983952
9,TCGA-E2-A14S-01Z-00-DX1.5C332E99-7296-473A-9917-7EFC38A8251D,tcga_brca,IDC,0.03044289,0.50071846
9,TCGA-D8-A1JA-01Z-00-DX1.BD43F94A-D5A8-490E-AED4-5F3AB24080FA,tcga_brca,IDC,0.16868407,0.88102110
9,TCGA-E2-A1LH-01Z-00-DX1.F85384B7-1EBF-4F57-A45B-4A668B68E535,tcga_brca,IDC,0.16399467,1.03008550
9,TCGA-AC-A5XS-01Z-00-DX1.E5F2481E-9314-4B20-84B7-370EF82AF4BB,tcga_brca,ILC,-0.10699081,-1.14027358
9,TCGA-E2-A1L9-01Z-00-DX1.F2CC1036-8EEE-4664-962E-541B8ACB10DE,tcga_brca,IDC,0.13296485,1.19530162
9,TCGA-S3-AA0Z-01Z-00-DX1.4D96156A-4067-41F2-90B8-41EF7ED794CF,tcga_brca,IDC,0.01595163,0.32468713
9,TCGA-C8-A3M7-01Z-00-DX1.846C75F1-2E7E-44F7-B21F-C246141558FA,tcga_brca,ILC,-0.09308112,-1.12890468
9,TCGA-A2-A0CU-01Z-00-DX1.5B77D21C-A497-478B-9752-3730322AD9ED,tcga_brca,IDC,0.14925581,0.94201130
9,TCGA-D8-A1Y1-01Z-00-DX2.B58DC955-F864-4E78-8B1A-8156E2F7D554,tcga_brca,IDC,-0.02398372,-0.22207703
9,TCGA-D8-A1Y1-01Z-00-DX1.477390C8-2141-4ADD-813E-25220D2A71FC,tcga_brca,IDC,-0.03958935,-0.42577640
9,TCGA-A2-A0D0-01Z-00-DX1.4FF6B8E5-703B-400F-920A-104F56E0F874,tcga_brca,IDC,0.12674689,0.48421161
9,TCGA-E9-A1N8-01Z-00-DX1.1243AB1C-75A3-4A5E-9674-53992E6DD377,tcga_brca,IDC,0.06309986,0.59435403
9,TCGA-S3-A6ZF-01Z-00-DX1.E50205A0-63CA-49DE-8831-2A8916DEF403,tcga_brca,IDC,0.09203738,0.82775689
9,TCGA-D8-A147-01Z-00-DX1.159094F2-BB78-4910-B7AE-3D7CAAB1DAD9,tcga_brca,IDC,0.14953190,1.02445375
9,TCGA-E9-A245-01Z-00-DX1.648850D5-EB80-4FBE-8507-32313FAD1060,tcga_brca,IDC,0.07361817,0.76972996
9,TCGA-B6-A0RI-01Z-00-DX1.E39951A4-AC6A-4B07-851B-F35CB86D79AA,tcga_brca,IDC,0.11104387,0.83576498
9,TCGA-PE-A5DE-01Z-00-DX1.88B354F2-5485-44AA-A057-89E40B988F69,tcga_brca,ILC,0.00194514,-0.35780998
9,TCGA-A7-A4SD-01Z-00-DX1.677152B3-17B2-42DB-AEEC-C9509ACCE831,tcga_brca,IDC,0.18196490,0.50391422
9,TCGA-BH-A1FU-01Z-00-DX1.3D195750-8C9E-48C6-92EC-44AC6AB56267,tcga_brca,IDC,0.11846489,0.80349630
9,TCGA-E9-A3Q9-01Z-00-DX1.2D0CA5D4-CCE5-4647-BFB3-D5359F53DA83,tcga_brca,ILC,0.02377862,0.46475985
9,TCGA-E9-A1RF-01Z-00-DX1.ee37dfd4-1431-4e80-bd7e-3e1f878273e0,tcga_brca,IDC,0.09055537,0.88326341
9,TCGA-BH-A0DS-01Z-00-DX1.38E82A1F-21B9-4B97-A304-15B886EA68A0,tcga_brca,IDC,0.07376015,0.85459554
9,TCGA-AC-A6IW-01Z-00-DX1.C4514189-E64F-4603-8970-230FA2BB77FC,tcga_brca,IDC,0.10609937,0.06021106
9,TCGA-C8-A132-01Z-00-DX1.6CCE1FE0-BB4B-4046-BAF0-43AA110B2EBE,tcga_brca,IDC,0.14400470,1.10194363
9,TCGA-BH-A18J-01Z-00-DX1.AE20ADB6-050C-405D-BF17-1EE4A1A4979A,tcga_brca,IDC,0.07514733,0.60793408
9,TCGA-E9-A1NH-01Z-00-DX1.20FF11B7-DAF0-41C2-B7C5-449BA5268EC0,tcga_brca,IDC,0.05999112,0.61917177
9,TCGA-A2-A04T-01Z-00-DX1.71444266-BD56-4183-9603-C7AC20C9DA1E,tcga_brca,IDC,0.18422091,0.80043893
9,TCGA-BH-A0EB-01Z-00-DX1.70D7BBA0-214D-4D1A-933C-7CFCDA5416A3,tcga_brca,IDC,0.07617247,0.69396372
9,TCGA-AN-A0AR-01Z-00-DX1.0CF1267E-C61B-4928-875E-59032F838F07,tcga_brca,IDC,0.10238236,0.85643853
9,TCGA-D8-A27P-01Z-00-DX1.EF426996-D0DC-4418-BEC4-F7CE3C82C869,tcga_brca,IDC,0.11450976,0.66560006
9,TCGA-A2-A0SU-01Z-00-DX1.22420EE2-4FEB-42F3-9547-4739F0F73D50,tcga_brca,IDC,0.09967136,0.87968419
9,TCGA-A2-A0D4-01Z-00-DX1.35E43827-DABC-4685-A62A-333672923349,tcga_brca,IDC,0.10620576,0.62344721
9,TCGA-A8-A09T-01Z-00-DX1.4183BBA4-AF11-4602-9EC2-35083C34A393,tcga_brca,ILC,0.04207325,0.33746074
9,TCGA-AR-A0TW-01Z-00-DX1.0C1EAE07-6BA6-4908-89E1-0133F3640174,tcga_brca,IDC,0.11917639,0.48841007
9,TCGA-BH-A0BQ-01Z-00-DX1.F5C6386B-BB2C-49DF-B3B8-6C4B80D060D4,tcga_brca,IDC,0.12048137,0.64886172
9,TCGA-AC-A62X-01Z-00-DX1.36FDC9AA-4EBE-40E6-92C2-8471049171A4,tcga_brca,IDC,0.19844401,0.03592235
9,TCGA-A8-A084-01Z-00-DX1.2B52D1B8-5AD4-4BD6-ADF7-9D65B8EE2621,tcga_brca,IDC,0.05659676,0.81978539
9,TCGA-D8-A1X6-01Z-00-DX1.ABF237D4-708C-46A5-AEF8-58712E5DCC04,tcga_brca,IDC,0.10194224,1.19276165
9,TCGA-D8-A1X6-01Z-00-DX2.F36D68F2-70C3-4E0E-ABE6-6969170BA6DC,tcga_brca,IDC,0.18926704,1.13277078
9,TCGA-AC-A2BK-01Z-00-DX1.A3A1F275-9CDC-48BA-BB81-BCA6F02ACA94,tcga_brca,IDC,0.01923394,-0.20861150
9,TCGA-A8-A07U-01Z-00-DX1.69D356C3-C7FC-47E9-B753-BE421263343F,tcga_brca,IDC,0.18345776,0.97395911
9,TCGA-BH-A18I-01Z-00-DX1.EE699DE3-EBF4-4AB4-8319-9911F027FA18,tcga_brca,IDC,0.03474957,0.37729518
9,TCGA-A2-A0ER-01Z-00-DX1.18123C1B-A0CC-4957-9373-5FFAB985C2E8,tcga_brca,IDC,0.09768158,0.66687659
9,TCGA-BH-A18N-01Z-00-DX1.FE0E24A1-8AE9-4021-B9C7-B408EE0DE329,tcga_brca,IDC,0.19796562,1.10334768
9,TCGA-BH-A18V-01Z-00-DX1.7797760A-05CD-436E-97DA-31D6201F943B,tcga_brca,IDC,0.13489050,0.91219291
9,TCGA-AN-A0AM-01Z-00-DX1.169CE39A-DD54-46D8-8D03-60B69A473CDB,tcga_brca,IDC,0.06463939,0.75535872
9,TCGA-B6-A0IQ-01Z-00-DX1.662EA039-825E-41FF-91D6-021EB0E099BD,tcga_brca,IDC,0.10592246,0.52872889
9,TCGA-BH-A0DQ-01Z-00-DX1.5A98747C-52D9-45AD-BC84-934A96F069EB,tcga_brca,IDC,0.05267012,0.56582363
9,TCGA-B6-A0IJ-01Z-00-DX1.BF2E062F-06DA-4CA8-86C4-36674C035CAA,tcga_brca,IDC,0.12711948,0.19040293
9,TCGA-A2-A3KC-01Z-00-DX1.2532878B-49E2-48D5-82D5-00730C90EEF8,tcga_brca,ILC,-0.07600909,-0.28869478
9,TCGA-BH-A0B7-01Z-00-DX1.6950CDDF-8A81-4B10-BFFF-BE0E33A2C6CC,tcga_brca,IDC,0.11374784,0.92302292
9,TCGA-AN-A0XL-01Z-00-DX1.E90AA056-51DC-4A6B-96EB-A0B707496912,tcga_brca,IDC,0.02821565,0.24435247
9,TCGA-D8-A73U-01Z-00-DX1.6ECEF7C0-00CC-4AC2-87BD-DBFB6E0DC042,tcga_brca,ILC,-0.02216947,0.17626884
9,TCGA-D8-A73U-01Z-00-DX2.91F571C8-303C-463D-952C-263FAA5097DF,tcga_brca,ILC,-0.07214826,0.19757770
9,TCGA-A8-A09K-01Z-00-DX1.41B2DF5F-C0E1-43BB-BAA5-2946A9EC4650,tcga_brca,IDC,0.01244950,0.47457814
9,TCGA-94-7943-01Z-00-DX1.361fc645-89ae-4934-8c27-12907bc2a9ee,tcga_lung,LUSC,-0.22787061,-0.47789285
9,TCGA-43-2578-01Z-00-DX1.3314c57b-2875-4cb3-8fff-cb9cf65aa697,tcga_lung,LUSC,-0.11389154,-0.06057203
9,TCGA-58-A46L-01Z-00-DX1.DA77E0D9-23A2-4D54-81E9-36849E04FBC8,tcga_lung,LUSC,-0.20116329,-0.78973256
9,TCGA-22-5480-01Z-00-DX1.A6E25FF1-9616-4F5F-97BD-BA1912C46008,tcga_lung,LUSC,-0.14413452,-0.38331818
9,TCGA-22-4609-01Z-00-DX1.35112DF6-5AD4-4EF5-8D00-41AEED41C246,tcga_lung,LUSC,-0.21709716,-0.48743313
9,TCGA-52-7812-01Z-00-DX1.dd6fa49a-f9fe-40a1-80b2-0824b128f3b2,tcga_lung,LUSC,0.06676978,-0.21537733
9,TCGA-NC-A5HT-01Z-00-DX1.9295B0E3-37FE-4914-AFB3-78B56C893B6D,tcga_lung,LUSC,-0.24543542,-0.45941183
9,TCGA-56-7730-01Z-00-DX1.6f127663-c517-4b5d-99a6-a3cd314304b1,tcga_lung,LUSC,-0.16220170,-0.04998425
9,TCGA-66-2742-01Z-00-DX1.8fdd6990-a08c-457b-80e4-586c619a784e,tcga_lung,LUSC,-0.22308779,-0.83496802
9,TCGA-56-7579-01Z-00-DX1.627f65b9-ac66-4f71-a6f4-394338b647f0,tcga_lung,LUSC,-0.14376652,-0.55107515
9,TCGA-56-8082-01Z-00-DX1.f0056ce7-58cf-4fc7-b249-ddeadeafafb3,tcga_lung,LUSC,-0.18028325,-0.78004044
9,TCGA-66-2759-01Z-00-DX1.10135ce3-22d5-4802-907d-057fe54f5554,tcga_lung,LUSC,-0.27596986,-1.15102051
9,TCGA-33-AASD-01Z-00-DX1.DAB3D05A-A6CE-47D1-90B6-79EBABAC3454,tcga_lung,LUSC,-0.20929682,-0.59888317
9,TCGA-66-2734-01Z-00-DX1.2c23bc49-e2be-480a-b6a8-d3259a584930,tcga_lung,LUSC,-0.14817584,-0.82373273
9,TCGA-56-7582-01Z-00-DX1.81e6c419-f6a1-49cf-9a83-7c1a679fbfc6,tcga_lung,LUSC,-0.33274272,-1.07798667
9,TCGA-98-A53I-01Z-00-DX1.B245E2C2-8D75-45EE-8930-44CFFF8B2106,tcga_lung,LUSC,-0.33821079,-0.29659112
9,TCGA-33-4547-01Z-00-DX6.2bcc33c0-31f2-4354-b954-64bd646f40df,tcga_lung,LUSC,-0.10720861,-0.37894508
9,TCGA-33-4547-01Z-00-DX7.91be6f90-d9ab-4345-a3bd-91805d9761b9,tcga_lung,LUSC,-0.13877803,-0.98908974
9,TCGA-33-4547-01Z-00-DX1.7009df06-03f9-497a-b7bd-f8ef4244d152,tcga_lung,LUSC,-0.08914542,-0.23600393
9,TCGA-33-4547-01Z-00-DX3.9f19ec7f-6469-463a-a027-124c3fe5a06c,tcga_lung,LUSC,-0.13827413,-0.62535040
9,TCGA-33-4547-01Z-00-DX4.a340ca7a-a732-482c-8df6-bcdcf14890cd,tcga_lung,LUSC,-0.10065180,-0.46453770
9,TCGA-33-4547-01Z-00-DX5.0430003c-aa9c-4d8f-89fd-72fa63207740,tcga_lung,LUSC,-0.11396319,-0.47014794
9,TCGA-33-4547-01Z-00-DX2.a864126e-e46c-4ce4-a3d5-792f35ccaa80,tcga_lung,LUSC,-0.18273151,-0.48308468
9,TCGA-85-8584-01Z-00-DX1.859bb615-578f-4aad-b1e3-8c92b7e3ef2d,tcga_lung,LUSC,0.07094979,0.01198808
9,TCGA-85-7710-01Z-00-DX1.8bcfe326-1c19-4ebe-879d-83e77739f006,tcga_lung,LUSC,-0.20203346,-0.40032366
9,TCGA-56-7731-01Z-00-DX1.e205943f-cb2e-4006-b3be-b07d95fea663,tcga_lung,LUSC,-0.08241385,-0.04664815
9,TCGA-38-4631-01Z-00-DX1.5e0c873a-9c4c-4e0b-bf2e-e3cd8b760761,tcga_lung,LUAD,-0.00313830,0.24728044
9,TCGA-50-5939-01Z-00-DX1.745D7503-0744-46B1-BC89-EBB8FCE2D55C,tcga_lung,LUAD,0.11218613,0.29578911
9,TCGA-55-6978-01Z-00-DX1.2ef6d6aa-2a19-4bce-b845-cc83ac81a1c3,tcga_lung,LUAD,0.05569708,-0.04761297
9,TCGA-21-1070-01Z-00-DX1.06363f8a-ef29-4d73-95da-a3172d7873c0,tcga_lung,LUSC,-0.13846272,-0.89586829
9,TCGA-77-A5GA-01Z-00-DX1.8A1605A0-A0FF-479C-BFAC-AD6BD7081AC9,tcga_lung,LUSC,-0.16747892,-0.57282092
9,TCGA-58-A46K-01Z-00-DX1.A293339A-A592-4CA2-AE49-CDDD0810C624,tcga_lung,LUSC,-0.18267536,-0.58477881
9,TCGA-85-8481-01Z-00-DX1.0f626863-3eb5-4b35-b4fe-22a03d767f15,tcga_lung,LUSC,-0.10603529,-0.30526316
9,TCGA-77-A5GB-01Z-00-DX1.5EB72C3D-40BE-4ABD-9CD6-ADF5769BC295,tcga_lung,LUSC,-0.18301284,-0.27244946
9,TCGA-77-8153-01Z-00-DX1.E8E40968-E7AD-4EA2-A832-8EC04D5CB7A1,tcga_lung,LUSC,-0.17022270,-0.80729903
9,TCGA-NC-A5HO-01Z-00-DX1.0DA8CF7E-0B14-44BA-BFA1-DC2E35B8A20C,tcga_lung,LUSC,-0.17119673,-0.60135046
9,TCGA-85-A512-01Z-00-DX1.154BBD51-803C-46F0-840E-D2597E648365,tcga_lung,LUSC,-0.35333240,-1.02851959
9,TCGA-34-2600-01Z-00-DX1.CDCAAE91-3056-4952-B988-00F3722B520B,tcga_lung,LUSC,-0.19583642,-0.50362578
9,TCGA-66-2795-01Z-00-DX1.4141cb69-b675-49c4-85c5-21d630b5143d,tcga_lung,LUSC,-0.12689543,-0.33952177
9,TCGA-58-A46M-01Z-00-DX1.DCC711DA-EB83-498E-9AFA-33E874EA537C,tcga_lung,LUSC,-0.19808373,-0.64863942
9,TCGA-NC-A5HD-01Z-00-DX1.881DF35E-F816-4705-9589-6FB72784A905,tcga_lung,LUSC,-0.05339247,-0.56985800
9,TCGA-86-A4P8-01Z-00-DX1.D65E8855-F7A1-4584-A501-BBFBC61C2DEB,tcga_lung,LUAD,0.08994031,0.80364948
9,TCGA-55-7994-01Z-00-DX1.a0858080-c471-4337-bc57-7af57e9d92d8,tcga_lung,LUAD,-0.10300553,-0.19541963
9,TCGA-MP-A4T9-01Z-00-DX1.F7B341C4-EBCD-455F-BE90-3B77AC6B76EC,tcga_lung,LUAD,0.12157905,-0.10027044
9,TCGA-35-4123-01Z-00-DX1.990553a8-657e-49ec-9782-e6d30a4c4909,tcga_lung,LUAD,-0.05224395,-0.12376721
9,TCGA-55-5899-01Z-00-DX1.faa65b08-150c-4c74-95aa-1e8743f0152c,tcga_lung,LUAD,-0.06902218,-0.11748734
9,TCGA-86-8672-01Z-00-DX1.94ca1954-921d-4ef6-a078-4e0fcb09157f,tcga_lung,LUAD,0.02043021,-0.02047752
9,TCGA-69-7973-01Z-00-DX1.aefb015a-cb51-425f-a80f-cd51091a0ee3,tcga_lung,LUAD,0.04240733,0.22608142
9,TCGA-62-A470-01Z-00-DX1.3983A979-E756-413C-941A-C8B83AD3BBA7,tcga_lung,LUAD,0.17637044,0.46598732
9,TCGA-78-7542-01Z-00-DX1.2ee042a6-11ee-4668-b254-44144fca4234,tcga_lung,LUAD,0.15607637,0.10657750
9,TCGA-78-7146-01Z-00-DX1.830209b2-94c5-4277-a7b6-b2f2634de0dc,tcga_lung,LUAD,-0.02268016,-0.17954645
9,TCGA-39-5019-01Z-00-DX1.FE0485DE-AEB3-443F-AFCA-C186C336F7EC,tcga_lung,LUSC,-0.11797559,0.06482997
9,TCGA-66-2756-01Z-00-DX1.e6bda67d-2647-4751-9c16-b711933a1d6c,tcga_lung,LUSC,-0.08389074,-0.26647698
9,TCGA-98-8021-01Z-00-DX1.2ab0e341-e248-4df3-84c4-df5e60dc0372,tcga_lung,LUSC,-0.25206232,-0.64854118
9,TCGA-66-2767-01Z-00-DX1.7bcc7633-3e70-46e3-8689-542c23577ed1,tcga_lung,LUSC,-0.22839302,-0.98857818
9,TCGA-77-8154-01Z-00-DX1.5ca9afa5-e5d8-46d7-b542-c27649bd214e,tcga_lung,LUSC,-0.17909956,-0.75629209
9,TCGA-66-2794-01Z-00-DX1.933c35d1-b63f-44ba-928a-1f49c7fbc452,tcga_lung,LUSC,-0.35985726,-0.86176453
9,TCGA-85-A510-01Z-00-DX1.F51CBC2D-EAD4-48B8-9444-C864012562F4,tcga_lung,LUSC,-0.11915746,-0.39911452
9,TCGA-96-8169-01Z-00-DX1.d2e29d5e-abd4-4f36-958c-d9d22b836a34,tcga_lung,LUSC,-0.13799572,-0.05390180
9,TCGA-56-8622-01Z-00-DX1.62B552C4-5CBE-4469-8DBB-E27497FF95F4,tcga_lung,LUSC,-0.17652804,-0.35570479
9,TCGA-55-6987-01Z-00-DX1.0c52b721-2209-4818-af8f-b22d37e6e81e,tcga_lung,LUAD,0.14684844,-0.09711303
9,TCGA-73-A9RS-01Z-00-DX1.EDCEFE41-61E2-48C9-B8D5-28B55372E0CA,tcga_lung,LUAD,0.23796827,0.78161678
9,TCGA-55-6980-01Z-00-DX1.2f1d1858-42b9-4e3b-966d-2f3f429570a6,tcga_lung,LUAD,0.05992711,1.12463733
9,TCGA-49-AAR3-01Z-00-DX1.B4D85F13-CEB4-46DA-BF39-0200B9E55835,tcga_lung,LUAD,0.06008762,0.07198248
9,TCGA-78-8648-01Z-00-DX1.D3EAEF8E-E739-490F-BF48-A4796B0C0E7A,tcga_lung,LUAD,0.06433105,0.19360501
9,TCGA-55-7281-01Z-00-DX1.a92dafa4-3a65-4f5c-97f0-83aff231274a,tcga_lung,LUAD,0.13017130,0.89504719
9,TCGA-69-A59K-01Z-00-DX1.01EAF520-9AC1-4ECC-8EF3-B9122924A1E3,tcga_lung,LUAD,0.01619530,0.10115346
9,TCGA-73-4668-01Z-00-DX1.3470b27e-210f-4ff3-9dde-69aa85faa9ee,tcga_lung,LUAD,0.12685400,0.52264342
9,TCGA-55-8508-01Z-00-DX1.96B173E2-A298-4017-9AEC-113E547A3272,tcga_lung,LUAD,0.16516435,0.81120643
9,TCGA-62-A46R-01Z-00-DX1.AD823FBA-A63F-4D36-8B84-2C995DE5FC47,tcga_lung,LUAD,0.16706169,0.82261283
9,TCGA-67-6216-01Z-00-DX1.04da6a64-bd3a-48ed-bc99-d651e00a1aa4,tcga_lung,LUAD,0.22946763,0.79674352
9,TCGA-97-7938-01Z-00-DX1.d774d0a2-ee34-43ba-9d9d-34bf9718292e,tcga_lung,LUAD,0.08884633,0.32523615
9,TCGA-55-8505-01Z-00-DX1.D364C30D-BFB8-486B-A0D3-948FF8E90C3E,tcga_lung,LUAD,0.19204992,0.42379735
9,TCGA-55-8615-01Z-00-DX1.928CFCA6-059D-4901-8D6A-BC7D9486C29F,tcga_lung,LUAD,0.11120784,0.13055167
9,TCGA-64-1677-01Z-00-DX1.7720D42B-1F57-4C23-9BC5-87C456E7737B,tcga_lung,LUAD,0.10113388,0.55059612
9,TCGA-55-8621-01Z-00-DX1.7C519007-D59D-432A-BF4D-23D14A1C8BB6,tcga_lung,LUAD,0.08624303,0.32094988
9,TCGA-97-8172-01Z-00-DX1.812ab977-692e-42f8-af57-7ce9084ab045,tcga_lung,LUAD,0.07344753,0.72656113
9,TCGA-62-A471-01Z-00-DX1.51A235BB-7F67-4C0D-8B15-2E26116D8822,tcga_lung,LUAD,-0.06387436,-0.88240658
9,TCGA-NJ-A7XG-01Z-00-DX1.4A876254-653C-410B-A36C-55FC41C1DD93,tcga_lung,LUAD,0.04070723,-0.27614328
9,TCGA-97-8171-01Z-00-DX1.a55cbfd1-6674-4206-b3e0-2a4f12a74e5d,tcga_lung,LUAD,0.16737258,0.73193486
9,TCGA-55-7227-01Z-00-DX1.e1a9e09c-4a50-4ee5-b1e4-2c7ae34dc913,tcga_lung,LUAD,0.13628453,1.03371124
9,TCGA-69-7761-01Z-00-DX1.aa7ef5ef-8162-4961-a923-3a29646efba3,tcga_lung,LUAD,0.08745295,0.50992416
9,TCGA-55-8204-01Z-00-DX1.30ba69f3-53f1-41cc-826c-20dce3cfe86b,tcga_lung,LUAD,0.02964026,0.69186616
9,TCGA-MP-A4TC-01Z-00-DX1.C7DB4A7F-F6B8-4FA0-84C1-9B87D41C7749,tcga_lung,LUAD,0.10491097,0.45324614
9,TCGA-62-A46V-01Z-00-DX1.631E54D0-9E57-4932-B4EF-81820E56A95B,tcga_lung,LUAD,0.20877385,0.78028878
9,TCGA-21-A5DI-01Z-00-DX1.E9123261-ADE7-468C-9E9A-334E131FFF97,tcga_lung,LUSC,-0.24196300,-0.51205514
9,TCGA-78-7149-01Z-00-DX1.1b83dbcb-0c9f-4e50-bb98-bf9a157052cf,tcga_lung,LUAD,0.18556827,1.26315257
9,TCGA-95-A4VN-01Z-00-DX1.B997A80F-C396-40AB-808A-B70EB83A2B74,tcga_lung,LUAD,0.09582871,0.33080911
9,TCGA-44-3396-01Z-00-DX1.187b0a68-ad51-4fcd-819c-b74a8599dbe9,tcga_lung,LUAD,0.02087539,0.02786710
9,TCGA-44-7667-01Z-00-DX1.2be2e379-7368-4fa7-a619-ace84febecb3,tcga_lung,LUAD,-0.09034485,-0.34784550
9,TCGA-L9-A743-01Z-00-DX1.27ED2955-E8B5-4A3C-ADAA-82568ECCFB83,tcga_lung,LUAD,0.06572396,0.81036824
9,TCGA-97-7554-01Z-00-DX1.4107ca63-4642-42b9-b6f2-13778ecaf9a7,tcga_lung,LUAD,0.11752158,1.14749588
10,TCGA-L5-A4OF-01Z-00-DX1.3907EC8B-C346-4D83-85D3-D49ACBAB4966,tcga_esca,ESAD,0.27505887,0.37190658
10,TCGA-LN-A4A3-01Z-00-DX1.EFE060DE-C793-45FE-A58D-CD4E5BDDA5BF,tcga_esca,ESCC,-0.25698695,-0.53689176
10,TCGA-R6-A6XG-01Z-00-DX1.88BC85D3-7EF7-4D0A-88DC-1A837084D715,tcga_esca,ESAD,0.25160873,0.58533231
10,TCGA-IG-A97I-01Z-00-DX1.3C27B8C0-A346-4B05-98EF-6470C91F57BC,tcga_esca,ESCC,-0.30643332,-0.43776874
10,TCGA-IG-A50L-01Z-00-DX1.25755523-4D42-4377-B053-675850520680,tcga_esca,ESCC,-0.22101170,-0.13320951
10,TCGA-L5-A4OJ-01Z-00-DX1.585AE027-2DE4-433C-B7B4-0C632DFA5C05,tcga_esca,ESAD,0.11925209,0.36619349
10,TCGA-R6-A8WG-01Z-00-DX1.7DFEC264-444A-456F-8EC5-61D82657F716,tcga_esca,ESAD,0.19566840,0.47429616
10,TCGA-IG-A3YB-01Z-00-DX1.0A532E4E-E84D-4787-8218-AC38B30B2A96,tcga_esca,ESCC,-0.23160124,-0.13645669
10,TCGA-KH-A6WC-01Z-00-DX1.3F29FCD8-7176-41F0-93D2-66A1628389AA,tcga_esca,ESCC,-0.10721427,-0.22356635
10,TCGA-IG-A7DP-01Z-00-DX1.81A5A30F-6979-4DC1-A2D5-250EC5E42C4C,tcga_esca,ESAD,0.12590420,-0.05688673
10,TCGA-V5-AASX-01Z-00-DX1.DBE6A995-4C81-47F6-89E9-FCFFE92190F3,tcga_esca,ESAD,0.29770613,0.60848441
10,TCGA-LN-A4MQ-01Z-00-DX1.72CA5EC0-771F-4A7B-900D-B7190F2472DD,tcga_esca,ESCC,-0.21443814,-0.47239622
10,TCGA-XP-A8T6-01Z-00-DX1.DCDFC952-BDFE-45AB-A50A-FC1F649E0B5E,tcga_esca,ESCC,-0.23810166,-0.28088336
10,TCGA-VR-AA4G-01Z-00-DX1.B12AF4D6-E63D-464A-A101-D3B43A84B2EB,tcga_esca,ESCC,-0.25690794,0.07132154
10,TCGA-UZ-A9PL-01Z-00-DX1.A7927C7B-9304-40F4-894C-64A953D8F67B,tcga_rcc,PRCC,-0.15483403,-0.03935840
10,TCGA-MH-A857-01Z-00-DX1.D51AFCBE-D104-4B54-AC38-2DBF1E0066E9,tcga_rcc,PRCC,-0.08996415,0.08359120
10,TCGA-SX-A7SQ-01Z-00-DX1.CC608F45-80AA-49DA-9172-B706DD833889,tcga_rcc,PRCC,-0.28319454,-0.88890885
10,TCGA-SX-A71R-01Z-00-DX1.0B4C4C57-1759-4416-85B3-EB52CD181AFA,tcga_rcc,PRCC,-0.23990703,-0.95875698
10,TCGA-CZ-5455-01Z-00-DX1.f62e1d32-8a1e-4708-a0ba-93516a0b3dab,tcga_rcc,CCRCC,0.07427639,0.17309551
10,TCGA-BP-4765-01Z-00-DX1.eeb51a80-0a8d-428e-ab84-92769b558a76,tcga_rcc,CCRCC,0.21004707,0.61278203
10,TCGA-B0-5077-01Z-00-DX1.f2aac4d2-8db1-4f99-855e-705ac1eddbef,tcga_rcc,CCRCC,0.17109329,0.63146784
10,TCGA-B0-5712-01Z-00-DX1.b6b950fb-d0d4-4ae2-ae53-8eb51b7751bf,tcga_rcc,CCRCC,0.20079452,0.68197000
10,TCGA-DV-A4W0-05Z-00-DX1.873A695C-2FEC-4238-9DA5-45CBD2DF30D9,tcga_rcc,CCRCC,-0.00642300,-0.14951521
10,TCGA-DV-A4W0-01Z-00-DX1.B9EFDA21-A24B-46B2-999A-9E0865615D27,tcga_rcc,CCRCC,0.09316742,0.30876920
10,TCGA-A3-3326-01Z-00-DX1.2caeb5df-3522-4205-80ca-3373026f49b9,tcga_rcc,CCRCC,0.33302414,1.35225990
10,TCGA-BP-4803-01Z-00-DX1.6d00ac00-b812-44bf-a826-b24194bd8ab0,tcga_rcc,CCRCC,0.18484479,0.76490498
10,TCGA-B0-4714-01Z-00-DX1.615c638d-9fe6-4399-a9fe-ed758f10d4fe,tcga_rcc,CCRCC,0.33221054,1.25942814
10,TCGA-AK-3444-01Z-00-DX1.1F0E0B47-29FF-456F-800A-539983FDCFAA,tcga_rcc,CCRCC,0.21466517,0.71570608
10,TCGA-B8-4153-01Z-00-DX1.55bba0a1-79c2-475d-ae98-81a17d832ba6,tcga_rcc,CCRCC,0.31524402,1.33678682
10,TCGA-CZ-5982-01Z-00-DX1.b7659f4b-921e-42d9-a691-2b2262a2bfb3,tcga_rcc,CCRCC,0.31943715,1.28387334
10,TCGA-A4-8516-01Z-00-DX1.BC50439D-E5E5-45A1-8067-6B8FB0C1E096,tcga_rcc,PRCC,-0.35184747,-1.36690218
10,TCGA-2Z-A9JM-01Z-00-DX1.57F0B96B-E171-418E-8B89-AF434B4E0DB9,tcga_rcc,PRCC,-0.24522883,-0.91868373
10,TCGA-Y8-A894-01Z-00-DX1.B8EDB990-C0E6-4653-9AD4-AB3A4065C313,tcga_rcc,PRCC,-0.26880920,-0.49817960
10,TCGA-UZ-A9PR-01Z-00-DX1.B0118472-5A2A-43FB-9345-D28362745C78,tcga_rcc,PRCC,-0.07318735,-0.33469190
10,TCGA-2Z-A9JN-01Z-00-DX1.714E8577-5BAE-4D99-92DF-1B75500D7AED,tcga_rcc,PRCC,-0.28548038,-0.65637224
10,TCGA-SX-A7SU-01Z-00-DX1.3EB1265B-F8CF-4703-88DB-7DC4E1D7E9C8,tcga_rcc,PRCC,-0.13731119,-0.67702929
10,TCGA-BQ-7045-01Z-00-DX1.787c4448-040f-42f3-a51e-6564a935a5b6,tcga_rcc,PRCC,-0.24481183,-0.57980615
10,TCGA-GL-A9DE-01Z-00-DX1.1C2E563A-0364-412B-A25D-1738FEFBC840,tcga_rcc,PRCC,-0.32807615,-1.08230348
10,TCGA-UZ-A9Q1-01Z-00-DX1.81177E0C-A9E4-4CAC-8E8F-354218753202,tcga_rcc,PRCC,-0.29713851,-0.94683271
10,TCGA-A3-3374-01Z-00-DX1.560b8f9f-5195-43e0-be52-73aede19e077,tcga_rcc,CCRCC,-0.00623733,-0.24367423
10,TCGA-B0-5696-01Z-00-DX1.73c27995-9401-43bd-80ff-6ee9dadcbd5a,tcga_rcc,CCRCC,0.16809404,0.80070787
10,TCGA-UZ-A9PN-01Z-00-DX1.D3D3BDE3-E1CF-4F31-8130-E7F302F77FB9,tcga_rcc,PRCC,-0.33092025,-0.50001977
10,TCGA-CJ-4884-01Z-00-DX1.E7A9735A-4ADB-4312-B205-781829DE4C5D,tcga_rcc,CCRCC,0.22945857,0.93930118
10,TCGA-BP-4338-01Z-00-DX1.fbadb1d7-c11d-4347-9f3c-447f52dde639,tcga_rcc,CCRCC,0.17531514,0.69994059
10,TCGA-B0-5700-01Z-00-DX1.95de170e-c0b7-4408-a0cf-b4b5ce1a23f0,tcga_rcc,CCRCC,0.30135411,0.91298225
10,TCGA-3Z-A93Z-01Z-00-DX1.79F4D1A6-ACDB-4AB1-B8A8-C1CEE617C734,tcga_rcc,CCRCC,0.15341473,0.71733829
10,TCGA-BP-4771-01Z-00-DX1.7b5ab331-81fe-4688-91ad-851a44191841,tcga_rcc,CCRCC,0.15554214,0.53950979
10,TCGA-CZ-5461-01Z-00-DX1.0a5231b0-7d37-470f-8497-5f1fb5e42d86,tcga_rcc,CCRCC,0.05944538,0.54432861
10,TCGA-A3-3313-01Z-00-DX1.10f8cd5e-1c4f-4bb4-96f3-c612f093fc80,tcga_rcc,CCRCC,0.08800769,0.28274809
10,TCGA-BP-4777-01Z-00-DX1.d974c34b-6e2e-419e-8d4e-674380f313ba,tcga_rcc,CCRCC,0.16850251,0.54952636
10,TCGA-BP-4972-01Z-00-DX1.912c5a3d-2c86-4c39-8c12-dcc0a18440e7,tcga_rcc,CCRCC,0.20401710,0.65715351
10,TCGA-AK-3455-01Z-00-DX1.58C308CD-4338-47E2-A8B0-EA0649F33358,tcga_rcc,CCRCC,0.27588695,0.81101258
10,TCGA-AK-3434-01Z-00-DX1.996B7B9A-9036-4C09-87DD-552170EE956D,tcga_rcc,CCRCC,0.17181838,0.57133031
10,TCGA-A3-A6NL-01Z-00-DX1.7796AE2F-CC39-4266-A740-DBB04ACA869D,tcga_rcc,CCRCC,0.37688822,1.17789486
10,TCGA-B4-5378-01Z-00-DX1.E38DB70A-5A21-48E7-92BA-832F702772D5,tcga_rcc,CCRCC,0.17955106,0.69648058
10,TCGA-BP-4798-01Z-00-DX1.5f6fa5de-bdbc-4048-9948-c89a25a92fd5,tcga_rcc,CCRCC,0.10415679,0.83384263
10,TCGA-B8-4622-01Z-00-DX1.4b46b786-3c2d-4520-a405-5ea10d346b74,tcga_rcc,CCRCC,0.29928148,1.21524887
10,TCGA-B0-5699-01Z-00-DX1.e53ec6c8-f6c1-4669-bcdd-c2d04acc6a08,tcga_rcc,CCRCC,0.31247699,1.00840374
10,TCGA-B0-5697-01Z-00-DX1.45952baf-6ceb-475e-8d04-0a97adf37cf6,tcga_rcc,CCRCC,0.19369161,0.77214767
10,TCGA-CJ-6031-01Z-00-DX1.372B4225-F672-4E8F-9873-3A4FE6A7982A,tcga_rcc,CCRCC,0.04352289,0.50520780
10,TCGA-BP-4971-01Z-00-DX1.182dfca9-308e-4cb6-8c29-2d9d3bae4f91,tcga_rcc,CCRCC,0.15143281,0.57931043
10,TCGA-BP-4176-01Z-00-DX1.e6cbc6db-6340-4bca-b5c0-c3c358c78d80,tcga_rcc,CCRCC,0.19547135,0.79441514
10,TCGA-AK-3451-01Z-00-DX1.1CC3099A-F2E1-43D6-B9AC-8DC640ABB014,tcga_rcc,CCRCC,0.01894492,-0.03668051
10,TCGA-DV-5569-01Z-00-DX1.6ac6fcb6-18df-4838-83eb-d339f8ce0722,tcga_rcc,CCRCC,0.17458540,0.92478847
10,TCGA-B0-4815-01Z-00-DX1.dd230cfa-5952-4fe7-b73b-5492f0d37723,tcga_rcc,CCRCC,0.11424059,0.35834798
10,TCGA-DV-5567-01Z-00-DX1.646edc51-54e3-4999-8554-07f724b906a6,tcga_rcc,CCRCC,0.08290815,0.64516278
10,TCGA-BP-4325-01Z-00-DX1.f3299377-fdc2-4ac0-b26e-487ef77cac8b,tcga_rcc,CCRCC,0.29508346,1.17359812
10,TCGA-B0-4849-01Z-00-DX1.979ac1bc-d04f-470d-bed2-85d3bd3cd912,tcga_rcc,CCRCC,0.14497787,1.09932122
10,TCGA-BP-4974-01Z-00-DX1.97991078-9139-4bca-a5c7-0c6c66459df9,tcga_rcc,CCRCC,0.24578393,0.95170946
10,TCGA-BP-4977-01Z-00-DX1.b40b5355-757d-42cc-91b2-333871afbb57,tcga_rcc,CCRCC,0.15350789,0.83069721
10,TCGA-B0-5402-01Z-00-DX1.dc8a5519-2b6f-473e-9420-b26e59f7c4c9,tcga_rcc,CCRCC,0.22413519,0.36929845
10,TCGA-B2-4101-01Z-00-DX1.ea5f7fc4-e8f5-45ad-b439-f39c5c26fb63,tcga_rcc,CCRCC,0.14367539,0.37714770
10,TCGA-AK-3447-01Z-00-DX1.3ed3ae76-21b2-46d0-bcb8-2d9ff54908ce,tcga_rcc,CCRCC,0.18996286,0.92406830
10,TCGA-BP-4334-01Z-00-DX1.68cf009b-04da-4173-98d6-6155a9a931f5,tcga_rcc,CCRCC,0.19489378,0.82665905
10,TCGA-CJ-4871-01Z-00-DX1.B944523E-7380-4C02-A3C4-B337A41AEDD9,tcga_rcc,CCRCC,0.14913785,0.90537398
10,TCGA-AK-3458-01Z-00-DX1.45890D8B-B66A-49C9-983A-4A2AD6722076,tcga_rcc,CCRCC,0.19704556,0.68119205
10,TCGA-A3-3359-01Z-00-DX1.D473A2D2-AE66-469D-80A1-584598335E17,tcga_rcc,CCRCC,0.17481768,0.60155727
10,TCGA-BP-4982-01Z-00-DX1.c2a2e876-e500-412f-b937-30a3824af803,tcga_rcc,CCRCC,0.27018106,1.24330862
10,TCGA-BQ-5894-01Z-00-DX1.8fa5886a-0e66-4fe1-9c96-14b9d8d13db7,tcga_rcc,PRCC,-0.28609690,-0.23728552
10,TCGA-DW-7842-01Z-00-DX1.939166CE-37A9-4906-8D45-E10C2EEE3CA3,tcga_rcc,PRCC,-0.25566489,-0.42334598
10,TCGA-B3-4104-01Z-00-DX1.0783e269-2e8a-4f32-b910-807a727db247,tcga_rcc,PRCC,-0.16548532,-0.01215181
10,TCGA-BQ-5878-01Z-00-DX1.13772b1c-0b67-4ce8-84b2-9c516f67a744,tcga_rcc,PRCC,-0.28566039,-0.68502159
10,TCGA-MH-A854-01Z-00-DX1.DB5B7519-1C0F-4328-A128-FA17C2F29064,tcga_rcc,PRCC,-0.04865593,0.16017151
10,TCGA-P4-A5EB-01Z-00-DX1.9A220956-C16E-4BF4-977E-77BAA1ACBE2D,tcga_rcc,PRCC,-0.32996246,-0.71499204
10,TCGA-BQ-5884-01Z-00-DX1.d94f1dd5-e56c-47c3-a86f-002bdb739dc7,tcga_rcc,PRCC,-0.12458009,-0.45811254
10,TCGA-B3-3925-01Z-00-DX1.cb28f651-66c0-4746-a5df-b382d9d267c2,tcga_rcc,PRCC,-0.17859846,-0.74036220
10,TCGA-Y8-A8S0-01Z-00-DX1.B7010362-0F7C-4094-A9AD-925443CCAC50,tcga_rcc,PRCC,-0.32215655,-0.92504160
10,TCGA-SX-A71V-01Z-00-DX1.D8BA1689-B98C-4E22-AD8B-22D86F9E8D7C,tcga_rcc,PRCC,-0.30126423,-1.20694870
10,TCGA-A8-A07G-01Z-00-DX1.37E8A762-8141-4BE6-935A-B3DCB712BB4A,tcga_brca,IDC,0.06051654,0.46466871
10,TCGA-BH-A0BS-01Z-00-DX1.FEE32127-4D0B-4560-A39C-4EAA5B189B70,tcga_brca,IDC,0.09171695,0.75221162
10,TCGA-B6-A0WT-01Z-00-DX1.7ED21DA2-A3D8-4DCA-9742-963879A658D8,tcga_brca,IDC,0.14216822,0.92401907
10,TCGA-E2-A108-01Z-00-DX1.B110ED43-08A4-476A-A658-1CA75F7C0DDE,tcga_brca,IDC,0.08660036,0.42021594
10,TCGA-AN-A046-01Z-00-DX1.C529B94F-AFE3-4701-BC98-5D6EDF7B82C0,tcga_brca,IDC,0.12474537,0.63207478
10,TCGA-4H-AAAK-01Z-00-DX1.ABF1B042-1970-4E28-8671-43AAD393D2F9,tcga_brca,ILC,0.02966624,-0.10002476
10,TCGA-E9-A1N4-01Z-00-DX1.71c8d4a5-ec99-4012-9fe2-ddb3349ad5bc,tcga_brca,ILC,0.02081847,0.57627135
10,TCGA-C8-A137-01Z-00-DX1.87F3775D-A401-4D5E-843F-8FB1D4BE97F8,tcga_brca,IDC,0.05796850,-0.18019320
10,TCGA-AN-A0FY-01Z-00-DX1.25F5E2A1-F92C-4FE1-BD90-0CDDE50DC066,tcga_brca,IDC,0.11421734,0.83364908
10,TCGA-B6-A0RN-01Z-00-DX1.0D02A3FB-D694-4A5B-80C1-CF1469E29BFD,tcga_brca,IDC,-0.04967666,0.15514402
10,TCGA-S3-AA10-01Z-00-DX1.C0468882-0DD8-4FC5-8C2F-E18BE8000F69,tcga_brca,IDC,0.17117694,0.44940259
10,TCGA-E2-A159-01Z-00-DX1.C8DC3356-CAE9-4E7A-AEFF-ABB4BE38192B,tcga_brca,IDC,0.06943983,0.50066728
10,TCGA-E2-A1IK-01Z-00-DX1.25C554BB-AA90-4FF4-9D68-EEC899B8A27D,tcga_brca,IDC,0.08845896,0.53738028
10,TCGA-LL-A8F5-01Z-00-DX1.7579425E-1425-4160-A9DD-3D50F4C5428D,tcga_brca,IDC,0.23531663,0.00433406
10,TCGA-E2-A1B6-01Z-00-DX1.8CD458BE-C4F9-4AF3-A927-18C042E9B4B7,tcga_brca,IDC,0.15946177,0.74601405
10,TCGA-A8-A092-01Z-00-DX1.2A55EA0C-47CD-426B-9697-F2B761730585,tcga_brca,IDC,0.08824158,0.90282389
10,TCGA-A2-A25B-01Z-00-DX1.58D7BEDE-5558-4A9E-A95E-DDF24C9267EF,tcga_brca,IDC,0.08578521,0.82303544
10,TCGA-A1-A0SP-01Z-00-DX1.20D689C6-EFA5-4694-BE76-24475A89ACC0,tcga_brca,IDC,0.19043624,0.55088292
10,TCGA-A2-A0EQ-01Z-00-DX1.5FCD8890-4594-4BE2-93B1-B8F698BFD2A0,tcga_brca,IDC,0.15892720,1.01920530
10,TCGA-BH-A0BV-01Z-00-DX1.3C9CD4F7-A001-430D-AA8D-80CAD61C344E,tcga_brca,IDC,0.03567982,0.86221705
10,TCGA-LL-A5YP-01Z-00-DX1.ADA978DF-6625-4C4D-AE0C-F589B2BA4897,tcga_brca,IDC,0.18944436,0.76613322
10,TCGA-A2-A0ES-01Z-00-DX1.5652EE30-48C1-4EC1-AD77-8C72DFCB9A97,tcga_brca,ILC,0.11434698,0.60127225
10,TCGA-A2-A0YD-01Z-00-DX1.B81FF541-F154-4C49-950B-B6CB723369E2,tcga_brca,ILC,-0.01487464,-0.53801460
10,TCGA-A2-A04N-01Z-00-DX1.9E9B7DB0-1CF1-4631-8292-A9DBCA0BD37C,tcga_brca,IDC,0.08387709,0.78998692
10,TCGA-A8-A08Z-01Z-00-DX1.D0AADCA6-C27C-4FB8-89C1-94B5901146E7,tcga_brca,IDC,-0.00348753,0.03441651
10,TCGA-AR-A0TY-01Z-00-DX1.089EB6B4-9921-441D-84F3-C64C97AFC3B4,tcga_brca,IDC,0.09180641,0.49876355
10,TCGA-AN-A0FT-01Z-00-DX1.6F263AB3-FB1D-4056-AEC2-4F163017324F,tcga_brca,IDC,0.10986990,1.05500747
10,TCGA-E2-A14V-01Z-00-DX1.D6274B5E-644C-478C-817F-B8BB9262D6F4,tcga_brca,IDC,0.09078884,0.52914763
10,TCGA-AN-A0FF-01Z-00-DX1.A23982C3-E0EB-4DB2-84EE-26E0005E3F66,tcga_brca,IDC,0.09062576,0.97511927
10,TCGA-A8-A08S-01Z-00-DX1.C0E044C2-FC3F-4E3D-A779-A725FF375F21,tcga_brca,IDC,0.11179745,0.97166979
10,TCGA-E2-A1IJ-01Z-00-DX1.00093877-7B01-42D3-857C-987BC1F604A3,tcga_brca,ILC,-0.01346421,0.23225620
10,TCGA-BH-A0HU-01Z-00-DX1.73B38904-E4F8-4F45-BD75-A27EC833B6DE,tcga_brca,IDC,0.13740617,1.10740466
10,TCGA-BH-A1EX-01Z-00-DX1.16B6A817-6729-446E-9FCF-A4A333C5295D,tcga_brca,IDC,0.09540224,1.24852321
10,TCGA-B6-A0X7-01Z-00-DX1.A2AA8FE9-CF43-434A-AE72-7277D124BD0A,tcga_brca,IDC,-0.03122449,0.26397629
10,TCGA-B6-A0RS-01Z-00-DX1.F72B766D-FC49-4876-A93D-D88B05702267,tcga_brca,IDC,0.11856163,0.54127037
10,TCGA-AC-A3QQ-01Z-00-DX1.86463263-AB12-49FB-8967-D5FD1F7D221A,tcga_brca,ILC,-0.02520019,-0.10613721
10,TCGA-AQ-A54O-01Z-00-DX1.85AB0AC4-47BB-4CD8-B7FB-5928108864AC,tcga_brca,IDC,0.12722731,1.00146636
10,TCGA-EW-A1IY-01Z-00-DX1.3FD00274-C2CD-491A-915B-23FD535A4723,tcga_brca,IDC,0.10273385,0.97824286
10,TCGA-E2-A573-01Z-00-DX1.D6633BC2-524D-4153-952F-6B1D8D067370,tcga_brca,IDC,0.07191581,0.58614439
10,TCGA-A8-A08T-01Z-00-DX1.ABA1ABF2-DDB1-4E31-89DC-0F7821311D11,tcga_brca,IDC,0.09257007,0.94955408
10,TCGA-A8-A08L-01Z-00-DX1.0FC652B1-336D-4198-93FE-58D2214866D3,tcga_brca,IDC,0.12550676,0.92850841
10,TCGA-A8-A09A-01Z-00-DX1.78773A6C-BA8A-46BE-AC2A-9C6FDAB45622,tcga_brca,IDC,0.07681447,0.48956737
10,TCGA-A7-A26I-01Z-00-DX1.0077D012-BC14-4E96-84F7-A1A6A3A778DF,tcga_brca,IDC,0.15935755,0.75544932
10,TCGA-E2-A1LG-01Z-00-DX1.8ff0fdd8-e5d5-4ff8-8707-4a760aaa5d36,tcga_brca,ILC,-0.05708715,0.51058520
10,TCGA-GM-A2DA-01Z-00-DX1.6E409F88-F654-48C8-A753-BB054037BE16,tcga_brca,IDC,0.02219462,0.09367106
10,TCGA-A2-A0EM-01Z-00-DX1.305CF011-7451-4880-9A5D-AB4432CF53A5,tcga_brca,IDC,0.15826693,1.21026627
10,TCGA-A7-A13D-01Z-00-DX2.8165A362-6A08-4BFD-9428-7EEB6C59D7F1,tcga_brca,IDC,0.14793122,0.72419446
10,TCGA-A7-A13D-01Z-00-DX1.D206783C-FA6A-4B6A-B3AA-4132A2C9626B,tcga_brca,IDC,0.17770261,0.71729176
10,TCGA-BH-A0HX-01Z-00-DX1.44EBA39E-383D-4820-915E-4E5FDA1D43DA,tcga_brca,IDC,0.05955052,0.53067396
10,TCGA-A2-A0YF-01Z-00-DX1.6166E995-0669-43D6-B9C7-FE39BCE529CF,tcga_brca,IDC,0.05608571,0.44364470
10,TCGA-E9-A5FK-01Z-00-DX1.3F002C99-B4CA-4068-A816-EAC370A2E8C4,tcga_brca,ILC,-0.06653565,-0.34140263
10,TCGA-E2-A1AZ-01Z-00-DX1.FE769F5F-385B-4DCF-819A-735C98D84FA8,tcga_brca,IDC,0.00127381,0.40230562
10,TCGA-E2-A109-01Z-00-DX1.FCF5E9FC-F9FE-4F5F-96DD-5628E2609BEF,tcga_brca,IDC,0.14281505,1.23457501
10,TCGA-A2-A0CX-01Z-00-DX1.F07C75AB-E568-45CB-B497-37C712490393,tcga_brca,IDC,0.12313402,0.96218512
10,TCGA-A8-A086-01Z-00-DX1.E5FD8C53-2068-4018-B3C0-08EED253ACD2,tcga_brca,IDC,0.05228156,0.75366456
10,TCGA-E9-A3HO-01Z-00-DX1.8C897764-4CD4-40DE-9F8B-7F1BE5FF89C7,tcga_brca,ILC,0.02114546,0.22584713
10,TCGA-E9-A249-01Z-00-DX1.CA244384-FD89-44F6-8F94-A060A4C241CA,tcga_brca,IDC,0.11936539,1.10317184
10,TCGA-E2-A2P6-01Z-00-DX1.9D8060AA-881F-49FF-AEF5-B40A3625A44A,tcga_brca,ILC,-0.09965742,-0.27855716
10,TCGA-A2-A0CW-01Z-00-DX1.8E313A22-B0E8-44CF-ADEA-8BF29BA23FFE,tcga_brca,IDC,0.16610998,0.96966062
10,TCGA-BH-A202-01Z-00-DX1.8CECDB74-5E6F-4CE8-B52C-A89E574F38FB,tcga_brca,IDC,0.13365418,0.71808271
10,TCGA-BH-A0RX-01Z-00-DX1.B4ABAFB9-6696-4F22-9468-DA56E1AD32D3,tcga_brca,IDC,0.13003552,0.49040465
10,TCGA-AR-A2LO-01Z-00-DX1.A8C81E1E-B224-4CF4-83D4-FFB2F51A7002,tcga_brca,ILC,-0.09708756,0.08416802
10,TCGA-A7-A4SC-01Z-00-DX1.171E89D2-2D64-4C3F-A42C-B1167654858B,tcga_brca,ILC,-0.12681645,0.00755091
10,TCGA-AR-A0TR-01Z-00-DX1.BBCE653F-7DD0-4830-BAD3-C06207A93853,tcga_brca,IDC,0.10755837,0.72104304
10,TCGA-A1-A0SD-01Z-00-DX1.DB17BFA9-D951-42A8-91D2-F4C2EBC6EB9F,tcga_brca,IDC,0.04286933,0.51762520
10,TCGA-AR-A1AQ-01Z-00-DX1.09D5D7FC-0FA8-4176-94B2-995F44D8ED4C,tcga_brca,IDC,0.06544024,0.50189590
10,TCGA-C8-A134-01Z-00-DX1.78D10BCC-98B3-4587-897D-3E27DA28D2EB,tcga_brca,IDC,0.20158720,0.23648839
10,TCGA-A8-A095-01Z-00-DX1.97072E53-7323-4836-9D58-22B7C346A7CE,tcga_brca,IDC,0.11236793,0.91527526
10,TCGA-E2-A1B1-01Z-00-DX1.7C8DF153-B09B-44C7-87B8-14591E319354,tcga_brca,IDC,0.01465213,0.60216881
10,TCGA-D8-A1XD-01Z-00-DX1.E500D561-1F49-4F08-99AE-E8345F21B406,tcga_brca,IDC,0.15553564,1.03274839
10,TCGA-BH-A0HN-01Z-00-DX1.4997F641-C593-41F6-82ED-6A0E4EFA55F3,tcga_brca,IDC,0.07110190,1.06061152
10,TCGA-AC-A2FK-01Z-00-DX1.033F3C27-9860-4EF3-9330-37DE5EC45724,tcga_brca,ILC,-0.04011220,-0.42973949
10,TCGA-D8-A27I-01Z-00-DX1.ACAE0048-7AF0-41C9-992B-6ACDABF80B1C,tcga_brca,ILC,-0.05610693,-0.11455840
10,TCGA-EW-A6S9-01Z-00-DX1.4A8CD2D4-D528-465C-82DC-9CAE35DD424B,tcga_brca,IDC,0.10643959,0.87791878
10,TCGA-E2-A1L6-01Z-00-DX1.AFE87067-2BFD-42C2-9334-9DDE8AB61B49,tcga_brca,IDC,0.08498275,0.42551173
10,TCGA-E2-A1LB-01Z-00-DX1.B4AFDB08-BA09-4F6E-806E-4054B790AB8E,tcga_brca,IDC,0.09156954,0.94002143
10,TCGA-E9-A54Y-01Z-00-DX1.5FD70369-6514-4E5E-8BEF-65DAC5671E1A,tcga_brca,ILC,-0.00052488,-0.24024479
10,TCGA-A7-A0CH-01Z-00-DX2.81DDF423-FCA8-46CA-83A4-2E80B611844D,tcga_brca,IDC,0.10358638,0.92767281
10,TCGA-A7-A0CH-01Z-00-DX1.48ADDD0B-527A-404C-B794-7D7D35BF861F,tcga_brca,IDC,0.07856405,0.72609487
10,TCGA-GM-A3XN-01Z-00-DX1.49F5C8AC-0328-4BC2-9FE2-E7150B7A42E2,tcga_brca,ILC,-0.02163815,-0.10786969
10,TCGA-D8-A27F-01Z-00-DX1.C1A87F27-49F1-46BA-B2E2-A89293F7FD0C,tcga_brca,IDC,0.28690940,0.73866358
10,TCGA-EW-A2FS-01Z-00-DX1.A01C9183-2AC8-456A-B5A6-85C5BB0361D8,tcga_brca,IDC,0.09618539,0.72944455
10,TCGA-EW-A1PG-01Z-00-DX1.A31B2048-D04D-467C-A9E4-6A63942A58C6,tcga_brca,ILC,-0.01954204,0.07347874
10,TCGA-C8-A1HG-01Z-00-DX1.F2AB6D0F-4D6B-491F-915B-92E838E79D67,tcga_brca,IDC,0.14945477,0.99845535
10,TCGA-E9-A1R6-01Z-00-DX1.59770592-498A-47EA-AE32-42AC1D8E99BE,tcga_brca,IDC,0.11554241,0.63748949
10,TCGA-E2-A570-01Z-00-DX1.64E5F2CA-9396-40DC-A300-04A54657BDE6,tcga_brca,IDC,0.09082347,0.63870248
10,TCGA-E9-A22D-01Z-00-DX1.b2867437-0add-4b7d-8002-fb09ed961942,tcga_brca,IDC,0.11997116,1.18693980
10,TCGA-GM-A2DO-01Z-00-DX1.60817A51-93B7-483D-ABC9-8ED6341C6660,tcga_brca,ILC,0.07334417,0.60855115
10,TCGA-A8-A06Q-01Z-00-DX1.622AC6E4-DB1A-4C8D-8185-52D4FD1F30B4,tcga_brca,IDC,0.08522055,0.49435751
10,TCGA-E9-A1R4-01Z-00-DX1.B04D5A22-8CE5-49FD-8510-14444F46894D,tcga_brca,IDC,0.01663822,0.19671992
10,TCGA-D8-A1XU-01Z-00-DX1.769DBC38-6F0D-425B-A904-79EBA1C119EF,tcga_brca,IDC,0.07357192,0.61914242
10,TCGA-85-A4CL-01Z-00-DX1.05BC31FF-3B88-489F-9BD2-5B2B31C72EDB,tcga_lung,LUSC,-0.16795409,-0.42543372
10,TCGA-66-2771-01Z-00-DX1.b84a28ec-2726-4386-9445-0f5ca351d985,tcga_lung,LUSC,-0.24700344,-0.86943963
10,TCGA-60-2703-01Z-00-DX1.13cdede5-0135-4e05-9478-3b728cad247e,tcga_lung,LUSC,-0.30592787,-0.70972705
10,TCGA-22-1005-01Z-00-DX1.4A151CC3-E57F-4345-817A-2B9DBAF98477,tcga_lung,LUSC,-0.01922941,0.10347519
10,TCGA-NC-A5HH-01Z-00-DX1.4138DC62-3487-4F4B-8D5C-D7693B303387,tcga_lung,LUSC,0.16119510,-0.05108956
10,TCGA-37-4135-01Z-00-DX1.3f193ee1-530c-4f37-a669-56af75bba8db,tcga_lung,LUSC,-0.17908221,-0.02199085
10,TCGA-56-8628-01Z-00-DX1.AAC57164-E0F9-4DF0-87EA-5C50FB201895,tcga_lung,LUSC,0.04232383,-0.11170801
10,TCGA-94-8035-01Z-00-DX1.6962cc61-cb5f-44c9-95fe-1f382efec77a,tcga_lung,LUSC,-0.27326173,-0.81164515
10,TCGA-66-2737-01Z-00-DX1.3c508c22-fadc-4b05-ada4-b447b21e098c,tcga_lung,LUSC,-0.18150961,-0.44294004
10,TCGA-43-6647-01Z-00-DX1.ac38a9bb-d5af-42c1-b96c-c1d6b958dd17,tcga_lung,LUSC,-0.27402559,-0.32928261
10,TCGA-21-5786-01Z-00-DX1.928370C0-0BD4-43D6-94EB-FE7CB172265E,tcga_lung,LUSC,-0.37536308,-0.60338751
10,TCGA-18-3416-01Z-00-DX1.EDAD3DEB-8A86-4F34-82EC-6691BFDE900D,tcga_lung,LUSC,-0.08713728,-0.27978754
10,TCGA-60-2711-01Z-00-DX1.186b9a92-fcae-45b6-a52c-e8da0c1a419c,tcga_lung,LUSC,-0.35660669,-1.01141477
10,TCGA-68-A59J-01Z-00-DX1.B143855E-2B30-4562-B809-68AA723F5BD9,tcga_lung,LUSC,-0.33581364,-1.03281643
10,TCGA-77-7465-01Z-00-DX1.25e4b0b4-4948-432f-8010-a6c6e4652cab,tcga_lung,LUSC,-0.09886503,-0.83735929
10,TCGA-43-2581-01Z-00-DX1.0d1203cf-9ac9-49a2-8bd0-063ceae7b1d3,tcga_lung,LUSC,0.04206347,0.64847160
10,TCGA-77-A5G6-01Z-00-DX1.5AE97930-9554-40BD-A24A-17CA4273F2ED,tcga_lung,LUSC,-0.15346366,-0.27886946
10,TCGA-46-3767-01Z-00-DX1.1f1899f9-7d6e-438c-b7ac-701ea088734d,tcga_lung,LUSC,-0.27932405,-0.45852817
10,TCGA-77-8133-01Z-00-DX1.fcc117be-cc86-437a-8500-edb045d4195a,tcga_lung,LUSC,-0.28251505,-0.12655892
10,TCGA-56-A4BY-01Z-00-DX1.DCA0D153-7DB7-44FB-A87A-20931D36856A,tcga_lung,LUSC,-0.23652279,-0.41558215
10,TCGA-21-5787-01Z-00-DX1.FEE037E3-B9B0-4C2E-97EF-D6E4F64E1DF9,tcga_lung,LUSC,-0.23427320,0.23514992
10,TCGA-77-7337-01Z-00-DX1.e15727e3-e9c8-44a0-87bb-caeaeb00840c,tcga_lung,LUSC,0.12828708,-0.40023854
10,TCGA-78-8660-01Z-00-DX1.11E923ED-C01B-439D-8796-08C9E3DC2D93,tcga_lung,LUAD,0.24148047,0.38898692
10,TCGA-66-2791-01Z-00-DX1.7ae2b6ab-5284-4772-bc1e-fd608f70e583,tcga_lung,LUSC,0.00481403,-0.15645254
10,TCGA-O2-A5IB-01Z-00-DX1.E34D0FEC-A9D3-4F7F-9977-C61FED37D2DE,tcga_lung,LUSC,0.15614349,0.32973303
10,TCGA-56-A4ZJ-01Z-00-DX1.6BB25D9D-75E7-4B44-8560-8A3C3EC9F118,tcga_lung,LUSC,-0.08097804,0.04035456
10,TCGA-43-A56U-01Z-00-DX1.B60C921A-4EE4-4CAE-9E55-311C7D2DA9E4,tcga_lung,LUSC,-0.31351566,-0.77713826
10,TCGA-56-5898-01Z-00-DX1.d539fc8b-ae31-4820-8c2e-5cf587958eb3,tcga_lung,LUSC,0.08376598,0.17706325
10,TCGA-51-4081-01Z-00-DX1.5971d87d-5181-4c7a-91ea-2dfad1bc5fca,tcga_lung,LUSC,-0.32028875,-0.97124382
10,TCGA-56-7223-01Z-00-DX1.dd01c478-6dfa-4757-85fd-d956d70ec372,tcga_lung,LUSC,-0.37404948,-0.77542076
10,TCGA-85-8287-01Z-00-DX1.3bd80053-5eb1-40f0-bdbd-9d4944c04328,tcga_lung,LUSC,-0.13247991,-0.69210879
10,TCGA-21-5784-01Z-00-DX1.E50E7F4B-BE37-4171-94A7-E824CFF4B3BB,tcga_lung,LUSC,-0.15807259,-0.36389597
10,TCGA-85-8071-01Z-00-DX1.876f6b0b-f615-43b2-8923-ee21f94568b7,tcga_lung,LUSC,-0.37066656,-1.10415303
10,TCGA-69-7974-01Z-00-DX1.e4282067-fc3d-4fee-bae7-fe99000979d4,tcga_lung,LUAD,0.06185436,0.60414889
10,TCGA-55-7816-01Z-00-DX1.A58C6196-E1A0-48B3-9B77-2EDCD7A43CBA,tcga_lung,LUAD,0.21332645,0.86069085
10,TCGA-55-8620-01Z-00-DX1.6591EEC4-D696-4826-80BD-99BE1D99EBB8,tcga_lung,LUAD,-0.05011201,0.11998488
10,TCGA-97-A4M5-01Z-00-DX1.283AFBA6-A349-425F-A18E-5CA186084C23,tcga_lung,LUAD,0.19223857,0.64517945
10,TCGA-05-4395-01Z-00-DX1.20205276-ca16-46b2-914a-fe5e576a5cf9,tcga_lung,LUAD,0.05279517,0.65809095
10,TCGA-50-6591-01Z-00-DX1.12e1050b-75e9-4059-b945-291995b3e93c,tcga_lung,LUAD,0.10366517,0.20380005
10,TCGA-49-4514-01Z-00-DX1.9c304807-2a0c-44f7-97cc-fbd30f2c740f,tcga_lung,LUAD,0.24723744,0.25246964
10,TCGA-49-4514-01Z-00-DX2.f1565a36-257d-432e-a84d-47c1d7a0185f,tcga_lung,LUAD,0.24519652,-0.10073457
10,TCGA-49-4514-01Z-00-DX4.79e9e14e-72ea-4e9f-9719-d1a791cf0b43,tcga_lung,LUAD,0.25454855,0.29333023
10,TCGA-49-4514-01Z-00-DX3.3b247c08-3069-4100-9df4-734895adb954,tcga_lung,LUAD,0.26880330,0.02164450
10,TCGA-55-7283-01Z-00-DX1.0f716216-0a46-404e-a4d4-5bb6d7e3f0d1,tcga_lung,LUAD,0.19931519,0.69309075
10,TCGA-69-8254-01Z-00-DX1.83a81d08-8c70-4f07-b4da-cbd17c4fe4d4,tcga_lung,LUAD,0.23652083,0.54399524
10,TCGA-97-8175-01Z-00-DX1.f7148cec-5e4b-46ac-b167-d41b36eb3ee5,tcga_lung,LUAD,0.09126770,0.50707078
10,TCGA-46-6025-01Z-00-DX1.05600f09-0b48-448c-b305-cb881970fc52,tcga_lung,LUSC,-0.25888169,-0.31285322
10,TCGA-37-4132-01Z-00-DX1.5e5a564d-6561-48e7-a3a2-81a523392d8b,tcga_lung,LUSC,0.07009900,0.12877923
10,TCGA-46-3769-01Z-00-DX1.97260244-fe08-42da-b5db-80da7f7d8766,tcga_lung,LUSC,-0.17278510,0.24771238
10,TCGA-85-8353-01Z-00-DX1.2A333CFA-3D8A-41B2-9D08-8AAF431BFE54,tcga_lung,LUSC,-0.22180271,-0.55680614
10,TCGA-56-8201-01Z-00-DX1.883903fb-d70d-4c72-be76-6788b1bc3b35,tcga_lung,LUSC,-0.19369724,-0.07816571
10,TCGA-33-4586-01Z-00-DX2.a9798fe4-8db9-41d7-8d00-eb2a9eef1bc0,tcga_lung,LUSC,-0.25762618,-0.59892396
10,TCGA-33-4586-01Z-00-DX1.3b7dbb34-4bb4-4de5-a67f-1b6260fd8f15,tcga_lung,LUSC,-0.23401827,-0.38492510
10,TCGA-85-8479-01Z-00-DX1.28fef288-9691-47dd-ad51-b2dc0cd84832,tcga_lung,LUSC,-0.38824961,-1.35776984
10,TCGA-22-5483-01Z-00-DX1.79EF4B70-4703-4FF1-81CA-20014A932437,tcga_lung,LUSC,-0.13044298,-0.33829076
10,TCGA-68-8250-01Z-00-DX1.a8669a85-9262-4c37-b61c-ca7019a3677c,tcga_lung,LUSC,-0.01738763,-0.14373641
10,TCGA-44-6776-01Z-00-DX1.551e200f-5f40-4b95-8b2f-7c6000a21be0,tcga_lung,LUAD,0.31066048,1.06952649
10,TCGA-86-8358-01Z-00-DX1.C50100F8-9414-4A06-BEDF-93E7B01B24D6,tcga_lung,LUAD,0.13360989,0.16552843
10,TCGA-55-8092-01Z-00-DX1.04e44341-c4bb-4b0b-965c-7ec83f3877a6,tcga_lung,LUAD,0.06443250,0.85774353
10,TCGA-78-7159-01Z-00-DX1.399d865f-f4f9-4602-b15b-908be0afe459,tcga_lung,LUAD,0.25028682,0.27864448
10,TCGA-62-A46U-01Z-00-DX1.5129535F-8B6A-4647-8A88-3EE125642874,tcga_lung,LUAD,0.21787906,0.57996973
10,TCGA-05-4397-01Z-00-DX1.00e9cdb3-b50e-439c-86b0-d7b73b802c0d,tcga_lung,LUAD,-0.08309844,0.16244387
10,TCGA-05-4433-01Z-00-DX1.5843D3CC-CB24-4A0A-BB65-78A5DAA11D84,tcga_lung,LUAD,0.23549497,1.19687270
10,TCGA-69-7980-01Z-00-DX1.8bbf8cc0-eca7-49e5-a022-c22e3e6ed6dc,tcga_lung,LUAD,0.14332646,0.43955777
10,TCGA-78-7152-01Z-00-DX1.a04f9d84-3304-402c-9c0c-f64545c14781,tcga_lung,LUAD,0.26538092,0.43461775
10,TCGA-86-8073-01Z-00-DX1.33c016fc-5c9e-4ad6-8de2-a7f8521d205c,tcga_lung,LUAD,0.14453268,0.49153536
10,TCGA-49-AARE-01Z-00-DX1.3559B3A9-6699-472F-B731-1BD9F93EE82A,tcga_lung,LUAD,0.18204749,0.42392181
10,TCGA-86-6562-01Z-00-DX1.5dea3015-e606-4837-9f99-ac14f0aa091b,tcga_lung,LUAD,0.27361661,0.55594119
10,TCGA-55-6985-01Z-00-DX1.428ad69e-c0ea-445e-8d38-fa2dab6eb81f,tcga_lung,LUAD,0.12583852,0.86457767
10,TCGA-64-5774-01Z-00-DX1.5E3B95EB-BF45-4687-BCF7-AA2A41AA806C,tcga_lung,LUAD,-0.01315534,0.48422498
10,TCGA-69-7764-01Z-00-DX1.be9fec48-68eb-4c27-a028-5315d7e368e0,tcga_lung,LUAD,0.22586119,0.90002284
10,TCGA-55-8512-01Z-00-DX1.FD4B9CF5-1955-420E-A955-6D284772D2BE,tcga_lung,LUAD,0.34141403,0.42170525
10,TCGA-44-7670-01Z-00-DX1.2a981dd6-0063-438e-b20e-b180b16e2b23,tcga_lung,LUAD,0.16463095,0.66929055
10,TCGA-97-8177-01Z-00-DX1.4c2ddf48-40d3-4fa0-8b5f-0485e8270ac7,tcga_lung,LUAD,0.19649291,0.97285077
10,TCGA-05-4402-01Z-00-DX1.c653ddc2-88c1-45ac-88e7-4e512b8e8d53,tcga_lung,LUAD,0.14767331,1.01281867
10,TCGA-38-4630-01Z-00-DX1.d08d0193-c5ed-4db8-b236-1a4c3c3177b8,tcga_lung,LUAD,-0.24582085,-0.23801749
10,TCGA-55-8091-01Z-00-DX1.0996c58a-6e93-4092-8cb8-014d548fe60c,tcga_lung,LUAD,0.13063133,0.40814115
10,TCGA-73-4670-01Z-00-DX1.a92a23d5-01aa-45a2-9f83-4784cd65fd58,tcga_lung,LUAD,0.15252429,-0.15183129
10,TCGA-64-5779-01Z-00-DX1.B3268447-DCE0-4927-B5A9-EC4D61E9B17D,tcga_lung,LUAD,-0.19012988,-0.12705519
10,TCGA-44-6144-01Z-00-DX1.604b3c7c-92e8-474a-bae8-e48415ea6196,tcga_lung,LUAD,0.10986668,0.85952916
10,TCGA-50-5931-01Z-00-DX1.34261ED6-7815-487C-A50C-2DAD587187B9,tcga_lung,LUAD,-0.19177723,0.13208760
10,TCGA-55-8096-01Z-00-DX1.c833417d-10c1-4430-a241-d6f5496e1cd9,tcga_lung,LUAD,0.07592106,1.03820205
10,TCGA-50-6594-01Z-00-DX1.43b2005a-4245-4025-ad85-4a957f308a5c,tcga_lung,LUAD,0.12918019,0.37375704
10,TCGA-44-2666-01Z-00-DX1.f81a89cf-6033-47ea-9a43-290a5d6a28c1,tcga_lung,LUAD,0.22348696,1.15527064
10,TCGA-69-7763-01Z-00-DX1.33203e8a-43e9-4e3e-98ba-1ac08b80a44f,tcga_lung,LUAD,0.27924597,0.34132123
10,TCGA-55-A492-01Z-00-DX1.31B23842-7F8B-4311-88DF-C51CB4F54AED,tcga_lung,LUAD,0.26025033,0.61803005
10,TCGA-49-AAR0-01Z-00-DX1.1635383C-0FB3-4CF9-BABC-08AC19CCE501,tcga_lung,LUAD,0.16537040,0.77300921
10,TCGA-55-8506-01Z-00-DX1.A908E3D2-91F7-4DE2-98C9-95D1038B9F49,tcga_lung,LUAD,0.05861628,0.23292165
10,TCGA-44-7672-01Z-00-DX1.71f4a0c6-a9cc-481c-ace8-c8c314952aa1,tcga_lung,LUAD,0.03897238,0.12984637
10,TCGA-55-6971-01Z-00-DX1.6c790768-8252-466a-95e1-97d2086a8132,tcga_lung,LUAD,0.18953371,0.08833609
