row,order,fold,t,CIL_ACC,WP,MaskedACC_table1,MaskedACC_oracle,Forgetting,BWT,storage_bytes
FINALB,reverse,1,1,0.9333333373,0.9333333373,0.9333333373,0.9333333373,,,2115604
FINALB,reverse,1,2,0.9535087645,0.9868420959,0.9868420959,0.9868420959,,,2125856
FINALB,reverse,1,3,0.9323618015,0.9589699904,0.9589699904,0.9589699904,,,2136108
FINALB,reverse,1,4,0.9175792187,0.9429116994,0.9402235299,0.9429116994,0.0115544200,-0.0115544200,2146360
FINALB,reverse,2,1,0.9333333373,0.9333333373,0.9333333373,0.9333333373,,,2115604
FINALB,reverse,2,2,0.9604938328,0.9604938328,0.9604938328,0.9604938328,,,2125856
FINALB,reverse,2,3,0.9443794688,0.9484946926,0.9443794688,0.9484946926,,,2136108
FINALB,reverse,2,4,0.9310916215,0.9508447051,0.9477582872,0.9508447051,0.0304526687,-0.0304526687,2146360
FINALB,reverse,3,1,0.9333333373,0.9333333373,0.9333333373,0.9333333373,,,2115604
FINALB,reverse,3,2,0.9271929860,0.9271929860,0.9271929860,0.9271929860,,,2125856
FINALB,reverse,3,3,0.9389619827,0.9424342116,0.9424342116,0.9424342116,,,2136108
FINALB,reverse,3,4,0.9451434165,0.9477475882,0.9477475882,0.9477475882,-0.0034722288,0.0256944497,2146360
FINALB,reverse,4,1,1.0000000000,1.0000000000,1.0000000000,1.0000000000,,,2115604
FINALB,reverse,4,2,0.9615384638,0.9615384638,0.9615384638,0.9615384638,,,2125856
FINALB,reverse,4,3,0.9588106871,0.9659028848,0.9659028848,0.9659028848,,,2136108
FINALB,reverse,4,4,0.9100993276,0.9493280500,0.9493280500,0.9493280500,0.0459401608,-0.0331196586,2146360
FINALB,reverse,5,1,1.0000000000,1.0000000000,1.0000000000,1.0000000000,,,2115604
FINALB,reverse,5,2,0.9932432473,0.9932432473,0.9932432473,0.9932432473,,,2125856
FINALB,reverse,5,3,0.9671267072,0.9706728061,0.9706728061,0.9706728061,,,2136108
FINALB,reverse,5,4,0.9536820799,0.9623796046,0.9649837762,0.9623796046,0.0080506007,-0.0080506007,2146360
FINALB,reverse,6,1,0.9375000000,0.9375000000,0.9375000000,0.9375000000,,,2115604
FINALB,reverse,6,2,0.9310064912,0.9622564912,0.9622564912,0.9622564912,,,2125856
FINALB,reverse,6,3,0.9369975328,0.9578308662,0.9578308662,0.9578308662,,,2136108
FINALB,reverse,6,4,0.9410946220,0.9595605284,0.9567196220,0.9595605284,0.0174319744,-0.0174319744,2146360
FINALB,reverse,7,1,0.9333333373,0.9333333373,0.9333333373,0.9333333373,,,2115604
FINALB,reverse,7,2,0.9466666579,0.9466666579,0.9466666579,0.9466666579,,,2125856
FINALB,reverse,7,3,0.9090277751,0.9356944362,0.9356944362,0.9356944362,,,2136108
FINALB,reverse,7,4,0.8952147812,0.9344587624,0.9318814427,0.9344587624,0.0523610910,-0.0523610910,2146360
FINALB,reverse,8,1,0.8666666746,0.8666666746,0.8666666746,0.8666666746,,,2115604
FINALB,reverse,8,2,0.9337719381,0.9337719381,0.9337719381,0.9337719381,,,2125856
FINALB,reverse,8,3,0.9167397618,0.9167397618,0.9389619827,0.9167397618,,,2136108
FINALB,reverse,8,4,0.9026085883,0.9166507423,0.9166507423,0.9166507423,0.0043859680,0.0178362528,2146360
FINALB,reverse,9,1,1.0000000000,1.0000000000,1.0000000000,1.0000000000,,,2115604
FINALB,reverse,9,2,0.9753086567,0.9814814925,0.9814814925,0.9814814925,,,2125856
FINALB,reverse,9,3,0.9423868259,0.9423868259,0.9423868259,0.9423868259,,,2136108
FINALB,reverse,9,4,0.8907884806,0.9216561615,0.9164135158,0.9216561615,0.0413927833,-0.0413927833,2146360
FINALB,reverse,10,1,0.9285714030,0.9285714030,0.9285714030,0.9285714030,,,2115604
FINALB,reverse,10,2,0.9932432473,0.9932432473,0.9932432473,0.9932432473,,,2125856
FINALB,reverse,10,3,0.9313929280,0.9588654637,0.9552024603,0.9588654637,,,2136108
FINALB,reverse,10,4,0.9262614250,0.9496435970,0.9290391952,0.9496435970,0.0164835254,0.0073260069,2146360
FINALB,paper,1,1,0.8947368264,0.8947368264,0.8947368264,0.8947368264,,,2115604
FINALB,paper,1,2,0.8881154656,0.8988681436,0.8934918046,0.8988681436,,,2125856
FINALB,paper,1,3,0.9132805069,0.9168647329,0.9168647329,0.9168647329,,,2136108
FINALB,paper,1,4,0.9175792187,0.9429116994,0.9402235299,0.9429116994,0.0114789804,-0.0008017421,2146360
FINALB,paper,2,1,0.9368420839,0.9368420839,0.9368420839,0.9368420839,,,2115604
FINALB,paper,2,2,0.9421052635,0.9473684132,0.9473684132,0.9473684132,,,2125856
FINALB,paper,2,3,0.9490578373,0.9566818277,0.9490578373,0.9566818277,,,2136108
FINALB,paper,2,4,0.9310916215,0.9508447051,0.9477582872,0.9508447051,-0.0035087665,0.0105263193,2146360
FINALB,paper,3,1,0.9532710314,0.9532710314,0.9532710314,0.9532710314,,,2115604
FINALB,paper,3,2,0.9448500574,0.9500584006,0.9500584006,0.9500584006,,,2125856
FINALB,paper,3,3,0.9330884218,0.9365606507,0.9365606507,0.9365606507,,,2136108
FINALB,paper,3,4,0.9451434165,0.9477475882,0.9477475882,0.9477475882,0.0131749709,-0.0069444378,2146360
FINALB,paper,4,1,0.8839285970,0.8839285970,0.8839285970,0.8839285970,,,2115604
FINALB,paper,4,2,0.8994111121,0.9153685570,0.9100494087,0.9153685570,,,2125856
FINALB,paper,4,3,0.9206592838,0.9348436793,0.9348436793,0.9348436793,,,2136108
FINALB,paper,4,4,0.9100993276,0.9493280500,0.9493280500,0.9493280500,0.0059523781,0.0059523781,2146360
FINALB,paper,5,1,0.9166666865,0.9166666865,0.9166666865,0.9166666865,,,2115604
FINALB,paper,5,2,0.9420434535,0.9526817501,0.9473626018,0.9526817501,,,2125856
FINALB,paper,5,3,0.9347705444,0.9463672439,0.9428211451,0.9463672439,,,2136108
FINALB,paper,5,4,0.9536820799,0.9623796046,0.9649837762,0.9623796046,0.0141105254,-0.0036938588,2146360
FINALB,paper,6,1,0.9659090638,0.9659090638,0.9659090638,0.9659090638,,,2115604
FINALB,paper,6,2,0.9568645656,0.9625463784,0.9625463784,0.9625463784,,,2125856
FINALB,paper,6,3,0.9669140379,0.9707019130,0.9669140379,0.9707019130,,,2136108
FINALB,paper,6,4,0.9410946220,0.9595605284,0.9567196220,0.9595605284,0.0075757504,-0.0075757504,2146360
FINALB,paper,7,1,0.8969072104,0.8969072104,0.8969072104,0.8969072104,,,2115604
FINALB,paper,7,2,0.9171499014,0.9223045409,0.9171499014,0.9223045409,,,2125856
FINALB,paper,7,3,0.9235523939,0.9348696868,0.9348696868,0.9348696868,,,2136108
FINALB,paper,7,4,0.8952147812,0.9344587624,0.9318814427,0.9344587624,0.0000357827,0.0034006437,2146360
FINALB,paper,8,1,0.9139785171,0.9139785171,0.9139785171,0.9139785171,,,2115604
FINALB,paper,8,2,0.8780241907,0.8995295465,0.8995295465,0.8995295465,,,2125856
FINALB,paper,8,3,0.8923670053,0.9110898773,0.9110898773,0.9110898773,,,2136108
FINALB,paper,8,4,0.9026085883,0.9166507423,0.9166507423,0.9166507423,0.0179211497,-0.0179211497,2146360
FINALB,paper,9,1,0.8804348111,0.8804348111,0.8804348111,0.8804348111,,,2115604
FINALB,paper,9,2,0.8640755117,0.8897123635,0.8792270422,0.8897123635,,,2125856
FINALB,paper,9,3,0.8777021368,0.8991647561,0.8921745420,0.8991647561,,,2136108
FINALB,paper,9,4,0.8907884806,0.9216561615,0.9164135158,0.9216561615,0.0101213455,-0.0101213455,2146360
FINALB,paper,10,1,0.8777777553,0.8777777553,0.8777777553,0.8777777553,,,2115604
FINALB,paper,10,2,0.8950549364,0.9005494416,0.8950549364,0.9005494416,,,2125856
FINALB,paper,10,3,0.9218284289,0.9254914323,0.9254914323,0.9254914323,,,2136108
FINALB,paper,10,4,0.9262614250,0.9496435970,0.9290391952,0.9496435970,0.0000406901,0.0073667169,2146360
FINALB_K32,reverse,1,1,0.9333333373,0.9333333373,0.9333333373,0.9333333373,,,2115604
FINALB_K32,reverse,1,2,0.9535087645,0.9868420959,0.9868420959,0.9868420959,,,2125856
FINALB_K32,reverse,1,3,0.9323618015,0.9589699904,0.9589699904,0.9589699904,,,2136108
FINALB_K32,reverse,1,4,0.9175792187,0.9429116994,0.9375353605,0.9429116994,0.0115544200,-0.0115544200,2146360
FINALB_K32,reverse,2,1,0.9333333373,0.9333333373,0.9333333373,0.9333333373,,,2115604
FINALB_K32,reverse,2,2,0.9543209970,0.9543209970,0.9543209970,0.9543209970,,,2125856
FINALB_K32,reverse,2,3,0.9408707023,0.9449859262,0.9408707023,0.9449859262,,,2136108
FINALB_K32,reverse,2,4,0.9310916215,0.9508447051,0.9477582872,0.9508447051,0.0228286783,-0.0228286783,2146360
FINALB_K32,reverse,3,1,0.9333333373,0.9333333373,0.9333333373,0.9333333373,,,2115604
FINALB_K32,reverse,3,2,0.9539473653,0.9539473653,0.9539473653,0.9539473653,,,2125856
FINALB_K32,reverse,3,3,0.9433479508,0.9468201796,0.9468201796,0.9468201796,,,2136108
FINALB_K32,reverse,3,4,0.9375986457,0.9402028024,0.9402028024,0.9402028024,0.0078581770,0.0231359800,2146360
FINALB_K32,reverse,4,1,1.0000000000,1.0000000000,1.0000000000,1.0000000000,,,2115604
FINALB_K32,reverse,4,2,0.9743589759,0.9743589759,0.9743589759,0.9743589759,,,2125856
FINALB_K32,reverse,4,3,0.9630842010,0.9701763988,0.9701763988,0.9701763988,,,2136108
FINALB_K32,reverse,4,4,0.9078671783,0.9470959008,0.9470959008,0.9470959008,0.0502136747,-0.0416666667,2146360
FINALB_K32,reverse,5,1,1.0000000000,1.0000000000,1.0000000000,1.0000000000,,,2115604
FINALB_K32,reverse,5,2,0.9932432473,0.9932432473,0.9932432473,0.9932432473,,,2125856
FINALB_K32,reverse,5,3,0.9777650038,0.9813111027,0.9813111027,0.9813111027,,,2136108
FINALB_K32,reverse,5,4,0.9590012282,0.9676987529,0.9676433504,0.9676987529,0.0115966996,-0.0115966996,2146360
FINALB_K32,reverse,6,1,0.9375000000,0.9375000000,0.9375000000,0.9375000000,,,2115604
FINALB_K32,reverse,6,2,0.9310064912,0.9622564912,0.9622564912,0.9622564912,,,2125856
FINALB_K32,reverse,6,3,0.9369975328,0.9578308662,0.9578308662,0.9578308662,,,2136108
FINALB_K32,reverse,6,4,0.9382537156,0.9567196220,0.9538787156,0.9567196220,0.0174319744,-0.0174319744,2146360
FINALB_K32,reverse,7,1,0.9333333373,0.9333333373,0.9333333373,0.9333333373,,,2115604
FINALB_K32,reverse,7,2,0.9399999976,0.9399999976,0.9399999976,0.9399999976,,,2125856
FINALB_K32,reverse,7,3,0.9055555662,0.9322222273,0.9322222273,0.9322222273,,,2136108
FINALB_K32,reverse,7,4,0.8841494918,0.9233934730,0.9233934730,0.9233934730,0.0488888820,-0.0488888820,2146360
FINALB_K32,reverse,8,1,0.9333333373,0.9333333373,0.9333333373,0.9333333373,,,2115604
FINALB_K32,reverse,8,2,0.9271929860,0.9271929860,0.9271929860,0.9271929860,,,2125856
FINALB_K32,reverse,8,3,0.9211257299,0.9211257299,0.9433479508,0.9211257299,,,2136108
FINALB_K32,reverse,8,4,0.9086065739,0.9226487428,0.9226487428,0.9226487428,-0.0143640439,0.0187500119,2146360
FINALB_K32,reverse,9,1,1.0000000000,1.0000000000,1.0000000000,1.0000000000,,,2115604
FINALB_K32,reverse,9,2,0.9753086567,0.9814814925,0.9814814925,0.9814814925,,,2125856
FINALB_K32,reverse,9,3,0.9498690764,0.9498690764,0.9498690764,0.9498690764,,,2136108
FINALB_K32,reverse,9,4,0.8964001536,0.9272678494,0.9220252037,0.9272678494,0.0372775594,-0.0372775594,2146360
FINALB_K32,reverse,10,1,0.9285714030,0.9285714030,0.9285714030,0.9285714030,,,2115604
FINALB_K32,reverse,10,2,0.9932432473,0.9932432473,0.9932432473,0.9932432473,,,2125856
FINALB_K32,reverse,10,3,0.9387189349,0.9661914706,0.9625284672,0.9661914706,,,2136108
FINALB_K32,reverse,10,4,0.9207363874,0.9441185743,0.9207363874,0.9441185743,0.0274725358,-0.0036630034,2146360
FINALB_K32,paper,1,1,0.9052631855,0.9052631855,0.9052631855,0.9052631855,,,2115604
FINALB_K32,paper,1,2,0.8936049640,0.9043576717,0.8989813030,0.9043576717,,,2125856
FINALB_K32,paper,1,3,0.9204489787,0.9240332047,0.9240332047,0.9240332047,,,2136108
FINALB_K32,paper,1,4,0.9175792187,0.9429116994,0.9375353605,0.9429116994,0.0186474522,-0.0114789804,2146360
FINALB_K32,paper,2,1,0.9368420839,0.9368420839,0.9368420839,0.9368420839,,,2115604
FINALB_K32,paper,2,2,0.9473684132,0.9526315928,0.9526315928,0.9526315928,,,2125856
FINALB_K32,paper,2,3,0.9490578373,0.9566818476,0.9490578373,0.9566818476,,,2136108
FINALB_K32,paper,2,4,0.9310916215,0.9508447051,0.9477582872,0.9508447051,0.0000000000,0.0070175529,2146360
FINALB_K32,paper,3,1,0.9252336621,0.9252336621,0.9252336621,0.9252336621,,,2115604
FINALB_K32,paper,3,2,0.9412480593,0.9464563727,0.9464563727,0.9464563727,,,2125856
FINALB_K32,paper,3,3,0.9199134509,0.9233856599,0.9233856599,0.9233856599,,,2136108
FINALB_K32,paper,3,4,0.9375986457,0.9402028024,0.9402028024,0.9402028024,0.0239485900,-0.0146028002,2146360
FINALB_K32,paper,4,1,0.8839285970,0.8839285970,0.8839285970,0.8839285970,,,2115604
FINALB_K32,paper,4,2,0.9083396792,0.9242971241,0.9189779758,0.9242971241,,,2125856
FINALB_K32,paper,4,3,0.9255026778,0.9396870732,0.9396870732,0.9396870732,,,2136108
FINALB_K32,paper,4,4,0.9078671783,0.9470959008,0.9470959008,0.9470959008,0.0102258722,-0.0012973150,2146360
FINALB_K32,paper,5,1,0.9166666865,0.9166666865,0.9166666865,0.9166666865,,,2115604
FINALB_K32,paper,5,2,0.9421542585,0.9527925551,0.9474734068,0.9527925551,,,2125856
FINALB_K32,paper,5,3,0.9418627421,0.9534594417,0.9499133428,0.9534594417,,,2136108
FINALB_K32,paper,5,4,0.9590012282,0.9676987529,0.9676433504,0.9676987529,0.0070921977,-0.0001477599,2146360
FINALB_K32,paper,6,1,0.9886363745,0.9886363745,0.9886363745,0.9886363745,,,2115604
FINALB_K32,paper,6,2,0.9511827528,0.9568645656,0.9568645656,0.9568645656,,,2125856
FINALB_K32,paper,6,3,0.9593382875,0.9631261627,0.9593382875,0.9631261627,,,2136108
FINALB_K32,paper,6,4,0.9382537156,0.9567196220,0.9538787156,0.9567196220,0.0189393957,-0.0189393957,2146360
FINALB_K32,paper,7,1,0.9072164893,0.9072164893,0.9072164893,0.9072164893,,,2115604
FINALB_K32,paper,7,2,0.9119952619,0.9171499014,0.9171499014,0.9171499014,,,2125856
FINALB_K32,paper,7,3,0.9156357447,0.9269530376,0.9269530376,0.9269530376,,,2136108
FINALB_K32,paper,7,4,0.8841494918,0.9233934730,0.9233934730,0.9233934730,0.0103450616,-0.0103450616,2146360
FINALB_K32,paper,8,1,0.9247311950,0.9247311950,0.9247311950,0.9247311950,,,2115604
FINALB_K32,paper,8,2,0.8778561950,0.8939852118,0.8993615508,0.8939852118,,,2125856
FINALB_K32,paper,8,3,0.8853105704,0.9040334423,0.9040334423,0.9040334423,,,2136108
FINALB_K32,paper,8,4,0.9086065739,0.9226487428,0.9226487428,0.9226487428,0.0392025113,-0.0392025113,2146360
FINALB_K32,paper,9,1,0.8804348111,0.8804348111,0.8804348111,0.8804348111,,,2115604
FINALB_K32,paper,9,2,0.8749451041,0.9005819261,0.8900966346,0.9005819261,,,2125856
FINALB_K32,paper,9,3,0.8888075352,0.9102701942,0.9032799999,0.9102701942,,,2136108
FINALB_K32,paper,9,4,0.8964001536,0.9272678494,0.9220252037,0.9272678494,0.0103775263,-0.0067543387,2146360
FINALB_K32,paper,10,1,0.8888888955,0.8888888955,0.8888888955,0.8888888955,,,2115604
FINALB_K32,paper,10,2,0.8895604312,0.8950549364,0.8895604312,0.8950549364,,,2125856
FINALB_K32,paper,10,3,0.9218284289,0.9254914323,0.9218284289,0.9254914323,,,2136108
FINALB_K32,paper,10,4,0.9207363874,0.9441185743,0.9207363874,0.9441185743,0.0074074070,-0.0000407100,2146360
FINALB_K64,reverse,1,1,0.9333333373,0.9333333373,0.9333333373,0.9333333373,,,2115604
FINALB_K64,reverse,1,2,0.9535087645,0.9868420959,0.9868420959,0.9868420959,,,2125856
FINALB_K64,reverse,1,3,0.9287775755,0.9553857644,0.9553857644,0.9553857644,,,2136108
FINALB_K64,reverse,1,4,0.9149476439,0.9402801245,0.9375919551,0.9402801245,0.0079701940,-0.0079701940,2146360
FINALB_K64,reverse,2,1,0.9333333373,0.9333333373,0.9333333373,0.9333333373,,,2115604
FINALB_K64,reverse,2,2,0.9604938328,0.9604938328,0.9604938328,0.9604938328,,,2125856
FINALB_K64,reverse,2,3,0.9443794688,0.9484946926,0.9443794688,0.9484946926,,,2136108
FINALB_K64,reverse,2,4,0.9284600466,0.9482131302,0.9451267123,0.9482131302,0.0304526687,-0.0304526687,2146360
FINALB_K64,reverse,3,1,0.9333333373,0.9333333373,0.9333333373,0.9333333373,,,2115604
FINALB_K64,reverse,3,2,0.9671052694,0.9671052694,0.9671052694,0.9671052694,,,2125856
FINALB_K64,reverse,3,3,0.9398757418,0.9433479508,0.9433479508,0.9433479508,,,2136108
FINALB_K64,reverse,3,4,0.9484328926,0.9510370642,0.9510370642,0.9510370642,-0.0069444378,0.0291666587,2146360
FINALB_K64,reverse,4,1,1.0000000000,1.0000000000,1.0000000000,1.0000000000,,,2115604
FINALB_K64,reverse,4,2,0.9615384638,0.9615384638,0.9615384638,0.9615384638,,,2125856
FINALB_K64,reverse,4,3,0.9630842010,0.9701763988,0.9701763988,0.9701763988,,,2136108
FINALB_K64,reverse,4,4,0.9078671783,0.9470959008,0.9470959008,0.9470959008,0.0502136747,-0.0331196586,2146360
FINALB_K64,reverse,5,1,1.0000000000,1.0000000000,1.0000000000,1.0000000000,,,2115604
FINALB_K64,reverse,5,2,0.9932432473,0.9932432473,0.9932432473,0.9932432473,,,2125856
FINALB_K64,reverse,5,3,0.9742189050,0.9777650038,0.9777650038,0.9777650038,,,2136108
FINALB_K64,reverse,5,4,0.9536820799,0.9623796046,0.9623242021,0.9623796046,0.0151427984,-0.0151427984,2146360
FINALB_K64,reverse,6,1,0.9375000000,0.9375000000,0.9375000000,0.9375000000,,,2115604
FINALB_K64,reverse,6,2,0.9310064912,0.9622564912,0.9622564912,0.9622564912,,,2125856
FINALB_K64,reverse,6,3,0.9403988918,0.9612322251,0.9612322251,0.9612322251,,,2136108
FINALB_K64,reverse,6,4,0.9385436028,0.9570095092,0.9541686028,0.9570095092,0.0242346923,-0.0242346923,2146360
FINALB_K64,reverse,7,1,0.9333333373,0.9333333373,0.9333333373,0.9333333373,,,2115604
FINALB_K64,reverse,7,2,0.9399999976,0.9399999976,0.9399999976,0.9399999976,,,2125856
FINALB_K64,reverse,7,3,0.9090277751,0.9356944362,0.9356944362,0.9356944362,,,2136108
FINALB_K64,reverse,7,4,0.8978189379,0.9370629191,0.9344855994,0.9370629191,0.0444444418,-0.0444444418,2146360
FINALB_K64,reverse,8,1,0.8666666746,0.8666666746,0.8666666746,0.8666666746,,,2115604
FINALB_K64,reverse,8,2,0.9337719381,0.9337719381,0.9337719381,0.9337719381,,,2125856
FINALB_K64,reverse,8,3,0.9167397618,0.9167397618,0.9389619827,0.9167397618,,,2136108
FINALB_K64,reverse,8,4,0.8999204189,0.9139625728,0.9139625728,0.9139625728,0.0043859680,0.0178362528,2146360
FINALB_K64,reverse,9,1,1.0000000000,1.0000000000,1.0000000000,1.0000000000,,,2115604
FINALB_K64,reverse,9,2,0.9753086567,0.9814814925,0.9814814925,0.9814814925,,,2125856
FINALB_K64,reverse,9,3,0.9465020696,0.9465020696,0.9465020696,0.9465020696,,,2136108
FINALB_K64,reverse,9,4,0.8884401321,0.9193078130,0.9140651673,0.9193078130,0.0372775396,-0.0372775396,2146360
FINALB_K64,reverse,10,1,0.9285714030,0.9285714030,0.9285714030,0.9285714030,,,2115604
FINALB_K64,reverse,10,2,0.9932432473,0.9932432473,0.9932432473,0.9932432473,,,2125856
FINALB_K64,reverse,10,3,0.9313929280,0.9588654637,0.9552024603,0.9588654637,,,2136108
FINALB_K64,reverse,10,4,0.9207058698,0.9440880418,0.9413407892,0.9440880418,0.0164835254,0.0073260069,2146360
FINALB_K64,paper,1,1,0.8842105269,0.8842105269,0.8842105269,0.8842105269,,,2115604
FINALB_K64,paper,1,2,0.8882286251,0.8989813030,0.8936049640,0.8989813030,,,2125856
FINALB_K64,paper,1,3,0.9167892734,0.9203734994,0.9203734994,0.9203734994,,,2136108
FINALB_K64,paper,1,4,0.9149476439,0.9402801245,0.9375919551,0.9402801245,0.0114789605,-0.0043859680,2146360
FINALB_K64,paper,2,1,0.9473684430,0.9473684430,0.9473684430,0.9473684430,,,2115604
FINALB_K64,paper,2,2,0.9315789342,0.9368420839,0.9368420839,0.9368420839,,,2125856
FINALB_K64,paper,2,3,0.9490578373,0.9566818277,0.9490578373,0.9566818277,,,2136108
FINALB_K64,paper,2,4,0.9284600466,0.9482131302,0.9451267123,0.9482131302,0.0000000000,0.0035087665,2146360
FINALB_K64,paper,3,1,0.9252336621,0.9252336621,0.9252336621,0.9252336621,,,2115604
FINALB_K64,paper,3,2,0.9349688590,0.9401771724,0.9401771724,0.9401771724,,,2125856
FINALB_K64,paper,3,3,0.9343591134,0.9378313422,0.9378313422,0.9378313422,,,2136108
FINALB_K64,paper,3,4,0.9484328926,0.9510370642,0.9510370642,0.9510370642,0.0065874855,0.0058735609,2146360
FINALB_K64,paper,4,1,0.8839285970,0.8839285970,0.8839285970,0.8839285970,,,2115604
FINALB_K64,paper,4,2,0.9128039479,0.9287613928,0.9234422445,0.9287613928,,,2125856
FINALB_K64,paper,4,3,0.9206592838,0.9348436793,0.9348436793,0.9348436793,,,2136108
FINALB_K64,paper,4,4,0.9078671783,0.9470959008,0.9470959008,0.9470959008,0.0089285771,0.0029761791,2146360
FINALB_K64,paper,5,1,0.9375000000,0.9375000000,0.9375000000,0.9375000000,,,2115604
FINALB_K64,paper,5,2,0.9367243052,0.9473626018,0.9420434535,0.9473626018,,,2125856
FINALB_K64,paper,5,3,0.9347705444,0.9463672439,0.9428211451,0.9463672439,,,2136108
FINALB_K64,paper,5,4,0.9536820799,0.9623796046,0.9623242021,0.9623796046,0.0105644266,-0.0070921977,2146360
FINALB_K64,paper,6,1,0.9886363745,0.9886363745,0.9886363745,0.9886363745,,,2115604
FINALB_K64,paper,6,2,0.9562847912,0.9619666040,0.9619666040,0.9619666040,,,2125856
FINALB_K64,paper,6,3,0.9631261627,0.9669140379,0.9631261627,0.9669140379,,,2136108
FINALB_K64,paper,6,4,0.9385436028,0.9570095092,0.9541686028,0.9570095092,0.0219542384,-0.0219542384,2146360
FINALB_K64,paper,7,1,0.9072164893,0.9072164893,0.9072164893,0.9072164893,,,2115604
FINALB_K64,paper,7,2,0.9119952619,0.9171499014,0.9119952619,0.9171499014,,,2125856
FINALB_K64,paper,7,3,0.9225443800,0.9338616729,0.9338616729,0.9338616729,,,2136108
FINALB_K64,paper,7,4,0.8978189379,0.9370629191,0.9344855994,0.9370629191,-0.0078808665,0.0078808665,2146360
FINALB_K64,paper,8,1,0.9139785171,0.9139785171,0.9139785171,0.9139785171,,,2115604
FINALB_K64,paper,8,2,0.8780241907,0.8941532075,0.8995295465,0.8941532075,,,2125856
FINALB_K64,paper,8,3,0.8923670053,0.9110898773,0.9110898773,0.9110898773,,,2136108
FINALB_K64,paper,8,4,0.8999204189,0.9139625728,0.9139625728,0.9139625728,0.0215053757,-0.0215053757,2146360
FINALB_K64,paper,9,1,0.8586956263,0.8586956263,0.8586956263,0.8586956263,,,2115604
FINALB_K64,paper,9,2,0.8481554687,0.8737922609,0.8633069694,0.8737922609,,,2125856
FINALB_K64,paper,9,3,0.8818173607,0.9032799999,0.8962897857,0.9032799999,,,2136108
FINALB_K64,paper,9,4,0.8884401321,0.9193078130,0.9140651673,0.9193078130,0.0067543189,-0.0067543189,2146360
FINALB_K64,paper,10,1,0.8888888955,0.8888888955,0.8888888955,0.8888888955,,,2115604
FINALB_K64,paper,10,2,0.8840048909,0.8894993961,0.8840048909,0.8894993961,,,2125856
FINALB_K64,paper,10,3,0.9217877189,0.9254507224,0.9217877189,0.9254507224,,,2136108
FINALB_K64,paper,10,4,0.9207058698,0.9440880418,0.9413407892,0.9440880418,0.0074074070,-0.0000814001,2146360
FINALB_K128,reverse,1,1,0.9333333373,0.9333333373,0.9333333373,0.9333333373,,,2115604
FINALB_K128,reverse,1,2,0.9535087645,0.9868420959,0.9868420959,0.9868420959,,,2125856
FINALB_K128,reverse,1,3,0.9287775755,0.9553857644,0.9553857644,0.9553857644,,,2136108
FINALB_K128,reverse,1,4,0.9096278995,0.9349603802,0.9322722107,0.9349603802,0.0115544200,-0.0115544200,2146360
FINALB_K128,reverse,2,1,0.9333333373,0.9333333373,0.9333333373,0.9333333373,,,2115604
FINALB_K128,reverse,2,2,0.9604938328,0.9604938328,0.9604938328,0.9604938328,,,2125856
FINALB_K128,reverse,2,3,0.9484946926,0.9526099165,0.9484946926,0.9526099165,,,2136108
FINALB_K128,reverse,2,4,0.9310916364,0.9508447200,0.9477583021,0.9508447200,0.0269438823,-0.0269438823,2146360
FINALB_K128,reverse,3,1,1.0000000000,1.0000000000,1.0000000000,1.0000000000,,,2115604
FINALB_K128,reverse,3,2,0.9671052694,0.9671052694,0.9671052694,0.9671052694,,,2125856
FINALB_K128,reverse,3,3,0.9468201796,0.9502924085,0.9502924085,0.9502924085,,,2136108
FINALB_K128,reverse,3,4,0.9484328926,0.9510370642,0.9510370642,0.9510370642,0.0000000000,0.0000000000,2146360
FINALB_K128,reverse,4,1,1.0000000000,1.0000000000,1.0000000000,1.0000000000,,,2115604
FINALB_K128,reverse,4,2,0.9551281929,0.9551281929,0.9551281929,0.9551281929,,,2125856
FINALB_K128,reverse,4,3,0.9580832918,0.9651754896,0.9651754896,0.9651754896,,,2136108
FINALB_K128,reverse,4,4,0.9046620429,0.9438907653,0.9438907653,0.9438907653,0.0494862795,-0.0366657575,2146360
FINALB_K128,reverse,5,1,1.0000000000,1.0000000000,1.0000000000,1.0000000000,,,2115604
FINALB_K128,reverse,5,2,0.9932432473,0.9932432473,0.9932432473,0.9932432473,,,2125856
FINALB_K128,reverse,5,3,0.9635806084,0.9671267072,0.9671267072,0.9671267072,,,2136108
FINALB_K128,reverse,5,4,0.9536820799,0.9623796046,0.9649837762,0.9623796046,0.0045045018,-0.0045045018,2146360
FINALB_K128,reverse,6,1,0.9375000000,0.9375000000,0.9375000000,0.9375000000,,,2115604
FINALB_K128,reverse,6,2,0.9310064912,0.9622564912,0.9622564912,0.9622564912,,,2125856
FINALB_K128,reverse,6,3,0.9369975328,0.9578308662,0.9578308662,0.9578308662,,,2136108
FINALB_K128,reverse,6,4,0.9378478676,0.9563137740,0.9534728676,0.9563137740,0.0217609803,-0.0217609803,2146360
FINALB_K128,reverse,7,1,0.9333333373,0.9333333373,0.9333333373,0.9333333373,,,2115604
FINALB_K128,reverse,7,2,0.9466666579,0.9466666579,0.9466666579,0.9466666579,,,2125856
FINALB_K128,reverse,7,3,0.9100000064,0.9366666675,0.9366666675,0.9366666675,,,2136108
FINALB_K128,reverse,7,4,0.8952147812,0.9344587624,0.9344587624,0.9344587624,0.0488888820,-0.0488888820,2146360
FINALB_K128,reverse,8,1,0.9333333373,0.9333333373,0.9333333373,0.9333333373,,,2115604
FINALB_K128,reverse,8,2,0.8938596547,0.8938596547,0.8938596547,0.8938596547,,,2125856
FINALB_K128,reverse,8,3,0.9167397618,0.9167397618,0.9389619827,0.9167397618,,,2136108
FINALB_K128,reverse,8,4,0.9245675951,0.9386097640,0.9386097640,0.9386097640,-0.0256944497,0.0256944497,2146360
FINALB_K128,reverse,9,1,1.0000000000,1.0000000000,1.0000000000,1.0000000000,,,2115604
FINALB_K128,reverse,9,2,0.9753086567,0.9814814925,0.9814814925,0.9814814925,,,2125856
FINALB_K128,reverse,9,3,0.9472502867,0.9472502867,0.9472502867,0.9472502867,,,2136108
FINALB_K128,reverse,9,4,0.8909806162,0.9218483120,0.9166056514,0.9218483120,0.0455080072,-0.0413927833,2146360
FINALB_K128,reverse,10,1,0.9285714030,0.9285714030,0.9285714030,0.9285714030,,,2115604
FINALB_K128,reverse,10,2,0.9864864945,0.9864864945,0.9864864945,0.9864864945,,,2125856
FINALB_K128,reverse,10,3,0.9313929280,0.9588654637,0.9552024603,0.9588654637,,,2136108
FINALB_K128,reverse,10,4,0.9096252769,0.9330074638,0.9302602112,0.9330074638,0.0201465289,0.0081675053,2146360
FINALB_K128,paper,1,1,0.8947368264,0.8947368264,0.8947368264,0.8947368264,,,2115604
FINALB_K128,paper,1,2,0.8828522861,0.8936049640,0.8882286251,0.8936049640,,,2125856
FINALB_K128,paper,1,3,0.9167138139,0.9202980399,0.9202980399,0.9202980399,,,2136108
FINALB_K128,paper,1,4,0.9096278995,0.9349603802,0.9322722107,0.9349603802,0.0149877270,-0.0114035010,2146360
FINALB_K128,paper,2,1,0.9368420839,0.9368420839,0.9368420839,0.9368420839,,,2115604
FINALB_K128,paper,2,2,0.9368421137,0.9421052635,0.9421052635,0.9421052635,,,2125856
FINALB_K128,paper,2,3,0.9525666038,0.9601906141,0.9560753902,0.9601906141,,,2136108
FINALB_K128,paper,2,4,0.9310916364,0.9508447200,0.9477583021,0.9508447200,-0.0000000199,0.0105263392,2146360
FINALB_K128,paper,3,1,0.9345794320,0.9345794320,0.9345794320,0.9345794320,,,2115604
FINALB_K128,paper,3,2,0.9250876307,0.9302959740,0.9302959740,0.9302959740,,,2125856
FINALB_K128,paper,3,3,0.9281286001,0.9316008290,0.9316008290,0.9316008290,,,2136108
FINALB_K128,paper,3,4,0.9484328926,0.9510370642,0.9510370642,0.9510370642,-0.0031152566,0.0062305331,2146360
FINALB_K128,paper,4,1,0.8750000000,0.8750000000,0.8750000000,0.8750000000,,,2115604
FINALB_K128,paper,4,2,0.9038753808,0.9198328257,0.9145136774,0.9198328257,,,2125856
FINALB_K128,paper,4,3,0.9110032916,0.9251876871,0.9251876871,0.9251876871,,,2136108
FINALB_K128,paper,4,4,0.9046620429,0.9438907653,0.9438907653,0.9438907653,0.0000000000,0.0059523781,2146360
FINALB_K128,paper,5,1,0.9375000000,0.9375000000,0.9375000000,0.9375000000,,,2115604
FINALB_K128,paper,5,2,0.9367243052,0.9473626018,0.9420434535,0.9473626018,,,2125856
FINALB_K128,paper,5,3,0.9347705444,0.9463672439,0.9463672439,0.9463672439,,,2136108
FINALB_K128,paper,5,4,0.9536820799,0.9623796046,0.9649837762,0.9623796046,0.0105644266,-0.0070921977,2146360
FINALB_K128,paper,6,1,0.9772727489,0.9772727489,0.9772727489,0.9772727489,,,2115604
FINALB_K128,paper,6,2,0.9568645656,0.9625463784,0.9625463784,0.9625463784,,,2125856
FINALB_K128,paper,6,3,0.9625850320,0.9663729072,0.9625850320,0.9663729072,,,2136108
FINALB_K128,paper,6,4,0.9378478676,0.9563137740,0.9534728676,0.9563137740,0.0113636454,-0.0113636454,2146360
FINALB_K128,paper,7,1,0.9175257683,0.9175257683,0.9175257683,0.9175257683,,,2115604
FINALB_K128,paper,7,2,0.9170962274,0.9222508669,0.9170962274,0.9222508669,,,2125856
FINALB_K128,paper,7,3,0.9338616729,0.9451789657,0.9451789657,0.9451789657,,,2136108
FINALB_K128,paper,7,4,0.8952147812,0.9344587624,0.9344587624,0.9344587624,0.0069086353,0.0000000000,2146360
FINALB_K128,paper,8,1,0.9139785171,0.9139785171,0.9139785171,0.9139785171,,,2115604
FINALB_K128,paper,8,2,0.8780241907,0.8995295465,0.8995295465,0.8995295465,,,2125856
FINALB_K128,paper,8,3,0.8994234602,0.9181463520,0.9181463520,0.9181463520,,,2136108
FINALB_K128,paper,8,4,0.9245675951,0.9386097640,0.9386097640,0.9386097640,0.0143369238,-0.0108646949,2146360
FINALB_K128,paper,9,1,0.8586956263,0.8586956263,0.8586956263,0.8586956263,,,2115604
FINALB_K128,paper,9,2,0.8586407304,0.8842775524,0.8737922609,0.8842775524,,,2125856
FINALB_K128,paper,9,3,0.8743351301,0.8957977494,0.8888075352,0.8957977494,,,2136108
FINALB_K128,paper,9,4,0.8909806162,0.9218483120,0.9166056514,0.9218483120,0.0026187698,-0.0026187698,2146360
FINALB_K128,paper,10,1,0.8555555344,0.8555555344,0.8555555344,0.8555555344,,,2115604
FINALB_K128,paper,10,2,0.8728937805,0.8783882856,0.8728937805,0.8783882856,,,2125856
FINALB_K128,paper,10,3,0.9107173085,0.9143803120,0.9107173085,0.9143803120,,,2136108
FINALB_K128,paper,10,4,0.9096252769,0.9330074638,0.9302602112,0.9330074638,0.0111111204,-0.0037444035,2146360
FINALB_K256,reverse,1,1,0.8666666746,0.8666666746,0.8666666746,0.8666666746,,,2115604
FINALB_K256,reverse,1,2,0.9535087645,0.9868420959,0.9868420959,0.9868420959,,,2125856
FINALB_K256,reverse,1,3,0.9323618015,0.9589699904,0.9589699904,0.9589699904,,,2136108
FINALB_K256,reverse,1,4,0.9096278995,0.9349603802,0.9322722107,0.9349603802,0.0151386460,0.0070835749,2146360
FINALB_K256,reverse,2,1,0.9333333373,0.9333333373,0.9333333373,0.9333333373,,,2115604
FINALB_K256,reverse,2,2,0.9481481612,0.9481481612,0.9481481612,0.9481481612,,,2125856
FINALB_K256,reverse,2,3,0.9484946926,0.9526099165,0.9484946926,0.9526099165,,,2136108
FINALB_K256,reverse,2,4,0.9289148748,0.9455815405,0.9455815405,0.9455815405,0.0222222209,-0.0181069970,2146360
FINALB_K256,reverse,3,1,1.0000000000,1.0000000000,1.0000000000,1.0000000000,,,2115604
FINALB_K256,reverse,3,2,0.9671052694,0.9671052694,0.9671052694,0.9671052694,,,2125856
FINALB_K256,reverse,3,3,0.9433479508,0.9468201796,0.9468201796,0.9468201796,,,2136108
FINALB_K256,reverse,3,4,0.9484328926,0.9510370642,0.9510370642,0.9510370642,-0.0034722288,0.0034722288,2146360
FINALB_K256,reverse,4,1,1.0000000000,1.0000000000,1.0000000000,1.0000000000,,,2115604
FINALB_K256,reverse,4,2,0.9487179518,0.9487179518,0.9487179518,0.9487179518,,,2125856
FINALB_K256,reverse,4,3,0.9538097779,0.9609019756,0.9609019756,0.9609019756,,,2136108
FINALB_K256,reverse,4,4,0.8957334757,0.9349621981,0.9349621981,0.9349621981,0.0452127655,-0.0323922634,2146360
FINALB_K256,reverse,5,1,1.0000000000,1.0000000000,1.0000000000,1.0000000000,,,2115604
FINALB_K256,reverse,5,2,0.9932432473,0.9932432473,0.9932432473,0.9932432473,,,2125856
FINALB_K256,reverse,5,3,0.9635806084,0.9671267072,0.9671267072,0.9671267072,,,2136108
FINALB_K256,reverse,5,4,0.9536820799,0.9623796046,0.9649837762,0.9623796046,0.0045045018,-0.0045045018,2146360
FINALB_K256,reverse,6,1,0.9375000000,0.9375000000,0.9375000000,0.9375000000,,,2115604
FINALB_K256,reverse,6,2,0.9310064912,0.9622564912,0.9622564912,0.9622564912,,,2125856
FINALB_K256,reverse,6,3,0.9326685270,0.9535018603,0.9535018603,0.9535018603,,,2136108
FINALB_K256,reverse,6,4,0.9381377548,0.9566036612,0.9537627548,0.9566036612,0.0251623392,-0.0251623392,2146360
FINALB_K256,reverse,7,1,0.9333333373,0.9333333373,0.9333333373,0.9333333373,,,2115604
FINALB_K256,reverse,7,2,0.9466666579,0.9466666579,0.9466666579,0.9466666579,,,2125856
FINALB_K256,reverse,7,3,0.9065277775,0.9331944386,0.9331944386,0.9331944386,,,2136108
FINALB_K256,reverse,7,4,0.9003694206,0.9396134019,0.9396134019,0.9396134019,0.0454166532,-0.0454166532,2146360
FINALB_K256,reverse,8,1,0.8666666746,0.8666666746,0.8666666746,0.8666666746,,,2115604
FINALB_K256,reverse,8,2,0.9004386067,0.9004386067,0.9004386067,0.9004386067,,,2125856
FINALB_K256,reverse,8,3,0.9211257299,0.9211257299,0.9433479508,0.9211257299,,,2136108
FINALB_K256,reverse,8,4,0.9305452406,0.9445874095,0.9445874095,0.9445874095,-0.0256944497,0.0479166706,2146360
FINALB_K256,reverse,9,1,1.0000000000,1.0000000000,1.0000000000,1.0000000000,,,2115604
FINALB_K256,reverse,9,2,0.9753086567,0.9814814925,0.9814814925,0.9814814925,,,2125856
FINALB_K256,reverse,9,3,0.9405162732,0.9405162732,0.9405162732,0.9405162732,,,2136108
FINALB_K256,reverse,9,4,0.8936980069,0.9245657027,0.9193230569,0.9245657027,0.0387739937,-0.0346587698,2146360
FINALB_K256,reverse,10,1,0.9285714030,0.9285714030,0.9285714030,0.9285714030,,,2115604
FINALB_K256,reverse,10,2,0.9864864945,0.9864864945,0.9864864945,0.9864864945,,,2125856
FINALB_K256,reverse,10,3,0.9350559314,0.9625284672,0.9588654637,0.9625284672,,,2136108
FINALB_K256,reverse,10,4,0.9096252769,0.9330074638,0.9302602112,0.9330074638,0.0238095323,0.0045045018,2146360
FINALB_K256,paper,1,1,0.8947368264,0.8947368264,0.8947368264,0.8947368264,,,2115604
FINALB_K256,paper,1,2,0.8829654753,0.8937181532,0.8937181532,0.8937181532,,,2125856
FINALB_K256,paper,1,3,0.9132050474,0.9167892734,0.9167892734,0.9167892734,,,2136108
FINALB_K256,paper,1,4,0.9096278995,0.9349603802,0.9322722107,0.9349603802,0.0149877270,-0.0149877270,2146360
FINALB_K256,paper,2,1,0.9157894850,0.9157894850,0.9157894850,0.9157894850,,,2115604
FINALB_K256,paper,2,2,0.9421052635,0.9473684430,0.9473684430,0.9473684430,,,2125856
FINALB_K256,paper,2,3,0.9496642947,0.9531730612,0.9531730612,0.9531730612,,,2136108
FINALB_K256,paper,2,4,0.9289148748,0.9455815405,0.9455815405,0.9455815405,0.0035087864,0.0070175330,2146360
FINALB_K256,paper,3,1,0.9158878326,0.9158878326,0.9158878326,0.9158878326,,,2115604
FINALB_K256,paper,3,2,0.9349688590,0.9401771724,0.9401771724,0.9401771724,,,2125856
FINALB_K256,paper,3,3,0.9281286001,0.9316008290,0.9316008290,0.9316008290,,,2136108
FINALB_K256,paper,3,4,0.9484328926,0.9510370642,0.9510370642,0.9510370642,0.0034722288,0.0089888374,2146360
FINALB_K256,paper,4,1,0.8750000000,0.8750000000,0.8750000000,0.8750000000,,,2115604
FINALB_K256,paper,4,2,0.8851633668,0.9011208117,0.9011208117,0.9011208117,,,2125856
FINALB_K256,paper,4,3,0.9020747145,0.9162591100,0.9162591100,0.9162591100,,,2136108
FINALB_K256,paper,4,4,0.8957334757,0.9349621981,0.9349621981,0.9349621981,0.0024062792,-0.0024062792,2146360
FINALB_K256,paper,5,1,0.9270833135,0.9270833135,0.9270833135,0.9270833135,,,2115604
FINALB_K256,paper,5,2,0.9261968136,0.9368351102,0.9315159619,0.9368351102,,,2125856
FINALB_K256,paper,5,3,0.9277522365,0.9393489361,0.9393489361,0.9393489361,,,2136108
FINALB_K256,paper,5,4,0.9536820799,0.9623796046,0.9649837762,0.9623796046,0.0035460989,-0.0000738700,2146360
FINALB_K256,paper,6,1,0.9659090638,0.9659090638,0.9659090638,0.9659090638,,,2115604
FINALB_K256,paper,6,2,0.9517625272,0.9574443400,0.9574443400,0.9574443400,,,2125856
FINALB_K256,paper,6,3,0.9591836731,0.9629715482,0.9591836731,0.9629715482,,,2136108
FINALB_K256,paper,6,4,0.9381377548,0.9566036612,0.9537627548,0.9566036612,0.0037878752,-0.0037878752,2146360
FINALB_K256,paper,7,1,0.9175257683,0.9175257683,0.9175257683,0.9175257683,,,2115604
FINALB_K256,paper,7,2,0.9325601459,0.9377147853,0.9325601459,0.9377147853,,,2125856
FINALB_K256,paper,7,3,0.9407345255,0.9520518184,0.9520518184,0.9520518184,,,2136108
FINALB_K256,paper,7,4,0.9003694206,0.9396134019,0.9396134019,0.9396134019,0.0069086353,0.0068728526,2146360
FINALB_K256,paper,8,1,0.9032257795,0.9032257795,0.9032257795,0.9032257795,,,2115604
FINALB_K256,paper,8,2,0.8780241907,0.8995295465,0.8995295465,0.8995295465,,,2125856
FINALB_K256,paper,8,3,0.9002252022,0.9189480742,0.9189480742,0.9189480742,,,2136108
FINALB_K256,paper,8,4,0.9305452406,0.9445874095,0.9445874095,0.9445874095,0.0071684519,-0.0036962231,2146360
FINALB_K256,paper,9,1,0.9021739364,0.9021739364,0.9021739364,0.9021739364,,,2115604
FINALB_K256,paper,9,2,0.8535902500,0.8741765320,0.8636912405,0.8741765320,,,2125856
FINALB_K256,paper,9,3,0.8779583176,0.8994209369,0.8924307426,0.8994209369,,,2136108
FINALB_K256,paper,9,4,0.8936980069,0.9245657027,0.9193230569,0.9245657027,0.0101213654,-0.0101213654,2146360
FINALB_K256,paper,10,1,0.8444444537,0.8444444537,0.8444444537,0.8444444537,,,2115604
FINALB_K256,paper,10,2,0.8728937805,0.8783882856,0.8728937805,0.8783882856,,,2125856
FINALB_K256,paper,10,3,0.9062128067,0.9098758101,0.9062128067,0.9098758101,,,2136108
FINALB_K256,paper,10,4,0.9096252769,0.9330074638,0.9302602112,0.9330074638,0.0066066186,0.0044637918,2146360
ZS8,reverse,1,1,0.9333333373,0.9333333373,0.9333333373,0.9333333373,,,0
ZS8,reverse,1,2,0.9403508902,0.9403508902,0.9403508902,0.9403508902,,,0
ZS8,reverse,1,3,0.8591586550,0.8993020256,0.8993020256,0.8993020256,,,0
ZS8,reverse,1,4,0.7977645844,0.8876344115,0.8876344115,0.8876344115,0.0738351146,-0.0738351146,0
ZS8,reverse,2,1,0.9333333373,0.9333333373,0.9333333373,0.9333333373,,,0
ZS8,reverse,2,2,0.9419753253,0.9419753253,0.9419753253,0.9419753253,,,0
ZS8,reverse,2,3,0.9039636056,0.9227203925,0.9227203925,0.9227203925,,,0
ZS8,reverse,2,4,0.8279727101,0.9157245010,0.9157245010,0.9157245010,0.0748971303,-0.0748971303,0
ZS8,reverse,3,1,0.9333333373,0.9333333373,0.9333333373,0.9333333373,,,0
ZS8,reverse,3,2,0.9403508902,0.9469298124,0.9469298124,0.9469298124,,,0
ZS8,reverse,3,3,0.8951754371,0.9134502808,0.9134502808,0.9134502808,,,0
ZS8,reverse,3,4,0.8506650627,0.9166638404,0.9166638404,0.9166638404,0.0444444418,-0.0400584936,0
ZS8,reverse,4,1,1.0000000000,1.0000000000,1.0000000000,1.0000000000,,,0
ZS8,reverse,4,2,0.9551281929,0.9551281929,0.9551281929,0.9551281929,,,0
ZS8,reverse,4,3,0.8783301512,0.9102450411,0.9102450411,0.9102450411,,,0
ZS8,reverse,4,4,0.8296496421,0.8947373480,0.8947373480,0.8947373480,0.0667734941,-0.0667734941,0
ZS8,reverse,5,1,1.0000000000,1.0000000000,1.0000000000,1.0000000000,,,0
ZS8,reverse,5,2,0.9864864945,0.9864864945,0.9864864945,0.9864864945,,,0
ZS8,reverse,5,3,0.9120311936,0.9413456122,0.9413456122,0.9413456122,,,0
ZS8,reverse,5,4,0.8485513180,0.9273633808,0.9273633808,0.9273633808,0.0702127616,-0.0702127616,0
ZS8,reverse,6,1,0.8750000000,0.8750000000,0.8750000000,0.8750000000,,,0
ZS8,reverse,6,2,0.8997564912,0.8997564912,0.8997564912,0.8997564912,,,0
ZS8,reverse,6,3,0.8613172571,0.8855519493,0.8855519493,0.8855519493,,,0
ZS8,reverse,6,4,0.8491129428,0.8968286216,0.8968286216,0.8968286216,0.0625000000,-0.0625000000,0
ZS8,reverse,7,1,1.0000000000,1.0000000000,1.0000000000,1.0000000000,,,0
ZS8,reverse,7,2,0.9133333266,0.9533333480,0.9533333480,0.9533333480,,,0
ZS8,reverse,7,3,0.8762499889,0.9098611275,0.9098611275,0.9098611275,,,0
ZS8,reverse,7,4,0.8519147336,0.9092536569,0.9092536569,0.9092536569,0.0374999841,-0.0374999841,0
ZS8,reverse,8,1,0.9333333373,0.9333333373,0.9333333373,0.9333333373,,,0
ZS8,reverse,8,2,0.8807017505,0.9140350819,0.9140350819,0.9140350819,,,0
ZS8,reverse,8,3,0.8535818656,0.8836622834,0.8836622834,0.8836622834,,,0
ZS8,reverse,8,4,0.7537112683,0.8751123101,0.8751123101,0.8751123101,0.1189693014,-0.1189693014,0
ZS8,reverse,9,1,1.0000000000,1.0000000000,1.0000000000,1.0000000000,,,0
ZS8,reverse,9,2,0.9753086567,0.9753086567,0.9753086567,0.9753086567,,,0
ZS8,reverse,9,3,0.9094650348,0.9128320416,0.9128320416,0.9128320416,,,0
ZS8,reverse,9,4,0.8432012498,0.9099753648,0.9099753648,0.9099753648,0.0714285771,-0.0714285771,0
ZS8,reverse,10,1,1.0000000000,1.0000000000,1.0000000000,1.0000000000,,,0
ZS8,reverse,10,2,0.9797297418,0.9864864945,0.9864864945,0.9864864945,,,0
ZS8,reverse,10,3,0.8739233613,0.9185724258,0.9185724258,0.9185724258,,,0
ZS8,reverse,10,4,0.8169809878,0.9110904932,0.9110904932,0.9110904932,0.0795961022,-0.0795961022,0
ZS8,paper,1,1,0.8315789700,0.8315789700,0.8315789700,0.8315789700,,,0
ZS8,paper,1,2,0.7867572308,0.8243916333,0.8243916333,0.8243916333,,,0
ZS8,paper,1,3,0.8297679822,0.8653839032,0.8653839032,0.8653839032,,,0
ZS8,paper,1,4,0.7977645844,0.8876344115,0.8876344115,0.8876344115,0.0210526387,-0.0210526387,0
ZS8,paper,2,1,0.8947368264,0.8947368264,0.8947368264,0.8947368264,,,0
ZS8,paper,2,2,0.8631578684,0.8842105269,0.8842105269,0.8842105269,,,0
ZS8,paper,2,3,0.8805718025,0.9098548889,0.9098548889,0.9098548889,,,0
ZS8,paper,2,4,0.8279727101,0.9157245010,0.9157245010,0.9157245010,0.0385964910,-0.0350877047,0
ZS8,paper,3,1,0.9158878326,0.9158878326,0.9158878326,0.9158878326,,,0
ZS8,paper,3,2,0.8501752317,0.8798189163,0.8798189163,0.8798189163,,,0
ZS8,paper,3,3,0.8772561550,0.9111073414,0.9111073414,0.9111073414,,,0
ZS8,paper,3,4,0.8506650627,0.9166638404,0.9166638404,0.9166638404,0.0287512938,-0.0287512938,0
ZS8,paper,4,1,0.8482142687,0.8482142687,0.8482142687,0.8482142687,,,0
ZS8,paper,4,2,0.8141147494,0.8602773547,0.8602773547,0.8602773547,,,0
ZS8,paper,4,3,0.8448646665,0.8799132307,0.8799132307,0.8799132307,,,0
ZS8,paper,4,4,0.8296496421,0.8947373480,0.8947373480,0.8947373480,0.0124746561,-0.0124746561,0
ZS8,paper,5,1,0.9062500000,0.9062500000,0.9062500000,0.9062500000,,,0
ZS8,paper,5,2,0.8314494789,0.8629211187,0.8629211187,0.8629211187,,,0
ZS8,paper,5,3,0.8716056546,0.8996050755,0.8996050755,0.8996050755,,,0
ZS8,paper,5,4,0.8485513180,0.9273633808,0.9273633808,0.9273633808,0.0347222288,-0.0347222288,0
ZS8,paper,6,1,0.9204545617,0.9204545617,0.9204545617,0.9204545617,,,0
ZS8,paper,6,2,0.8723330200,0.8939007521,0.8939007521,0.8939007521,,,0
ZS8,paper,6,3,0.9105596741,0.9249381622,0.9249381622,0.9249381622,,,0
ZS8,paper,6,4,0.8491129428,0.8968286216,0.8968286216,0.8968286216,0.0151515206,-0.0151515206,0
ZS8,paper,7,1,0.8865979314,0.8865979314,0.8865979314,0.8865979314,,,0
ZS8,paper,7,2,0.8496563435,0.8651739657,0.8651739657,0.8651739657,,,0
ZS8,paper,7,3,0.8607789079,0.8790048758,0.8790048758,0.8790048758,,,0
ZS8,paper,7,4,0.8519147336,0.9092536569,0.9092536569,0.9092536569,0.0240907669,-0.0240907669,0
ZS8,paper,8,1,0.8494623899,0.8494623899,0.8494623899,0.8494623899,,,0
ZS8,paper,8,2,0.8040994704,0.8361895382,0.8361895382,0.8361895382,,,0
ZS8,paper,8,3,0.8263417284,0.8557053010,0.8557053010,0.8557053010,,,0
ZS8,paper,8,4,0.7537112683,0.8751123101,0.8751123101,0.8751123101,0.0428987543,-0.0428987543,0
ZS8,paper,9,1,0.8913043737,0.8913043737,0.8913043737,0.8913043737,,,0
ZS8,paper,9,2,0.8236714900,0.8446420729,0.8446420729,0.8446420729,,,0
ZS8,paper,9,3,0.8623635769,0.8763439655,0.8763439655,0.8763439655,,,0
ZS8,paper,9,4,0.8432012498,0.9099753648,0.9099753648,0.9099753648,0.0108695825,-0.0108695825,0
ZS8,paper,10,1,0.8555555344,0.8555555344,0.8555555344,0.8555555344,,,0
ZS8,paper,10,2,0.7736874223,0.8178876638,0.8178876638,0.8178876638,,,0
ZS8,paper,10,3,0.8274032275,0.8777502775,0.8777502775,0.8777502775,,,0
ZS8,paper,10,4,0.8169809878,0.9110904932,0.9110904932,0.9110904932,0.0185185075,-0.0185185075,0
LIN8,reverse,1,1,0.8000000119,0.8000000119,0.8000000119,0.8000000119,,,1056780
LIN8,reverse,1,2,0.9070175588,0.9070175588,0.9070175588,0.9070175588,,,1060884
LIN8,reverse,1,3,0.8577249646,0.9021694064,0.9021694064,0.9021694064,,,1064988
LIN8,reverse,1,4,0.8243703991,0.9056239426,0.9056239426,0.9056239426,0.0977457166,-0.0755234957,1069092
LIN8,reverse,2,1,0.9333333373,0.9333333373,0.9333333373,0.9333333373,,,1056780
LIN8,reverse,2,2,0.9604938328,0.9604938328,0.9604938328,0.9604938328,,,1060884
LIN8,reverse,2,3,0.9449859262,0.9491011500,0.9491011500,0.9491011500,,,1064988
LIN8,reverse,2,4,0.9017219096,0.9407732338,0.9407732338,0.9407732338,0.0555771987,-0.0555771987,1069092
LIN8,reverse,3,1,0.9333333373,0.9333333373,0.9333333373,0.9333333373,,,1056780
LIN8,reverse,3,2,0.9736842215,0.9736842215,0.9736842215,0.9736842215,,,1060884
LIN8,reverse,3,3,0.9512061477,0.9512061477,0.9512061477,0.9512061477,,,1064988
LIN8,reverse,3,4,0.9009630233,0.9275109321,0.9275109321,0.9275109321,0.0583333373,-0.0361111164,1069092
LIN8,reverse,4,1,0.9375000000,0.9375000000,0.9375000000,0.9375000000,,,1056780
LIN8,reverse,4,2,0.9679487050,0.9743589759,0.9743589759,0.9743589759,,,1060884
LIN8,reverse,4,3,0.9502636790,0.9616293907,0.9616293907,0.9616293907,,,1064988
LIN8,reverse,4,4,0.8512087464,0.9222330153,0.9222330153,0.9222330153,0.1069853504,-0.0861520171,1069092
LIN8,reverse,5,1,1.0000000000,1.0000000000,1.0000000000,1.0000000000,,,1056780
LIN8,reverse,5,2,0.9932432473,0.9932432473,0.9932432473,0.9932432473,,,1060884
LIN8,reverse,5,3,0.9564884106,0.9635806084,0.9635806084,0.9635806084,,,1064988
LIN8,reverse,5,4,0.8552763313,0.9491371363,0.9491371363,0.9491371363,0.1182033022,-0.1182033022,1069092
LIN8,reverse,6,1,0.8750000000,0.8750000000,0.8750000000,0.8750000000,,,1056780
LIN8,reverse,6,2,0.9245129824,0.9870129824,0.9870129824,0.9870129824,,,1060884
LIN8,reverse,6,3,0.9016310970,0.9466991226,0.9466991226,0.9466991226,,,1064988
LIN8,reverse,6,4,0.8811746240,0.9519074559,0.9519074559,0.9519074559,0.0581709941,-0.0581709941,1069092
LIN8,reverse,7,1,0.9333333373,0.9333333373,0.9333333373,0.9333333373,,,1056780
LIN8,reverse,7,2,0.9399999976,0.9399999976,0.9399999976,0.9399999976,,,1060884
LIN8,reverse,7,3,0.9084722400,0.9306944609,0.9306944609,0.9306944609,,,1064988
LIN8,reverse,7,4,0.8232860863,0.9284407198,0.9284407198,0.9284407198,0.1456944545,-0.1368055542,1069092
LIN8,reverse,8,1,0.8666666746,0.8666666746,0.8666666746,0.8666666746,,,1056780
LIN8,reverse,8,2,0.9605263174,0.9671052694,0.9671052694,0.9671052694,,,1060884
LIN8,reverse,8,3,0.9245979587,0.9512061477,0.9512061477,0.9512061477,,,1064988
LIN8,reverse,8,4,0.8331697434,0.9165667444,0.9165667444,0.9165667444,0.1154970725,-0.0666666627,1069092
LIN8,reverse,9,1,1.0000000000,1.0000000000,1.0000000000,1.0000000000,,,1056780
LIN8,reverse,9,2,0.9753086567,0.9753086567,0.9753086567,0.9753086567,,,1060884
LIN8,reverse,9,3,0.9263000488,0.9263000488,0.9263000488,0.9263000488,,,1064988
LIN8,reverse,9,4,0.8352529854,0.9144494534,0.9144494534,0.9144494534,0.0952380896,-0.0952380896,1069092
LIN8,reverse,10,1,0.9285714030,0.9285714030,0.9285714030,0.9285714030,,,1056780
LIN8,reverse,10,2,0.9237451553,0.9237451553,0.9237451553,0.9237451553,,,1060884
LIN8,reverse,10,3,0.9170379043,0.9207009077,0.9207009077,0.9207009077,,,1064988
LIN8,reverse,10,4,0.8598273993,0.8865879625,0.8865879625,0.8865879625,0.0557865500,-0.0512820482,1069092
LIN8,paper,1,1,0.8736842275,0.8736842275,0.8736842275,0.8736842275,,,1056780
LIN8,paper,1,2,0.8668364584,0.8775891364,0.8775891364,0.8775891364,,,1060884
LIN8,paper,1,3,0.8734295368,0.8893699447,0.8893699447,0.8893699447,,,1064988
LIN8,paper,1,4,0.8243703991,0.9056239426,0.9056239426,0.9056239426,0.0035842458,-0.0000754793,1069092
LIN8,paper,2,1,0.9157894850,0.9157894850,0.9157894850,0.9157894850,,,1056780
LIN8,paper,2,2,0.9263158143,0.9315789640,0.9315789640,0.9315789640,,,1060884
LIN8,paper,2,3,0.9426467617,0.9502707521,0.9502707521,0.9502707521,,,1064988
LIN8,paper,2,4,0.9017219096,0.9407732338,0.9407732338,0.9407732338,0.0070175529,0.0035087665,1069092
LIN8,paper,3,1,0.9532710314,0.9532710314,0.9532710314,0.9532710314,,,1056780
LIN8,paper,3,2,0.8902355731,0.9146709740,0.9146709740,0.9146709740,,,1060884
LIN8,paper,3,3,0.9155103962,0.9286853870,0.9286853870,0.9286853870,,,1064988
LIN8,paper,3,4,0.9009630233,0.9275109321,0.9275109321,0.9275109321,0.0093457898,-0.0093457898,1069092
LIN8,paper,4,1,0.9196428657,0.9196428657,0.9196428657,0.9196428657,,,1056780
LIN8,paper,4,2,0.8932370842,0.9091945291,0.9091945291,0.9091945291,,,1060884
LIN8,paper,4,3,0.9087545276,0.9236663183,0.9236663183,0.9236663183,,,1064988
LIN8,paper,4,4,0.8512087464,0.9222330153,0.9222330153,0.9222330153,0.0148809552,-0.0148809552,1069092
LIN8,paper,5,1,0.9166666865,0.9166666865,0.9166666865,0.9166666865,,,1056780
LIN8,paper,5,2,0.8841977119,0.8999335170,0.8999335170,0.8999335170,,,1060884
LIN8,paper,5,3,0.9136417111,0.9321828485,0.9321828485,0.9321828485,,,1064988
LIN8,paper,5,4,0.8552763313,0.9491371363,0.9491371363,0.9491371363,0.0060599248,-0.0060599248,1069092
LIN8,paper,6,1,0.9772727489,0.9772727489,0.9772727489,0.9772727489,,,1056780
LIN8,paper,6,2,0.9256725311,0.9364563823,0.9364563823,0.9364563823,,,1060884
LIN8,paper,6,3,0.9414038261,0.9523809354,0.9523809354,0.9523809354,,,1064988
LIN8,paper,6,4,0.8811746240,0.9519074559,0.9519074559,0.9519074559,0.0108225147,-0.0074211558,1069092
LIN8,paper,7,1,0.9175257683,0.9175257683,0.9175257683,0.9175257683,,,1056780
LIN8,paper,7,2,0.9117805064,0.9117805064,0.9117805064,0.9117805064,,,1060884
LIN8,paper,7,3,0.9233734210,0.9233734210,0.9233734210,0.9233734210,,,1064988
LIN8,paper,7,4,0.8232860863,0.9284407198,0.9284407198,0.9284407198,0.0069086552,0.0034006238,1069092
LIN8,paper,8,1,0.9139785171,0.9139785171,0.9139785171,0.9139785171,,,1056780
LIN8,paper,8,2,0.8834005296,0.9047378898,0.9047378898,0.9047378898,,,1060884
LIN8,paper,8,3,0.8816143076,0.9073936542,0.9073936542,0.9073936542,,,1064988
LIN8,paper,8,4,0.8331697434,0.9165667444,0.9165667444,0.9165667444,0.0216173927,-0.0216173927,1069092
LIN8,paper,9,1,0.9347826242,0.9347826242,0.9347826242,0.9347826242,,,1056780
LIN8,paper,9,2,0.8547430933,0.8753294051,0.8753294051,0.8753294051,,,1060884
LIN8,paper,9,3,0.8787065347,0.8931789994,0.8931789994,0.8931789994,,,1064988
LIN8,paper,9,4,0.8352529854,0.9144494534,0.9144494534,0.9144494534,0.0248702765,-0.0215032697,1069092
LIN8,paper,10,1,0.8444444537,0.8444444537,0.8444444537,0.8444444537,,,1056780
LIN8,paper,10,2,0.8618437052,0.8728327155,0.8728327155,0.8728327155,,,1060884
LIN8,paper,10,3,0.8800272743,0.9000659982,0.9000659982,0.9000659982,,,1064988
LIN8,paper,10,4,0.8598273993,0.8865879625,0.8865879625,0.8865879625,-0.0045045018,0.0118711988,1069092
MAIN,reverse,1,1,0.9333333373,0.9333333373,0.9333333373,0.9333333373,,,1062956
MAIN,reverse,1,2,0.9135964811,0.9469298124,0.9469298124,0.9469298124,,,1073236
MAIN,reverse,1,3,0.9279758533,0.9323618015,0.9323618015,0.9323618015,,,1083516
MAIN,reverse,1,4,0.9116581827,0.9203239828,0.9203239828,0.9203239828,0.0115544001,-0.0115544001,1093796
MAIN,reverse,2,1,1.0000000000,1.0000000000,1.0000000000,1.0000000000,,,1062956
MAIN,reverse,2,2,0.9876543283,0.9876543283,0.9876543283,0.9876543283,,,1073236
MAIN,reverse,2,3,0.9666016897,0.9707169135,0.9707169135,0.9707169135,,,1083516
MAIN,reverse,2,4,0.9372319728,0.9569850564,0.9569850564,0.9569850564,0.0263374448,-0.0263374448,1093796
MAIN,reverse,3,1,1.0000000000,1.0000000000,1.0000000000,1.0000000000,,,1062956
MAIN,reverse,3,2,0.9671052694,0.9736842215,0.9736842215,0.9736842215,,,1073236
MAIN,reverse,3,3,0.9468201796,0.9546783765,0.9546783765,0.9546783765,,,1083516
MAIN,reverse,3,4,0.9414235502,0.9473171979,0.9473171979,0.9473171979,0.0000000000,0.0000000000,1093796
MAIN,reverse,4,1,1.0000000000,1.0000000000,1.0000000000,1.0000000000,,,1062956
MAIN,reverse,4,2,0.9743589759,0.9743589759,0.9743589759,0.9743589759,,,1073236
MAIN,reverse,4,3,0.9509910941,0.9580832918,0.9580832918,0.9580832918,,,1083516
MAIN,reverse,4,4,0.8913873136,0.9306160361,0.9306160361,0.9306160361,0.0452127655,-0.0452127655,1093796
MAIN,reverse,5,1,1.0000000000,1.0000000000,1.0000000000,1.0000000000,,,1062956
MAIN,reverse,5,2,0.9864864945,0.9864864945,0.9864864945,0.9864864945,,,1073236
MAIN,reverse,5,3,0.9697144032,0.9732605020,0.9732605020,0.9732605020,,,1083516
MAIN,reverse,5,4,0.9582824260,0.9643203765,0.9643203765,0.9643203765,0.0045045018,-0.0045045018,1093796
MAIN,reverse,6,1,0.8750000000,0.8750000000,0.8750000000,0.8750000000,,,1062956
MAIN,reverse,6,2,0.8867694736,0.9180194736,0.8867694736,0.9180194736,,,1073236
MAIN,reverse,6,3,0.9075061878,0.9283395211,0.9075061878,0.9283395211,,,1083516
MAIN,reverse,6,4,0.9164250940,0.9348910004,0.9348910004,0.9348910004,0.0208333333,-0.0208333333,1093796
MAIN,reverse,7,1,0.9333333373,0.9333333373,0.9333333373,0.9333333373,,,1062956
MAIN,reverse,7,2,0.9466666579,0.9466666579,0.9466666579,0.9466666579,,,1073236
MAIN,reverse,7,3,0.9134722153,0.9401388764,0.9356944362,0.9401388764,,,1083516
MAIN,reverse,7,4,0.8900869787,0.9293309599,0.9259976298,0.9293309599,0.0488888820,-0.0488888820,1093796
MAIN,reverse,8,1,0.8666666746,0.8666666746,0.8666666746,0.8666666746,,,1062956
MAIN,reverse,8,2,0.9201754332,0.9201754332,0.9201754332,0.9201754332,,,1073236
MAIN,reverse,8,3,0.9051169554,0.9051169554,0.9051169554,0.9051169554,,,1083516
MAIN,reverse,8,4,0.8771611452,0.8912033141,0.8912033141,0.8912033141,0.0043859680,-0.0043859680,1093796
MAIN,reverse,9,1,1.0000000000,1.0000000000,1.0000000000,1.0000000000,,,1062956
MAIN,reverse,9,2,0.9629629552,0.9691357911,0.9691357911,0.9691357911,,,1073236
MAIN,reverse,9,3,0.9423868259,0.9423868259,0.9423868259,0.9423868259,,,1083516
MAIN,reverse,9,4,0.8987485021,0.9323336035,0.9117590636,0.9323336035,0.0339105527,-0.0297953288,1093796
MAIN,reverse,10,1,1.0000000000,1.0000000000,1.0000000000,1.0000000000,,,1062956
MAIN,reverse,10,2,0.9864864945,0.9864864945,0.9864864945,0.9864864945,,,1073236
MAIN,reverse,10,3,0.9297099312,0.9616869688,0.9571824670,0.9616869688,,,1083516
MAIN,reverse,10,4,0.9056157768,0.9323763400,0.9289979637,0.9323763400,0.0283140341,-0.0283140341,1093796
MAIN,paper,1,1,0.8842105269,0.8842105269,0.8842105269,0.8842105269,,,1062956
MAIN,paper,1,2,0.8829654753,0.8937181532,0.8937181532,0.8937181532,,,1073236
MAIN,paper,1,3,0.9124033054,0.9159875313,0.9159875313,0.9159875313,,,1083516
MAIN,paper,1,4,0.9116581827,0.9203239828,0.9203239828,0.9203239828,0.0079701742,-0.0043859482,1093796
MAIN,paper,2,1,0.9157894850,0.9157894850,0.9157894850,0.9157894850,,,1062956
MAIN,paper,2,2,0.9210526347,0.9263157845,0.9263157845,0.9263157845,,,1073236
MAIN,paper,2,3,0.9350227515,0.9426467419,0.9426467419,0.9426467419,,,1083516
MAIN,paper,2,4,0.9372319728,0.9569850564,0.9569850564,0.9569850564,-0.0035087665,0.0035087665,1093796
MAIN,paper,3,1,0.9252336621,0.9252336621,0.9252336621,0.9252336621,,,1062956
MAIN,paper,3,2,0.9157418311,0.9209501743,0.9209501743,0.9209501743,,,1073236
MAIN,paper,3,3,0.9218980670,0.9297562639,0.9297562639,0.9297562639,,,1083516
MAIN,paper,3,4,0.9414235502,0.9473171979,0.9473171979,0.9473171979,0.0000000000,0.0000000000,1093796
MAIN,paper,4,1,0.8482142687,0.8482142687,0.8482142687,0.8482142687,,,1062956
MAIN,paper,4,2,0.8709156513,0.8868730962,0.8868730962,0.8868730962,,,1073236
MAIN,paper,4,3,0.8933036526,0.9074880481,0.9074880481,0.9074880481,,,1083516
MAIN,paper,4,4,0.8913873136,0.9306160361,0.9306160361,0.9306160361,0.0000000000,0.0000000000,1093796
MAIN,paper,5,1,0.9375000000,0.9375000000,0.9375000000,0.9375000000,,,1062956
MAIN,paper,5,2,0.9368351102,0.9421542585,0.9421542585,0.9421542585,,,1073236
MAIN,paper,5,3,0.9443765680,0.9524271687,0.9524271687,0.9524271687,,,1083516
MAIN,paper,5,4,0.9582824260,0.9643203765,0.9643203765,0.9643203765,0.0000000000,0.0000000000,1093796
MAIN,paper,6,1,0.9545454383,0.9545454383,0.9545454383,0.9545454383,,,1062956
MAIN,paper,6,2,0.9460807145,0.9517625272,0.9517625272,0.9517625272,,,1073236
MAIN,paper,6,3,0.9510667920,0.9548546672,0.9548546672,0.9548546672,,,1083516
MAIN,paper,6,4,0.9164250940,0.9348910004,0.9348910004,0.9348910004,0.0037878752,-0.0037878752,1093796
MAIN,paper,7,1,0.8969072104,0.8969072104,0.8969072104,0.8969072104,,,1062956
MAIN,paper,7,2,0.9068406224,0.9119952619,0.9119952619,0.9119952619,,,1073236
MAIN,paper,7,3,0.9166795413,0.9279968341,0.9235523939,0.9279968341,,,1083516
MAIN,paper,7,4,0.8900869787,0.9293309599,0.9259976298,0.9293309599,0.0034364263,-0.0034364263,1093796
MAIN,paper,8,1,0.8494623899,0.8494623899,0.8494623899,0.8494623899,,,1062956
MAIN,paper,8,2,0.8461021483,0.8622311950,0.8622311950,0.8622311950,,,1073236
MAIN,paper,8,3,0.8842435280,0.8993821939,0.8993821939,0.8993821939,,,1083516
MAIN,paper,8,4,0.8771611452,0.8912033141,0.8912033141,0.8912033141,0.0143369238,-0.0143369238,1093796
MAIN,paper,9,1,0.9021739364,0.9021739364,0.9021739364,0.9021739364,,,1062956
MAIN,paper,9,2,0.8644598424,0.8955314159,0.8900966346,0.8955314159,,,1073236
MAIN,paper,9,3,0.8888075352,0.9097781380,0.9061549505,0.9097781380,,,1083516
MAIN,paper,9,4,0.8987485021,0.9323336035,0.9117590636,0.9323336035,0.0108695825,-0.0075025956,1093796
MAIN,paper,10,1,0.8444444537,0.8444444537,0.8444444537,0.8444444537,,,1062956
MAIN,paper,10,2,0.8727716804,0.8782661855,0.8782661855,0.8782661855,,,1073236
MAIN,paper,10,3,0.9016676148,0.9098351200,0.9053306182,0.9098351200,,,1083516
MAIN,paper,10,4,0.9056157768,0.9323763400,0.9289979637,0.9323763400,0.0037037134,-0.0037037134,1093796
FINALA,reverse,1,1,0.9333333373,0.9333333373,0.9333333373,0.9333333373,,,2119736
FINALA,reverse,1,2,0.9535087645,0.9868420959,0.9868420959,0.9868420959,,,2134120
FINALA,reverse,1,3,0.9431144993,0.9697226882,0.9697226882,0.9697226882,,,2148504
FINALA,reverse,1,4,0.9150042385,0.9236700684,0.9376485497,0.9236700684,0.0187228918,-0.0187228918,2162888
FINALA,reverse,2,1,0.9333333373,0.9333333373,0.9333333373,0.9333333373,,,2119736
FINALA,reverse,2,2,0.9543209970,0.9543209970,0.9543209970,0.9543209970,,,2134120
FINALA,reverse,2,3,0.9701104760,0.9742256999,0.9701104760,0.9742256999,,,2148504
FINALA,reverse,2,4,0.9455815405,0.9653346241,0.9622482061,0.9653346241,0.0257310073,-0.0035087864,2162888
FINALA,reverse,3,1,0.9333333373,0.9333333373,0.9333333373,0.9333333373,,,2119736
FINALA,reverse,3,2,0.9671052694,0.9671052694,0.9671052694,0.9671052694,,,2134120
FINALA,reverse,3,3,0.9433479508,0.9468201796,0.9468201796,0.9468201796,,,2148504
FINALA,reverse,3,4,0.9416912645,0.9442954212,0.9442954212,0.9442954212,-0.0069444577,0.0291666786,2162888
FINALA,reverse,4,1,1.0000000000,1.0000000000,1.0000000000,1.0000000000,,,2119736
FINALA,reverse,4,2,0.9615384638,0.9615384638,0.9615384638,0.9615384638,,,2134120
FINALA,reverse,4,3,0.9545371930,0.9616293907,0.9616293907,0.9616293907,,,2148504
FINALA,reverse,4,4,0.9141361713,0.9533648938,0.9533648938,0.9533648938,0.0452127655,-0.0366657575,2162888
FINALA,reverse,5,1,0.9333333373,0.9333333373,0.9333333373,0.9333333373,,,2119736
FINALA,reverse,5,2,0.9864864945,0.9864864945,0.9864864945,0.9864864945,,,2134120
FINALA,reverse,5,3,0.9661683043,0.9697144032,0.9697144032,0.9697144032,,,2148504
FINALA,reverse,5,4,0.9537374824,0.9624350071,0.9624350071,0.9624350071,0.0035460989,0.0186761220,2162888
FINALA,reverse,6,1,0.8750000000,0.8750000000,0.8750000000,0.8750000000,,,2119736
FINALA,reverse,6,2,0.9310064912,0.9622564912,0.9622564912,0.9622564912,,,2134120
FINALA,reverse,6,3,0.9403988918,0.9612322251,0.9403988918,0.9612322251,,,2148504
FINALA,reverse,6,4,0.9493274540,0.9677933753,0.9805774540,0.9677933753,-0.0034013589,0.0034013589,2162888
FINALA,reverse,7,1,0.9333333373,0.9333333373,0.9333333373,0.9333333373,,,2119736
FINALA,reverse,7,2,0.9466666579,0.9466666579,0.9466666579,0.9466666579,,,2134120
FINALA,reverse,7,3,0.9134722153,0.9401388764,0.9401388764,0.9401388764,,,2148504
FINALA,reverse,7,4,0.8952416182,0.9344855994,0.9344855994,0.9344855994,0.0488888820,-0.0488888820,2162888
FINALA,reverse,8,1,0.8666666746,0.8666666746,0.8666666746,0.8666666746,,,2119736
FINALA,reverse,8,2,0.9004386067,0.9004386067,0.9004386067,0.9004386067,,,2134120
FINALA,reverse,8,3,0.9220394890,0.9220394890,0.9442617098,0.9220394890,,,2148504
FINALA,reverse,8,4,0.9144798815,0.9285220355,0.9258338511,0.9285220355,-0.0069444378,0.0335526268,2162888
FINALA,reverse,9,1,1.0000000000,1.0000000000,1.0000000000,1.0000000000,,,2119736
FINALA,reverse,9,2,0.9753086567,0.9814814925,0.9814814925,0.9814814925,,,2134120
FINALA,reverse,9,3,0.9506172935,0.9506172935,0.9506172935,0.9506172935,,,2148504
FINALA,reverse,9,4,0.8994865716,0.9303542674,0.9303542674,0.9303542674,0.0339105527,-0.0297953288,2162888
FINALA,reverse,10,1,0.9285714030,0.9285714030,0.9285714030,0.9285714030,,,2119736
FINALA,reverse,10,2,0.9932432473,0.9932432473,0.9932432473,0.9932432473,,,2134120
FINALA,reverse,10,3,0.9387189349,0.9661914706,0.9625284672,0.9661914706,,,2148504
FINALA,reverse,10,4,0.9234531224,0.9468352944,0.9468352944,0.9468352944,0.0201465289,0.0036630034,2162888
FINALA,paper,1,1,0.8842105269,0.8842105269,0.8842105269,0.8842105269,,,2119736
FINALA,paper,1,2,0.8883418143,0.8990945220,0.8937181532,0.8990945220,,,2134120
FINALA,paper,1,3,0.9203734994,0.9239577452,0.9274665117,0.9239577452,,,2148504
FINALA,paper,1,4,0.9150042385,0.9236700684,0.9376485497,0.9236700684,0.0114789605,-0.0078947345,2162888
FINALA,paper,2,1,0.9473684430,0.9473684430,0.9473684430,0.9473684430,,,2119736
FINALA,paper,2,2,0.9421052635,0.9473684430,0.9473684430,0.9473684430,,,2134120
FINALA,paper,2,3,0.9566818277,0.9643058379,0.9566818277,0.9643058379,,,2148504
FINALA,paper,2,4,0.9455815405,0.9653346241,0.9622482061,0.9653346241,0.0070175529,-0.0035087864,2162888
FINALA,paper,3,1,0.9252336621,0.9252336621,0.9252336621,0.9252336621,,,2119736
FINALA,paper,3,2,0.9256230593,0.9308313727,0.9308313727,0.9308313727,,,2134120
FINALA,paper,3,3,0.9250133236,0.9284855525,0.9328715205,0.9284855525,,,2148504
FINALA,paper,3,4,0.9416912645,0.9442954212,0.9442954212,0.9442954212,0.0062305331,-0.0031152765,2162888
FINALA,paper,4,1,0.9196428657,0.9196428657,0.9196428657,0.9196428657,,,2119736
FINALA,paper,4,2,0.9315159619,0.9474734068,0.9421542585,0.9474734068,,,2134120
FINALA,paper,4,3,0.9230655630,0.9372499585,0.9372499585,0.9372499585,,,2148504
FINALA,paper,4,4,0.9141361713,0.9533648938,0.9533648938,0.9533648938,0.0100683967,-0.0041160186,2162888
FINALA,paper,5,1,0.9166666865,0.9166666865,0.9166666865,0.9166666865,,,2119736
FINALA,paper,5,2,0.9209884703,0.9316267669,0.9316267669,0.9316267669,,,2134120
FINALA,paper,5,3,0.9383166432,0.9499133428,0.9499133428,0.9499133428,,,2148504
FINALA,paper,5,4,0.9537374824,0.9624350071,0.9624350071,0.9624350071,0.0000000000,0.0034722090,2162888
FINALA,paper,6,1,0.9772727489,0.9772727489,0.9772727489,0.9772727489,,,2119736
FINALA,paper,6,2,0.9619666040,0.9676484168,0.9676484168,0.9676484168,,,2134120
FINALA,paper,6,3,0.9703153968,0.9741032720,0.9703153968,0.9741032720,,,2148504
FINALA,paper,6,4,0.9493274540,0.9677933753,0.9805774540,0.9677933753,0.0037878950,-0.0037878950,2162888
FINALA,paper,7,1,0.9072164893,0.9072164893,0.9072164893,0.9072164893,,,2119736
FINALA,paper,7,2,0.9171499014,0.9223045409,0.9223045409,0.9223045409,,,2134120
FINALA,paper,7,3,0.9338616729,0.9451789657,0.9451789657,0.9451789657,,,2148504
FINALA,paper,7,4,0.8952416182,0.9344855994,0.9344855994,0.9344855994,0.0068728526,0.0000000000,2162888
FINALA,paper,8,1,0.9032257795,0.9032257795,0.9032257795,0.9032257795,,,2119736
FINALA,paper,8,2,0.8728158772,0.8889448941,0.8943212330,0.8889448941,,,2134120
FINALA,paper,8,3,0.9081953963,0.9225323200,0.9269182682,0.9225323200,,,2148504
FINALA,paper,8,4,0.9144798815,0.9285220355,0.9258338511,0.9285220355,0.0107526779,-0.0038082401,2162888
FINALA,paper,9,1,0.9239130616,0.9239130616,0.9239130616,0.9239130616,,,2119736
FINALA,paper,9,2,0.8698946238,0.8955314159,0.8955314159,0.8955314159,,,2134120
FINALA,paper,9,3,0.8892995914,0.9107622306,0.9107622306,0.9107622306,,,2148504
FINALA,paper,9,4,0.8994865716,0.9303542674,0.9303542674,0.9303542674,0.0212471088,-0.0178801219,2162888
FINALA,paper,10,1,0.8888888955,0.8888888955,0.8888888955,0.8888888955,,,2119736
FINALA,paper,10,2,0.8894993961,0.8949939013,0.8949939013,0.8949939013,,,2134120
FINALA,paper,10,3,0.9217877189,0.9254507224,0.9254507224,0.9254507224,,,2148504
FINALA,paper,10,4,0.9234531224,0.9468352944,0.9468352944,0.9468352944,0.0037444035,-0.0000814001,2162888
MAIN_s43,reverse,1,1,0.9333333373,0.9333333373,0.9333333373,0.9333333373,,,1062956
MAIN_s43,reverse,1,2,0.9070175588,0.9403508902,0.9070175588,0.9403508902,,,1073236
MAIN_s43,reverse,1,3,0.9200056593,0.9243916273,0.9243916273,0.9243916273,,,1083516
MAIN_s43,reverse,1,4,0.8925226480,0.9011884630,0.9011884630,0.9011884630,0.0115544200,-0.0115544200,1093796
MAIN_s43,reverse,2,1,1.0000000000,1.0000000000,1.0000000000,1.0000000000,,,1062956
MAIN_s43,reverse,2,2,0.9938271642,0.9938271642,0.9938271642,0.9938271642,,,1073236
MAIN_s43,reverse,2,3,0.9707169135,0.9748321374,0.9748321374,0.9748321374,,,1083516
MAIN_s43,reverse,2,4,0.9297920763,0.9495451599,0.9495451599,0.9495451599,0.0263374448,-0.0263374448,1093796
MAIN_s43,reverse,3,1,1.0000000000,1.0000000000,1.0000000000,1.0000000000,,,1062956
MAIN_s43,reverse,3,2,0.9802631438,0.9868420959,0.9868420959,0.9868420959,,,1073236
MAIN_s43,reverse,3,3,0.9521198670,0.9599780639,0.9599780639,0.9599780639,,,1083516
MAIN_s43,reverse,3,4,0.9453983158,0.9512919635,0.9512919635,0.9512919635,0.0000000000,0.0000000000,1093796
MAIN_s43,reverse,4,1,1.0000000000,1.0000000000,1.0000000000,1.0000000000,,,1062956
MAIN_s43,reverse,4,2,0.9743589759,0.9743589759,0.9743589759,0.9743589759,,,1073236
MAIN_s43,reverse,4,3,0.9545371930,0.9616293907,0.9616293907,0.9616293907,,,1083516
MAIN_s43,reverse,4,4,0.9007433206,0.9399720430,0.9243470430,0.9399720430,0.0452127655,-0.0452127655,1093796
MAIN_s43,reverse,5,1,1.0000000000,1.0000000000,1.0000000000,1.0000000000,,,1062956
MAIN_s43,reverse,5,2,0.9932432473,0.9932432473,0.9932432473,0.9932432473,,,1073236
MAIN_s43,reverse,5,3,0.9706728061,0.9742189050,0.9742189050,0.9742189050,,,1083516
MAIN_s43,reverse,5,4,0.9537928998,0.9598308504,0.9598308504,0.9598308504,0.0045045018,-0.0045045018,1093796
MAIN_s43,reverse,6,1,0.8750000000,0.8750000000,0.8750000000,0.8750000000,,,1062956
MAIN_s43,reverse,6,2,0.8867694736,0.9180194736,0.8867694736,0.9180194736,,,1073236
MAIN_s43,reverse,6,3,0.9041048288,0.9249381622,0.9041048288,0.9249381622,,,1083516
MAIN_s43,reverse,6,4,0.9110331684,0.9294990748,0.9294990748,0.9294990748,0.0208333333,-0.0208333333,1093796
MAIN_s43,reverse,7,1,0.9333333373,0.9333333373,0.9333333373,0.9333333373,,,1062956
MAIN_s43,reverse,7,2,0.9466666579,0.9466666579,0.9466666579,0.9466666579,,,1073236
MAIN_s43,reverse,7,3,0.9100000064,0.9366666675,0.9322222273,0.9366666675,,,1083516
MAIN_s43,reverse,7,4,0.8900601417,0.9293041229,0.9259707928,0.9293041229,0.0488888820,-0.0488888820,1093796
MAIN_s43,reverse,8,1,0.9333333373,0.9333333373,0.9333333373,0.9333333373,,,1062956
MAIN_s43,reverse,8,2,0.9469298124,0.9469298124,0.9469298124,0.9469298124,,,1073236
MAIN_s43,reverse,8,3,0.9229532083,0.9229532083,0.9229532083,0.9229532083,,,1083516
MAIN_s43,reverse,8,4,0.8932265192,0.9072686732,0.9072686732,0.9072686732,0.0043859482,-0.0043859482,1093796
MAIN_s43,reverse,9,1,1.0000000000,1.0000000000,1.0000000000,1.0000000000,,,1062956
MAIN_s43,reverse,9,2,0.9629629552,0.9691357911,0.9691357911,0.9691357911,,,1073236
MAIN_s43,reverse,9,3,0.9423868259,0.9423868259,0.9423868259,0.9423868259,,,1083516
MAIN_s43,reverse,9,4,0.8987485021,0.9323336035,0.9117590636,0.9323336035,0.0339105527,-0.0297953288,1093796
MAIN_s43,reverse,10,1,1.0000000000,1.0000000000,1.0000000000,1.0000000000,,,1062956
MAIN_s43,reverse,10,2,0.9864864945,0.9864864945,0.9864864945,0.9864864945,,,1073236
MAIN_s43,reverse,10,3,0.9260469278,0.9580239654,0.9535194635,0.9580239654,,,1083516
MAIN_s43,reverse,10,4,0.9112018645,0.9379624128,0.9345840365,0.9379624128,0.0283140341,-0.0283140341,1093796
MAIN_s43,paper,1,1,0.8315789700,0.8315789700,0.8315789700,0.8315789700,,,1062956
MAIN_s43,paper,1,2,0.8512733579,0.8620260358,0.8620260358,0.8620260358,,,1073236
MAIN_s43,paper,1,3,0.8868892789,0.8904735049,0.8904735049,0.8904735049,,,1083516
MAIN_s43,paper,1,4,0.8925226480,0.9011884630,0.9011884630,0.9011884630,0.0079701940,-0.0043859680,1093796
MAIN_s43,paper,2,1,0.8736842275,0.8736842275,0.8736842275,0.8736842275,,,1062956
MAIN_s43,paper,2,2,0.9000000060,0.9052631557,0.9052631557,0.9052631557,,,1073236
MAIN_s43,paper,2,3,0.9251028895,0.9327268799,0.9327268799,0.9327268799,,,1083516
MAIN_s43,paper,2,4,0.9297920763,0.9495451599,0.9495451599,0.9495451599,-0.0035087665,0.0035087665,1093796
MAIN_s43,paper,3,1,0.9252336621,0.9252336621,0.9252336621,0.9252336621,,,1062956
MAIN_s43,paper,3,2,0.9105334878,0.9157418311,0.9157418311,0.9157418311,,,1073236
MAIN_s43,paper,3,3,0.9271977544,0.9350559513,0.9350559513,0.9350559513,,,1083516
MAIN_s43,paper,3,4,0.9453983158,0.9512919635,0.9512919635,0.9512919635,0.0000000000,0.0000000000,1093796
MAIN_s43,paper,4,1,0.8750000000,0.8750000000,0.8750000000,0.8750000000,,,1062956
MAIN_s43,paper,4,2,0.8896276653,0.9055851102,0.9055851102,0.9055851102,,,1073236
MAIN_s43,paper,4,3,0.9057783286,0.9199627240,0.9199627240,0.9199627240,,,1083516
MAIN_s43,paper,4,4,0.9007433206,0.9399720430,0.9243470430,0.9399720430,0.0000000000,0.0000000000,1093796
MAIN_s43,paper,5,1,0.9166666865,0.9166666865,0.9166666865,0.9166666865,,,1062956
MAIN_s43,paper,5,2,0.9210993052,0.9264184535,0.9264184535,0.9264184535,,,1073236
MAIN_s43,paper,5,3,0.9383905331,0.9464411338,0.9464411338,0.9464411338,,,1083516
MAIN_s43,paper,5,4,0.9537928998,0.9598308504,0.9598308504,0.9598308504,0.0000000000,0.0000000000,1093796
MAIN_s43,paper,6,1,0.9431818128,0.9431818128,0.9431818128,0.9431818128,,,1062956
MAIN_s43,paper,6,2,0.9352968633,0.9409786761,0.9409786761,0.9409786761,,,1073236
MAIN_s43,paper,6,3,0.9438775579,0.9476654331,0.9476654331,0.9476654331,,,1083516
MAIN_s43,paper,6,4,0.9110331684,0.9294990748,0.9294990748,0.9294990748,0.0037878752,-0.0037878752,1093796
MAIN_s43,paper,7,1,0.9072164893,0.9072164893,0.9072164893,0.9072164893,,,1062956
MAIN_s43,paper,7,2,0.9067869484,0.9119415879,0.9119415879,0.9119415879,,,1073236
MAIN_s43,paper,7,3,0.9166437586,0.9279610515,0.9235166113,0.9279610515,,,1083516
MAIN_s43,paper,7,4,0.8900601417,0.9293041229,0.9259707928,0.9293041229,0.0034364263,-0.0034364263,1093796
MAIN_s43,paper,8,1,0.8602150679,0.8602150679,0.8602150679,0.8602150679,,,1062956
MAIN_s43,paper,8,2,0.8514784873,0.8676075339,0.8676075339,0.8676075339,,,1073236
MAIN_s43,paper,8,3,0.8834418058,0.8985804518,0.8985804518,0.8985804518,,,1083516
MAIN_s43,paper,8,4,0.8932265192,0.9072686732,0.9072686732,0.9072686732,0.0143369238,-0.0143369238,1093796
MAIN_s43,paper,9,1,0.9021739364,0.9021739364,0.9021739364,0.9021739364,,,1062956
MAIN_s43,paper,9,2,0.8644598424,0.8955314159,0.8900966346,0.8955314159,,,1073236
MAIN_s43,paper,9,3,0.8888075352,0.9097781380,0.9061549505,0.9097781380,,,1083516
MAIN_s43,paper,9,4,0.8987485021,0.9323336035,0.9117590636,0.9323336035,0.0108695825,-0.0075025956,1093796
MAIN_s43,paper,10,1,0.8777777553,0.8777777553,0.8777777553,0.8777777553,,,1062956
MAIN_s43,paper,10,2,0.8839438260,0.8894383311,0.8894383311,0.8894383311,,,1073236
MAIN_s43,paper,10,3,0.9091157118,0.9172832171,0.9127787153,0.9172832171,,,1083516
MAIN_s43,paper,10,4,0.9112018645,0.9379624128,0.9345840365,0.9379624128,0.0037036935,-0.0037036935,1093796
MAIN_s44,reverse,1,1,0.9333333373,0.9333333373,0.9333333373,0.9333333373,,,1062956
MAIN_s44,reverse,1,2,0.9070175588,0.9403508902,0.9070175588,0.9403508902,,,1073236
MAIN_s44,reverse,1,3,0.9343425830,0.9387285511,0.9387285511,0.9387285511,,,1083516
MAIN_s44,reverse,1,4,0.9216963947,0.9303622097,0.9303622097,0.9303622097,0.0115544200,-0.0115544200,1093796
MAIN_s44,reverse,2,1,1.0000000000,1.0000000000,1.0000000000,1.0000000000,,,1062956
MAIN_s44,reverse,2,2,0.9876543283,0.9876543283,0.9876543283,0.9876543283,,,1073236
MAIN_s44,reverse,2,3,0.9701104760,0.9742256999,0.9742256999,0.9742256999,,,1083516
MAIN_s44,reverse,2,4,0.9372319877,0.9569850713,0.9569850713,0.9569850713,0.0263374448,-0.0263374448,1093796
MAIN_s44,reverse,3,1,1.0000000000,1.0000000000,1.0000000000,1.0000000000,,,1062956
MAIN_s44,reverse,3,2,0.9736842215,0.9802631438,0.9802631438,0.9802631438,,,1073236
MAIN_s44,reverse,3,3,0.9477339188,0.9555920959,0.9555920959,0.9555920959,,,1083516
MAIN_s44,reverse,3,4,0.9421088547,0.9480024874,0.9480024874,0.9480024874,0.0000000000,0.0000000000,1093796
MAIN_s44,reverse,4,1,1.0000000000,1.0000000000,1.0000000000,1.0000000000,,,1062956
MAIN_s44,reverse,4,2,0.9743589759,0.9743589759,0.9743589759,0.9743589759,,,1073236
MAIN_s44,reverse,4,3,0.9509910941,0.9580832918,0.9580832918,0.9580832918,,,1083516
MAIN_s44,reverse,4,4,0.8980837464,0.9373124689,0.9216874689,0.9373124689,0.0452127655,-0.0452127655,1093796
MAIN_s44,reverse,5,1,1.0000000000,1.0000000000,1.0000000000,1.0000000000,,,1062956
MAIN_s44,reverse,5,2,0.9864864945,0.9864864945,0.9864864945,0.9864864945,,,1073236
MAIN_s44,reverse,5,3,0.9661683043,0.9697144032,0.9697144032,0.9697144032,,,1083516
MAIN_s44,reverse,5,4,0.9504145235,0.9564524740,0.9564524740,0.9564524740,0.0045045018,-0.0045045018,1093796
MAIN_s44,reverse,6,1,0.8750000000,0.8750000000,0.8750000000,0.8750000000,,,1062956
MAIN_s44,reverse,6,2,0.8867694736,0.9180194736,0.8867694736,0.9180194736,,,1073236
MAIN_s44,reverse,6,3,0.8973020911,0.9181354245,0.8973020911,0.9181354245,,,1083516
MAIN_s44,reverse,6,4,0.9087720215,0.9272379279,0.9272379279,0.9272379279,0.0208333333,-0.0208333333,1093796
MAIN_s44,reverse,7,1,0.9333333373,0.9333333373,0.9333333373,0.9333333373,,,1062956
MAIN_s44,reverse,7,2,0.9466666579,0.9466666579,0.9466666579,0.9466666579,,,1073236
MAIN_s44,reverse,7,3,0.9065277775,0.9331944386,0.9287499984,0.9331944386,,,1083516
MAIN_s44,reverse,7,4,0.8926106095,0.9318545908,0.9285212606,0.9318545908,0.0488888820,-0.0488888820,1093796
MAIN_s44,reverse,8,1,0.8666666746,0.8666666746,0.8666666746,0.8666666746,,,1062956
MAIN_s44,reverse,8,2,0.9201754332,0.9201754332,0.9201754332,0.9201754332,,,1073236
MAIN_s44,reverse,8,3,0.9155336221,0.9155336221,0.9155336221,0.9155336221,,,1083516
MAIN_s44,reverse,8,4,0.8903499842,0.9043921530,0.9017039835,0.9043921530,0.0043859680,-0.0043859680,1093796
MAIN_s44,reverse,9,1,1.0000000000,1.0000000000,1.0000000000,1.0000000000,,,1062956
MAIN_s44,reverse,9,2,0.9691357911,0.9753086567,0.9753086567,0.9753086567,,,1073236
MAIN_s44,reverse,9,3,0.9465020696,0.9465020696,0.9465020696,0.9465020696,,,1083516
MAIN_s44,reverse,9,4,0.9045523405,0.9354200363,0.9175628871,0.9354200363,0.0339105527,-0.0297953089,1093796
MAIN_s44,reverse,10,1,1.0000000000,1.0000000000,1.0000000000,1.0000000000,,,1062956
MAIN_s44,reverse,10,2,0.9864864945,0.9864864945,0.9864864945,0.9864864945,,,1073236
MAIN_s44,reverse,10,3,0.9232254227,0.9506979585,0.9506979585,0.9506979585,,,1083516
MAIN_s44,reverse,10,4,0.9063079506,0.9296901375,0.9296901375,0.9296901375,0.0238095323,-0.0238095323,1093796
MAIN_s44,paper,1,1,0.9052631855,0.9052631855,0.9052631855,0.9052631855,,,1062956
MAIN_s44,paper,1,2,0.9096208513,0.9203735292,0.9203735292,0.9203735292,,,1073236
MAIN_s44,paper,1,3,0.9257876078,0.9293718338,0.9293718338,0.9293718338,,,1083516
MAIN_s44,paper,1,4,0.9216963947,0.9303622097,0.9303622097,0.9303622097,0.0079701940,-0.0043859680,1093796
MAIN_s44,paper,2,1,0.9052631855,0.9052631855,0.9052631855,0.9052631855,,,1062956
MAIN_s44,paper,2,2,0.9210526347,0.9263158143,0.9263158143,0.9263158143,,,1073236
MAIN_s44,paper,2,3,0.9350227515,0.9426467617,0.9426467617,0.9426467617,,,1083516
MAIN_s44,paper,2,4,0.9372319877,0.9569850713,0.9569850713,0.9569850713,-0.0035087864,0.0035087864,1093796
MAIN_s44,paper,3,1,0.9252336621,0.9252336621,0.9252336621,0.9252336621,,,1062956
MAIN_s44,paper,3,2,0.9105334878,0.9157418311,0.9157418311,0.9157418311,,,1073236
MAIN_s44,paper,3,3,0.9228118062,0.9306699832,0.9306699832,0.9306699832,,,1083516
MAIN_s44,paper,3,4,0.9421088547,0.9480024874,0.9480024874,0.9480024874,0.0000000000,0.0000000000,1093796
MAIN_s44,paper,4,1,0.8750000000,0.8750000000,0.8750000000,0.8750000000,,,1062956
MAIN_s44,paper,4,2,0.8843085170,0.9002659619,0.9002659619,0.9002659619,,,1073236
MAIN_s44,paper,4,3,0.9022322297,0.9164166252,0.9164166252,0.9164166252,,,1083516
MAIN_s44,paper,4,4,0.8980837464,0.9373124689,0.9216874689,0.9373124689,0.0000000000,0.0000000000,1093796
MAIN_s44,paper,5,1,0.9166666865,0.9166666865,0.9166666865,0.9166666865,,,1062956
MAIN_s44,paper,5,2,0.9210993052,0.9264184535,0.9264184535,0.9264184535,,,1073236
MAIN_s44,paper,5,3,0.9338860313,0.9419366320,0.9419366320,0.9419366320,,,1083516
MAIN_s44,paper,5,4,0.9504145235,0.9564524740,0.9564524740,0.9564524740,0.0000000000,0.0000000000,1093796
MAIN_s44,paper,6,1,0.9545454383,0.9545454383,0.9545454383,0.9545454383,,,1062956
MAIN_s44,paper,6,2,0.9307745695,0.9364563823,0.9364563823,0.9364563823,,,1073236
MAIN_s44,paper,6,3,0.9408626954,0.9446505706,0.9446505706,0.9446505706,,,1083516
MAIN_s44,paper,6,4,0.9087720215,0.9272379279,0.9272379279,0.9272379279,0.0037878752,-0.0037878752,1093796
MAIN_s44,paper,7,1,0.9278350472,0.9278350472,0.9278350472,0.9278350472,,,1062956
MAIN_s44,paper,7,2,0.9118878841,0.9170425236,0.9170425236,0.9170425236,,,1073236
MAIN_s44,paper,7,3,0.9200443824,0.9313616753,0.9269172351,0.9313616753,,,1083516
MAIN_s44,paper,7,4,0.8926106095,0.9318545908,0.9285212606,0.9318545908,0.0034364263,-0.0034364263,1093796
MAIN_s44,paper,8,1,0.8709677458,0.8709677458,0.8709677458,0.8709677458,,,1062956
MAIN_s44,paper,8,2,0.8724798262,0.8886088729,0.8832325339,0.8886088729,,,1073236
MAIN_s44,paper,8,3,0.9018286467,0.9169673125,0.9133830865,0.9169673125,,,1083516
MAIN_s44,paper,8,4,0.8903499842,0.9043921530,0.9017039835,0.9043921530,0.0143369238,-0.0143369238,1093796
MAIN_s44,paper,9,1,0.9021739364,0.9021739364,0.9021739364,0.9021739364,,,1062956
MAIN_s44,paper,9,2,0.8698946238,0.8955314159,0.8955314159,0.8955314159,,,1073236
MAIN_s44,paper,9,3,0.8965459863,0.9138933818,0.9138933818,0.9138933818,,,1083516
MAIN_s44,paper,9,4,0.9045523405,0.9354200363,0.9175628871,0.9354200363,0.0072463751,-0.0038793882,1093796
MAIN_s44,paper,10,1,0.8666666746,0.8666666746,0.8666666746,0.8666666746,,,1062956
MAIN_s44,paper,10,2,0.8673992753,0.8728937805,0.8728937805,0.8728937805,,,1073236
MAIN_s44,paper,10,3,0.9025905132,0.9062535167,0.9062535167,0.9062535167,,,1083516
MAIN_s44,paper,10,4,0.9063079506,0.9296901375,0.9296901375,0.9296901375,0.0037037134,-0.0037037134,1093796
MAIN_s45,reverse,1,1,0.9333333373,0.9333333373,0.9333333373,0.9333333373,,,1062956
MAIN_s45,reverse,1,2,0.9135964811,0.9469298124,0.9135964811,0.9469298124,,,1073236
MAIN_s45,reverse,1,3,0.9387285511,0.9431144993,0.9431144993,0.9431144993,,,1083516
MAIN_s45,reverse,1,4,0.9223542809,0.9310200810,0.9310200810,0.9310200810,0.0115544001,-0.0115544001,1093796
MAIN_s45,reverse,2,1,0.9333333373,0.9333333373,0.9333333373,0.9333333373,,,1062956
MAIN_s45,reverse,2,2,0.9419753253,0.9419753253,0.9419753253,0.9419753253,,,1073236
MAIN_s45,reverse,2,3,0.9396577875,0.9437730312,0.9437730312,0.9437730312,,,1083516
MAIN_s45,reverse,2,4,0.9117608815,0.9315139800,0.9315139800,0.9315139800,0.0263374647,-0.0263374647,1093796
MAIN_s45,reverse,3,1,1.0000000000,1.0000000000,1.0000000000,1.0000000000,,,1062956
MAIN_s45,reverse,3,2,0.9671052694,0.9736842215,0.9736842215,0.9736842215,,,1073236
MAIN_s45,reverse,3,3,0.9468201796,0.9546783765,0.9546783765,0.9546783765,,,1083516
MAIN_s45,reverse,3,4,0.9437599927,0.9496536404,0.9496536404,0.9496536404,0.0000000000,0.0000000000,1093796
MAIN_s45,reverse,4,1,1.0000000000,1.0000000000,1.0000000000,1.0000000000,,,1062956
MAIN_s45,reverse,4,2,0.9743589759,0.9743589759,0.9743589759,0.9743589759,,,1073236
MAIN_s45,reverse,4,3,0.9509910941,0.9580832918,0.9580832918,0.9580832918,,,1083516
MAIN_s45,reverse,4,4,0.8936194628,0.9328481853,0.9328481853,0.9328481853,0.0452127655,-0.0452127655,1093796
MAIN_s45,reverse,5,1,1.0000000000,1.0000000000,1.0000000000,1.0000000000,,,1062956
MAIN_s45,reverse,5,2,0.9932432473,0.9932432473,0.9932432473,0.9932432473,,,1073236
MAIN_s45,reverse,5,3,0.9706728061,0.9742189050,0.9742189050,0.9742189050,,,1083516
MAIN_s45,reverse,5,4,0.9537928998,0.9598308504,0.9598308504,0.9598308504,0.0045045018,-0.0045045018,1093796
MAIN_s45,reverse,6,1,0.8750000000,0.8750000000,0.8750000000,0.8750000000,,,1062956
MAIN_s45,reverse,6,2,0.8867694736,0.9180194736,0.8867694736,0.9180194736,,,1073236
MAIN_s45,reverse,6,3,0.9007034500,0.9215367834,0.9007034500,0.9215367834,,,1083516
MAIN_s45,reverse,6,4,0.9084821343,0.9269480407,0.9113230407,0.9269480407,0.0208333333,-0.0208333333,1093796
MAIN_s45,reverse,7,1,0.9333333373,0.9333333373,0.9333333373,0.9333333373,,,1062956
MAIN_s45,reverse,7,2,0.9533333480,0.9533333480,0.9533333480,0.9533333480,,,1073236
MAIN_s45,reverse,7,3,0.9144444466,0.9411111275,0.9366666675,0.9411111275,,,1083516
MAIN_s45,reverse,7,4,0.8933934718,0.9326374680,0.9293041229,0.9326374680,0.0488889019,-0.0488889019,1093796
MAIN_s45,reverse,8,1,0.8666666746,0.8666666746,0.8666666746,0.8666666746,,,1062956
MAIN_s45,reverse,8,2,0.9135964811,0.9135964811,0.9135964811,0.9135964811,,,1073236
MAIN_s45,reverse,8,3,0.9007309874,0.9007309874,0.9007309874,0.9007309874,,,1083516
MAIN_s45,reverse,8,4,0.8819361925,0.8932901770,0.8932901770,0.8932901770,0.0043859482,-0.0043859482,1093796
MAIN_s45,reverse,9,1,1.0000000000,1.0000000000,1.0000000000,1.0000000000,,,1062956
MAIN_s45,reverse,9,2,0.9629629552,0.9691357911,0.9691357911,0.9691357911,,,1073236
MAIN_s45,reverse,9,3,0.9423868259,0.9423868259,0.9423868259,0.9423868259,,,1083516
MAIN_s45,reverse,9,4,0.8960311115,0.9296162128,0.9090416729,0.9296162128,0.0339105527,-0.0297953288,1093796
MAIN_s45,reverse,10,1,1.0000000000,1.0000000000,1.0000000000,1.0000000000,,,1062956
MAIN_s45,reverse,10,2,0.9864864945,0.9864864945,0.9864864945,0.9864864945,,,1073236
MAIN_s45,reverse,10,3,0.9305514296,0.9580239654,0.9580239654,0.9580239654,,,1083516
MAIN_s45,reverse,10,4,0.9173580110,0.9407401979,0.9407401979,0.9407401979,0.0238095323,-0.0238095323,1093796
MAIN_s45,paper,1,1,0.8947368264,0.8947368264,0.8947368264,0.8947368264,,,1062956
MAIN_s45,paper,1,2,0.9043576717,0.9151103497,0.9151103497,0.9151103497,,,1073236
MAIN_s45,paper,1,3,0.9266647696,0.9302489956,0.9302489956,0.9302489956,,,1083516
MAIN_s45,paper,1,4,0.9223542809,0.9310200810,0.9310200810,0.9310200810,0.0079701742,-0.0043859482,1093796
MAIN_s45,paper,2,1,0.8947368264,0.8947368264,0.8947368264,0.8947368264,,,1062956
MAIN_s45,paper,2,2,0.9157894552,0.9210526347,0.9210526347,0.9210526347,,,1073236
MAIN_s45,paper,2,3,0.9232834975,0.9309075276,0.9309075276,0.9309075276,,,1083516
MAIN_s45,paper,2,4,0.9117608815,0.9315139800,0.9315139800,0.9315139800,-0.0035087864,0.0035087864,1093796
MAIN_s45,paper,3,1,0.9345794320,0.9345794320,0.9345794320,0.9345794320,,,1062956
MAIN_s45,paper,3,2,0.9204147160,0.9256230593,0.9256230593,0.9256230593,,,1073236
MAIN_s45,paper,3,3,0.9250133236,0.9328715205,0.9328715205,0.9328715205,,,1083516
MAIN_s45,paper,3,4,0.9437599927,0.9496536404,0.9496536404,0.9496536404,0.0000000000,0.0000000000,1093796
MAIN_s45,paper,4,1,0.8571428657,0.8571428657,0.8571428657,0.8571428657,,,1062956
MAIN_s45,paper,4,2,0.8753799498,0.8913373947,0.8913373947,0.8913373947,,,1073236
MAIN_s45,paper,4,3,0.8962798516,0.9104642471,0.9104642471,0.9104642471,,,1083516
MAIN_s45,paper,4,4,0.8936194628,0.9328481853,0.9328481853,0.9328481853,0.0000000000,0.0000000000,1093796
MAIN_s45,paper,5,1,0.9166666865,0.9166666865,0.9166666865,0.9166666865,,,1062956
MAIN_s45,paper,5,2,0.9210993052,0.9264184535,0.9264184535,0.9264184535,,,1073236
MAIN_s45,paper,5,3,0.9383905331,0.9464411338,0.9464411338,0.9464411338,,,1083516
MAIN_s45,paper,5,4,0.9537928998,0.9598308504,0.9598308504,0.9598308504,0.0000000000,0.0000000000,1093796
MAIN_s45,paper,6,1,0.9431818128,0.9431818128,0.9431818128,0.9431818128,,,1062956
MAIN_s45,paper,6,2,0.9301947951,0.9358766079,0.9358766079,0.9358766079,,,1073236
MAIN_s45,paper,6,3,0.9404761791,0.9442640543,0.9442640543,0.9442640543,,,1083516
MAIN_s45,paper,6,4,0.9084821343,0.9269480407,0.9113230407,0.9269480407,0.0037878752,-0.0037878752,1093796
MAIN_s45,paper,7,1,0.9072164893,0.9072164893,0.9072164893,0.9072164893,,,1062956
MAIN_s45,paper,7,2,0.9067869484,0.9119415879,0.9119415879,0.9119415879,,,1073236
MAIN_s45,paper,7,3,0.9210881988,0.9324055115,0.9279610515,0.9324055115,,,1083516
MAIN_s45,paper,7,4,0.8933934718,0.9326374680,0.9293041229,0.9326374680,0.0034364263,-0.0034364263,1093796
MAIN_s45,paper,8,1,0.8709677458,0.8709677458,0.8709677458,0.8709677458,,,1062956
MAIN_s45,paper,8,2,0.8622311950,0.8729838729,0.8729838729,0.8729838729,,,1073236
MAIN_s45,paper,8,3,0.8906102777,0.9021646778,0.9021646778,0.9021646778,,,1083516
MAIN_s45,paper,8,4,0.8819361925,0.8932901770,0.8932901770,0.8932901770,0.0107526978,-0.0107526978,1093796
MAIN_s45,paper,9,1,0.8913043737,0.8913043737,0.8913043737,0.8913043737,,,1062956
MAIN_s45,paper,9,2,0.8590250313,0.8900966346,0.8846618533,0.8900966346,,,1073236
MAIN_s45,paper,9,3,0.8851843476,0.9061549505,0.9025317629,0.9061549505,,,1083516
MAIN_s45,paper,9,4,0.8960311115,0.9296162128,0.9090416729,0.9296162128,0.0108695825,-0.0075025956,1093796
MAIN_s45,paper,10,1,0.8888888955,0.8888888955,0.8888888955,0.8888888955,,,1062956
MAIN_s45,paper,10,2,0.8894993961,0.8949939013,0.8949939013,0.8949939013,,,1073236
MAIN_s45,paper,10,3,0.9173239271,0.9209869305,0.9209869305,0.9209869305,,,1083516
MAIN_s45,paper,10,4,0.9173580110,0.9407401979,0.9407401979,0.9407401979,0.0037037134,-0.0037037134,1093796
MAIN_s46,reverse,1,1,0.9333333373,0.9333333373,0.9333333373,0.9333333373,,,1062956
MAIN_s46,reverse,1,2,0.9135964811,0.9469298124,0.9135964811,0.9469298124,,,1073236
MAIN_s46,reverse,1,3,0.9387285511,0.9431144993,0.9431144993,0.9431144993,,,1083516
MAIN_s46,reverse,1,4,0.9223542809,0.9310200810,0.9310200810,0.9310200810,0.0115544001,-0.0115544001,1093796
MAIN_s46,reverse,2,1,1.0000000000,1.0000000000,1.0000000000,1.0000000000,,,1062956
MAIN_s46,reverse,2,2,0.9876543283,0.9876543283,0.9876543283,0.9876543283,,,1073236
MAIN_s46,reverse,2,3,0.9420402845,0.9461555084,0.9420402845,0.9461555084,,,1083516
MAIN_s46,reverse,2,4,0.9135477543,0.9333008379,0.9302144200,0.9333008379,0.0263374448,-0.0263374448,1093796
MAIN_s46,reverse,3,1,1.0000000000,1.0000000000,1.0000000000,1.0000000000,,,1062956
MAIN_s46,reverse,3,2,0.9736842215,0.9802631438,0.9802631438,0.9802631438,,,1073236
MAIN_s46,reverse,3,3,0.9477339188,0.9555920959,0.9555920959,0.9555920959,,,1083516
MAIN_s46,reverse,3,4,0.9421088547,0.9480024874,0.9480024874,0.9480024874,0.0000000000,0.0000000000,1093796
MAIN_s46,reverse,4,1,1.0000000000,1.0000000000,1.0000000000,1.0000000000,,,1062956
MAIN_s46,reverse,4,2,0.9743589759,0.9743589759,0.9743589759,0.9743589759,,,1073236
MAIN_s46,reverse,4,3,0.9545371930,0.9616293907,0.9616293907,0.9616293907,,,1083516
MAIN_s46,reverse,4,4,0.8962790370,0.9355077595,0.9355077595,0.9355077595,0.0452127655,-0.0452127655,1093796
MAIN_s46,reverse,5,1,1.0000000000,1.0000000000,1.0000000000,1.0000000000,,,1062956
MAIN_s46,reverse,5,2,0.9864864945,0.9864864945,0.9864864945,0.9864864945,,,1073236
MAIN_s46,reverse,5,3,0.9661683043,0.9697144032,0.9697144032,0.9697144032,,,1083516
MAIN_s46,reverse,5,4,0.9504145235,0.9564524740,0.9564524740,0.9564524740,0.0045045018,-0.0045045018,1093796
MAIN_s46,reverse,6,1,0.8750000000,0.8750000000,0.8750000000,0.8750000000,,,1062956
MAIN_s46,reverse,6,2,0.8802759647,0.9115259647,0.8802759647,0.9115259647,,,1073236
MAIN_s46,reverse,6,3,0.9031771819,0.9240105152,0.9031771819,0.9240105152,,,1083516
MAIN_s46,reverse,6,4,0.9131783396,0.9316442460,0.9316442460,0.9316442460,0.0208333333,-0.0208333333,1093796
MAIN_s46,reverse,7,1,0.9333333373,0.9333333373,0.9333333373,0.9333333373,,,1062956
MAIN_s46,reverse,7,2,0.9600000083,0.9600000083,0.9600000083,0.9600000083,,,1073236
MAIN_s46,reverse,7,3,0.9154166778,0.9420833389,0.9376388987,0.9420833389,,,1083516
MAIN_s46,reverse,7,4,0.8941226453,0.9333666265,0.9300332963,0.9333666265,0.0488888820,-0.0488888820,1093796
MAIN_s46,reverse,8,1,0.8666666746,0.8666666746,0.8666666746,0.8666666746,,,1062956
MAIN_s46,reverse,8,2,0.8938596547,0.8938596547,0.8938596547,0.8938596547,,,1073236
MAIN_s46,reverse,8,3,0.8875731031,0.8875731031,0.8875731031,0.8875731031,,,1083516
MAIN_s46,reverse,8,4,0.8720677644,0.8834217638,0.8861099333,0.8834217638,0.0043859680,-0.0043859680,1093796
MAIN_s46,reverse,9,1,1.0000000000,1.0000000000,1.0000000000,1.0000000000,,,1062956
MAIN_s46,reverse,9,2,0.9691357911,0.9753086567,0.9753086567,0.9753086567,,,1073236
MAIN_s46,reverse,9,3,0.9465020696,0.9465020696,0.9465020696,0.9465020696,,,1083516
MAIN_s46,reverse,9,4,0.9045523405,0.9354200363,0.9175628871,0.9354200363,0.0339105527,-0.0297953089,1093796
MAIN_s46,reverse,10,1,1.0000000000,1.0000000000,1.0000000000,1.0000000000,,,1062956
MAIN_s46,reverse,10,2,0.9932432473,0.9932432473,0.9932432473,0.9932432473,,,1073236
MAIN_s46,reverse,10,3,0.9268884261,0.9588654637,0.9543609619,0.9588654637,,,1083516
MAIN_s46,reverse,10,4,0.9118329883,0.9385935366,0.9352151603,0.9385935366,0.0283140341,-0.0283140341,1093796
MAIN_s46,paper,1,1,0.8947368264,0.8947368264,0.8947368264,0.8947368264,,,1062956
MAIN_s46,paper,1,2,0.9043576717,0.9151103497,0.9151103497,0.9151103497,,,1073236
MAIN_s46,paper,1,3,0.9266647696,0.9302489956,0.9302489956,0.9302489956,,,1083516
MAIN_s46,paper,1,4,0.9223542809,0.9310200810,0.9310200810,0.9310200810,0.0079701742,-0.0043859482,1093796
MAIN_s46,paper,2,1,0.8947368264,0.8947368264,0.8947368264,0.8947368264,,,1062956
MAIN_s46,paper,2,2,0.8736841977,0.8789473474,0.8789473474,0.8789473474,,,1073236
MAIN_s46,paper,2,3,0.9069525599,0.9110677838,0.9104613463,0.9110677838,,,1083516
MAIN_s46,paper,2,4,0.9135477543,0.9333008379,0.9302144200,0.9333008379,0.0000000000,0.0035087665,1093796
MAIN_s46,paper,3,1,0.9252336621,0.9252336621,0.9252336621,0.9252336621,,,1062956
MAIN_s46,paper,3,2,0.9105334878,0.9157418311,0.9157418311,0.9157418311,,,1073236
MAIN_s46,paper,3,3,0.9228118062,0.9306699832,0.9306699832,0.9306699832,,,1083516
MAIN_s46,paper,3,4,0.9421088547,0.9480024874,0.9480024874,0.9480024874,0.0000000000,0.0000000000,1093796
MAIN_s46,paper,4,1,0.8571428657,0.8571428657,0.8571428657,0.8571428657,,,1062956
MAIN_s46,paper,4,2,0.8806990981,0.8966565430,0.8966565430,0.8966565430,,,1073236
MAIN_s46,paper,4,3,0.8998259505,0.9140103459,0.9140103459,0.9140103459,,,1083516
MAIN_s46,paper,4,4,0.8962790370,0.9355077595,0.9355077595,0.9355077595,0.0000000000,0.0000000000,1093796
MAIN_s46,paper,5,1,0.9166666865,0.9166666865,0.9166666865,0.9166666865,,,1062956
MAIN_s46,paper,5,2,0.9210993052,0.9264184535,0.9264184535,0.9264184535,,,1073236
MAIN_s46,paper,5,3,0.9338860313,0.9419366320,0.9419366320,0.9419366320,,,1083516
MAIN_s46,paper,5,4,0.9504145235,0.9564524740,0.9564524740,0.9564524740,0.0000000000,0.0000000000,1093796
MAIN_s46,paper,6,1,0.9545454383,0.9545454383,0.9545454383,0.9545454383,,,1062956
MAIN_s46,paper,6,2,0.9460807145,0.9517625272,0.9517625272,0.9517625272,,,1073236
MAIN_s46,paper,6,3,0.9467377861,0.9505256613,0.9505256613,0.9505256613,,,1083516
MAIN_s46,paper,6,4,0.9131783396,0.9316442460,0.9316442460,0.9316442460,0.0037878752,-0.0037878752,1093796
MAIN_s46,paper,7,1,0.9072164893,0.9072164893,0.9072164893,0.9072164893,,,1062956
MAIN_s46,paper,7,2,0.9015786052,0.9067332447,0.9067332447,0.9067332447,,,1073236
MAIN_s46,paper,7,3,0.9220604300,0.9333777229,0.9289332827,0.9333777229,,,1083516
MAIN_s46,paper,7,4,0.8941226453,0.9333666265,0.9300332963,0.9333666265,0.0034364263,-0.0034364263,1093796
MAIN_s46,paper,8,1,0.8709677458,0.8709677458,0.8709677458,0.8709677458,,,1062956
MAIN_s46,paper,8,2,0.8622311950,0.8729838729,0.8783602118,0.8729838729,,,1073236
MAIN_s46,paper,8,3,0.8774523735,0.8890067935,0.8925910195,0.8890067935,,,1083516
MAIN_s46,paper,8,4,0.8720677644,0.8834217638,0.8861099333,0.8834217638,0.0107526978,-0.0107526978,1093796
MAIN_s46,paper,9,1,0.9021739364,0.9021739364,0.9021739364,0.9021739364,,,1062956
MAIN_s46,paper,9,2,0.8698946238,0.8955314159,0.8955314159,0.8955314159,,,1073236
MAIN_s46,paper,9,3,0.8965459863,0.9138933818,0.9138933818,0.9138933818,,,1083516
MAIN_s46,paper,9,4,0.9045523405,0.9354200363,0.9175628871,0.9354200363,0.0072463751,-0.0038793882,1093796
MAIN_s46,paper,10,1,0.8777777553,0.8777777553,0.8777777553,0.8777777553,,,1062956
MAIN_s46,paper,10,2,0.8784493208,0.8839438260,0.8839438260,0.8839438260,,,1073236
MAIN_s46,paper,10,3,0.9099572102,0.9181247155,0.9136202137,0.9181247155,,,1083516
MAIN_s46,paper,10,4,0.9118329883,0.9385935366,0.9352151603,0.9385935366,0.0037036935,-0.0037036935,1093796
FINALA_s43,reverse,1,1,0.9333333373,0.9333333373,0.9333333373,0.9333333373,,,2119736
FINALA_s43,reverse,1,2,0.9535087645,0.9868420959,0.9868420959,0.9868420959,,,2134120
FINALA_s43,reverse,1,3,0.9395302733,0.9661384622,0.9661384622,0.9661384622,,,2148504
FINALA_s43,reverse,1,4,0.9176358134,0.9429683089,0.9402801245,0.9429683089,0.0151386658,-0.0151386658,2162888
FINALA_s43,reverse,2,1,0.9333333373,0.9333333373,0.9333333373,0.9333333373,,,2119736
FINALA_s43,reverse,2,2,0.9543209970,0.9543209970,0.9543209970,0.9543209970,,,2134120
FINALA_s43,reverse,2,3,0.9701104760,0.9742256999,0.9701104760,0.9742256999,,,2148504
FINALA_s43,reverse,2,4,0.9424951375,0.9622482210,0.9591618031,0.9622482210,0.0263374448,-0.0041152239,2162888
FINALA_s43,reverse,3,1,0.9333333373,0.9333333373,0.9333333373,0.9333333373,,,2119736
FINALA_s43,reverse,3,2,0.9671052694,0.9671052694,0.9671052694,0.9671052694,,,2134120
FINALA_s43,reverse,3,3,0.9433479508,0.9468201796,0.9468201796,0.9468201796,,,2148504
FINALA_s43,reverse,3,4,0.9388193786,0.9414235502,0.9414235502,0.9414235502,0.0000000000,0.0222222209,2162888
FINALA_s43,reverse,4,1,1.0000000000,1.0000000000,1.0000000000,1.0000000000,,,2119736
FINALA_s43,reverse,4,2,0.9615384638,0.9615384638,0.9615384638,0.9615384638,,,2134120
FINALA_s43,reverse,4,3,0.9545371930,0.9616293907,0.9616293907,0.9616293907,,,2148504
FINALA_s43,reverse,4,4,0.9163683206,0.9555970430,0.9555970430,0.9555970430,0.0452127655,-0.0366657575,2162888
FINALA_s43,reverse,5,1,0.9333333373,0.9333333373,0.9333333373,0.9333333373,,,2119736
FINALA_s43,reverse,5,2,0.9864864945,0.9864864945,0.9864864945,0.9864864945,,,2134120
FINALA_s43,reverse,5,3,0.9706728061,0.9742189050,0.9742189050,0.9742189050,,,2148504
FINALA_s43,reverse,5,4,0.9511333257,0.9598308504,0.9598308504,0.9598308504,0.0080506007,0.0186761220,2162888
FINALA_s43,reverse,6,1,0.8750000000,0.8750000000,0.8750000000,0.8750000000,,,2119736
FINALA_s43,reverse,6,2,0.9310064912,0.9622564912,0.9622564912,0.9622564912,,,2134120
FINALA_s43,reverse,6,3,0.9369975328,0.9578308662,0.9369975328,0.9578308662,,,2148504
FINALA_s43,reverse,6,4,0.9442254156,0.9626913369,0.9754754156,0.9626913369,0.0000000000,0.0000000000,2162888
FINALA_s43,reverse,7,1,0.9333333373,0.9333333373,0.9333333373,0.9333333373,,,2119736
FINALA_s43,reverse,7,2,0.9466666579,0.9466666579,0.9466666579,0.9466666579,,,2134120
FINALA_s43,reverse,7,3,0.9134722153,0.9401388764,0.9401388764,0.9401388764,,,2148504
FINALA_s43,reverse,7,4,0.9030004293,0.9422444105,0.9422444105,0.9422444105,0.0454166532,-0.0454166532,2162888
FINALA_s43,reverse,8,1,0.9333333373,0.9333333373,0.9333333373,0.9333333373,,,2119736
FINALA_s43,reverse,8,2,0.9004386067,0.9004386067,0.9004386067,0.9004386067,,,2134120
FINALA_s43,reverse,8,3,0.9150950313,0.9150950313,0.9373172522,0.9150950313,,,2148504
FINALA_s43,reverse,8,4,0.9065833837,0.9206255227,0.9179373533,0.9206255227,-0.0069444577,0.0113304257,2162888
FINALA_s43,reverse,9,1,1.0000000000,1.0000000000,1.0000000000,1.0000000000,,,2119736
FINALA_s43,reverse,9,2,0.9753086567,0.9814814925,0.9814814925,0.9814814925,,,2134120
FINALA_s43,reverse,9,3,0.9472502867,0.9472502867,0.9472502867,0.9472502867,,,2148504
FINALA_s43,reverse,9,4,0.9049213529,0.9357890636,0.9357890636,0.9357890636,0.0305435459,-0.0264283220,2162888
FINALA_s43,reverse,10,1,0.9285714030,0.9285714030,0.9285714030,0.9285714030,,,2119736
FINALA_s43,reverse,10,2,1.0000000000,1.0000000000,1.0000000000,1.0000000000,,,2134120
FINALA_s43,reverse,10,3,0.9350559314,0.9625284672,0.9588654637,0.9625284672,,,2148504
FINALA_s43,reverse,10,4,0.9290697277,0.9524518996,0.9524518996,0.9524518996,0.0283140341,-0.0045045018,2162888
FINALA_s43,paper,1,1,0.9052631855,0.9052631855,0.9052631855,0.9052631855,,,2119736
FINALA_s43,paper,1,2,0.8936049640,0.9043576717,0.8989813030,0.9043576717,,,2134120
FINALA_s43,paper,1,3,0.9203734994,0.9239577452,0.9239577452,0.9239577452,,,2148504
FINALA_s43,paper,1,4,0.9176358134,0.9429683089,0.9402801245,0.9429683089,0.0149877469,-0.0114035209,2162888
FINALA_s43,paper,2,1,0.9473684430,0.9473684430,0.9473684430,0.9473684430,,,2119736
FINALA_s43,paper,2,2,0.9368420839,0.9421052635,0.9421052635,0.9421052635,,,2134120
FINALA_s43,paper,2,3,0.9455490510,0.9531730612,0.9455490510,0.9531730612,,,2148504
FINALA_s43,paper,2,4,0.9424951375,0.9622482210,0.9591618031,0.9622482210,0.0035087665,-0.0035087665,2162888
FINALA_s43,paper,3,1,0.9158878326,0.9158878326,0.9158878326,0.9158878326,,,2119736
FINALA_s43,paper,3,2,0.9261584878,0.9313668311,0.9313668311,0.9313668311,,,2134120
FINALA_s43,paper,3,3,0.9218980670,0.9253702958,0.9297562639,0.9253702958,,,2148504
FINALA_s43,paper,3,4,0.9388193786,0.9414235502,0.9414235502,0.9414235502,0.0104166667,-0.0073013902,2162888
FINALA_s43,paper,4,1,0.9107142687,0.9107142687,0.9107142687,0.9107142687,,,2119736
FINALA_s43,paper,4,2,0.9074847996,0.9234422445,0.9234422445,0.9234422445,,,2134120
FINALA_s43,paper,4,3,0.9171131849,0.9312975804,0.9312975804,0.9312975804,,,2148504
FINALA_s43,paper,4,4,0.9163683206,0.9555970430,0.9555970430,0.9555970430,-0.0059523781,0.0089285771,2162888
FINALA_s43,paper,5,1,0.9062500000,0.9062500000,0.9062500000,0.9062500000,,,2119736
FINALA_s43,paper,5,2,0.9104610085,0.9210993052,0.9210993052,0.9210993052,,,2134120
FINALA_s43,paper,5,3,0.9348444343,0.9464411338,0.9464411338,0.9464411338,,,2148504
FINALA_s43,paper,5,4,0.9511333257,0.9598308504,0.9598308504,0.9598308504,0.0000000000,0.0070183277,2162888
FINALA_s43,paper,6,1,0.9772727489,0.9772727489,0.9772727489,0.9772727489,,,2119736
FINALA_s43,paper,6,2,0.9568645656,0.9625463784,0.9625463784,0.9625463784,,,2134120
FINALA_s43,paper,6,3,0.9635126789,0.9673005541,0.9635126789,0.9673005541,,,2148504
FINALA_s43,paper,6,4,0.9442254156,0.9626913369,0.9754754156,0.9626913369,0.0071892540,-0.0071892540,2162888
FINALA_s43,paper,7,1,0.9072164893,0.9072164893,0.9072164893,0.9072164893,,,2119736
FINALA_s43,paper,7,2,0.9171499014,0.9223045409,0.9223045409,0.9223045409,,,2134120
FINALA_s43,paper,7,3,0.9304610491,0.9417783419,0.9417783419,0.9417783419,,,2148504
FINALA_s43,paper,7,4,0.9030004293,0.9422444105,0.9422444105,0.9422444105,-0.0068728526,0.0103450815,2162888
FINALA_s43,paper,8,1,0.9032257795,0.9032257795,0.9032257795,0.9032257795,,,2119736
FINALA_s43,paper,8,2,0.8622311950,0.8837365508,0.8837365508,0.8837365508,,,2134120
FINALA_s43,paper,8,3,0.8906102777,0.9093331297,0.9093331297,0.9093331297,,,2148504
FINALA_s43,paper,8,4,0.9065833837,0.9206255227,0.9179373533,0.9206255227,0.0108646750,-0.0108646750,2162888
FINALA_s43,paper,9,1,0.9239130616,0.9239130616,0.9239130616,0.9239130616,,,2119736
FINALA_s43,paper,9,2,0.8698946238,0.8955314159,0.8955314159,0.8955314159,,,2134120
FINALA_s43,paper,9,3,0.8931789994,0.9146415989,0.9146415989,0.9146415989,,,2148504
FINALA_s43,paper,9,4,0.9049213529,0.9357890636,0.9357890636,0.9357890636,0.0106337468,-0.0106337468,2162888
FINALA_s43,paper,10,1,0.8999999762,0.8999999762,0.8999999762,0.8999999762,,,2119736
FINALA_s43,paper,10,2,0.9061660469,0.9116605520,0.9061660469,0.9116605520,,,2134120
FINALA_s43,paper,10,3,0.9329395294,0.9366025329,0.9366025329,0.9366025329,,,2148504
FINALA_s43,paper,10,4,0.9290697277,0.9524518996,0.9524518996,0.9524518996,0.0037036935,0.0037037134,2162888
FINALA_s44,reverse,1,1,0.9333333373,0.9333333373,0.9333333373,0.9333333373,,,2119736
FINALA_s44,reverse,1,2,0.9535087645,0.9868420959,0.9868420959,0.9868420959,,,2134120
FINALA_s44,reverse,1,3,0.9359460473,0.9625542363,0.9625542363,0.9625542363,,,2148504
FINALA_s44,reverse,1,4,0.9176358134,0.9429683089,0.9429683089,0.9429683089,0.0115544399,-0.0115544399,2162888
FINALA_s44,reverse,2,1,0.9333333373,0.9333333373,0.9333333373,0.9333333373,,,2119736
FINALA_s44,reverse,2,2,0.9543209970,0.9543209970,0.9543209970,0.9543209970,,,2134120
FINALA_s44,reverse,2,3,0.9701104760,0.9742256999,0.9742256999,0.9742256999,,,2148504
FINALA_s44,reverse,2,4,0.9429499656,0.9627030492,0.9596166313,0.9627030492,0.0257310073,-0.0035087864,2162888
FINALA_s44,reverse,3,1,0.9333333373,0.9333333373,0.9333333373,0.9333333373,,,2119736
FINALA_s44,reverse,3,2,0.9736842215,0.9736842215,0.9736842215,0.9736842215,,,2134120
FINALA_s44,reverse,3,3,0.9555920959,0.9590643247,0.9590643247,0.9590643247,,,2148504
FINALA_s44,reverse,3,4,0.9377036691,0.9403078407,0.9403078407,0.9403078407,0.0043859482,0.0222222209,2162888
FINALA_s44,reverse,4,1,1.0000000000,1.0000000000,1.0000000000,1.0000000000,,,2119736
FINALA_s44,reverse,4,2,0.9615384638,0.9615384638,0.9615384638,0.9615384638,,,2134120
FINALA_s44,reverse,4,3,0.9509910941,0.9580832918,0.9580832918,0.9580832918,,,2148504
FINALA_s44,reverse,4,4,0.9088170230,0.9480457455,0.9480457455,0.9480457455,0.0487588644,-0.0402118564,2162888
FINALA_s44,reverse,5,1,0.9333333373,0.9333333373,0.9333333373,0.9333333373,,,2119736
FINALA_s44,reverse,5,2,0.9864864945,0.9864864945,0.9864864945,0.9864864945,,,2134120
FINALA_s44,reverse,5,3,0.9626222054,0.9661683043,0.9661683043,0.9661683043,,,2148504
FINALA_s44,reverse,5,4,0.9510779083,0.9597754329,0.9597754329,0.9597754329,0.0035460989,0.0186761220,2162888
FINALA_s44,reverse,6,1,0.8750000000,0.8750000000,0.8750000000,0.8750000000,,,2119736
FINALA_s44,reverse,6,2,0.9310064912,0.9622564912,0.9622564912,0.9622564912,,,2134120
FINALA_s44,reverse,6,3,0.9403988918,0.9612322251,0.9612322251,0.9612322251,,,2148504
FINALA_s44,reverse,6,4,0.9439355284,0.9624014348,0.9751855284,0.9624014348,0.0000000000,0.0000000000,2162888
FINALA_s44,reverse,7,1,0.9333333373,0.9333333373,0.9333333373,0.9333333373,,,2119736
FINALA_s44,reverse,7,2,0.9466666579,0.9466666579,0.9466666579,0.9466666579,,,2134120
FINALA_s44,reverse,7,3,0.9100000064,0.9366666675,0.9322222273,0.9366666675,,,2148504
FINALA_s44,reverse,7,4,0.9029735774,0.9422175586,0.9422175586,0.9422175586,0.0454166730,-0.0454166730,2162888
FINALA_s44,reverse,8,1,0.9333333373,0.9333333373,0.9333333373,0.9333333373,,,2119736
FINALA_s44,reverse,8,2,0.9004386067,0.9004386067,0.9004386067,0.9004386067,,,2134120
FINALA_s44,reverse,8,3,0.9289839268,0.9289839268,0.9512061477,0.9289839268,,,2148504
FINALA_s44,reverse,8,4,0.9144798815,0.9285220355,0.9258338511,0.9285220355,0.0000000000,0.0043859680,2162888
FINALA_s44,reverse,9,1,1.0000000000,1.0000000000,1.0000000000,1.0000000000,,,2119736
FINALA_s44,reverse,9,2,0.9753086567,0.9814814925,0.9814814925,0.9814814925,,,2134120
FINALA_s44,reverse,9,3,0.9472502867,0.9472502867,0.9472502867,0.9472502867,,,2148504
FINALA_s44,reverse,9,4,0.9078309089,0.9386985898,0.9386985898,0.9386985898,0.0339105328,-0.0297953089,2162888
FINALA_s44,reverse,10,1,0.9285714030,0.9285714030,0.9285714030,0.9285714030,,,2119736
FINALA_s44,reverse,10,2,1.0000000000,1.0000000000,1.0000000000,1.0000000000,,,2134120
FINALA_s44,reverse,10,3,0.9387189349,0.9706959724,0.9625284672,0.9706959724,,,2148504
FINALA_s44,reverse,10,4,0.9179280847,0.9446886480,0.9385630190,0.9446886480,0.0283140341,-0.0045045018,2162888
FINALA_s44,paper,1,1,0.8947368264,0.8947368264,0.8947368264,0.8947368264,,,2119736
FINALA_s44,paper,1,2,0.8882286251,0.8989813030,0.8989813030,0.8989813030,,,2134120
FINALA_s44,paper,1,3,0.9202980399,0.9238822659,0.9238822659,0.9238822659,,,2148504
FINALA_s44,paper,1,4,0.9176358134,0.9429683089,0.9429683089,0.9429683089,0.0078947345,-0.0043105086,2162888
FINALA_s44,paper,2,1,0.9263157845,0.9263157845,0.9263157845,0.9263157845,,,2119736
FINALA_s44,paper,2,2,0.9368420839,0.9421052635,0.9421052635,0.9421052635,,,2134120
FINALA_s44,paper,2,3,0.9531730612,0.9607970715,0.9531730612,0.9607970715,,,2148504
FINALA_s44,paper,2,4,0.9429499656,0.9627030492,0.9596166313,0.9627030492,0.0070175529,0.0000000000,2162888
FINALA_s44,paper,3,1,0.9158878326,0.9158878326,0.9158878326,0.9158878326,,,2119736
FINALA_s44,paper,3,2,0.9256230593,0.9308313727,0.9308313727,0.9308313727,,,2134120
FINALA_s44,paper,3,3,0.9293992917,0.9328715205,0.9372574687,0.9328715205,,,2148504
FINALA_s44,paper,3,4,0.9377036691,0.9403078407,0.9403078407,0.9403078407,0.0159332951,-0.0097027620,2162888
FINALA_s44,paper,4,1,0.9196428657,0.9196428657,0.9196428657,0.9196428657,,,2119736
FINALA_s44,paper,4,2,0.9066299498,0.9225873947,0.9225873947,0.9225873947,,,2134120
FINALA_s44,paper,4,3,0.9141369859,0.9283213814,0.9283213814,0.9283213814,,,2148504
FINALA_s44,paper,4,4,0.9088170230,0.9480457455,0.9480457455,0.9480457455,0.0005699197,-0.0005699197,2162888
FINALA_s44,paper,5,1,0.9375000000,0.9375000000,0.9375000000,0.9375000000,,,2119736
FINALA_s44,paper,5,2,0.9156693220,0.9263076186,0.9263076186,0.9263076186,,,2134120
FINALA_s44,paper,5,3,0.9382427732,0.9498394728,0.9498394728,0.9498394728,,,2148504
FINALA_s44,paper,5,4,0.9510779083,0.9597754329,0.9597754329,0.9597754329,0.0034722288,-0.0034722288,2162888
FINALA_s44,paper,6,1,0.9886363745,0.9886363745,0.9886363745,0.9886363745,,,2119736
FINALA_s44,paper,6,2,0.9568645656,0.9625463784,0.9625463784,0.9625463784,,,2134120
FINALA_s44,paper,6,3,0.9669140379,0.9707019130,0.9669140379,0.9707019130,,,2148504
FINALA_s44,paper,6,4,0.9439355284,0.9624014348,0.9751855284,0.9624014348,0.0113636454,-0.0113636454,2162888
FINALA_s44,paper,7,1,0.9587628841,0.9587628841,0.9587628841,0.9587628841,,,2119736
FINALA_s44,paper,7,2,0.9274055064,0.9325601459,0.9325601459,0.9325601459,,,2134120
FINALA_s44,paper,7,3,0.9441709518,0.9554882447,0.9554882447,0.9554882447,,,2148504
FINALA_s44,paper,7,4,0.9029735774,0.9422175586,0.9422175586,0.9422175586,0.0068728526,-0.0034006437,2162888
FINALA_s44,paper,8,1,0.9139785171,0.9139785171,0.9139785171,0.9139785171,,,2119736
FINALA_s44,paper,8,2,0.8778561950,0.8993615508,0.8939852118,0.8993615508,,,2134120
FINALA_s44,paper,8,3,0.9010269443,0.9197497964,0.9197497964,0.9197497964,,,2148504
FINALA_s44,paper,8,4,0.9144798815,0.9285220355,0.9258338511,0.9285220355,0.0143369238,-0.0143369238,2162888
FINALA_s44,paper,9,1,0.9347826242,0.9347826242,0.9347826242,0.9347826242,,,2119736
FINALA_s44,paper,9,2,0.8702788949,0.8959156871,0.8959156871,0.8959156871,,,2134120
FINALA_s44,paper,9,3,0.8931789994,0.9105263750,0.9146415989,0.9105263750,,,2148504
FINALA_s44,paper,9,4,0.9078309089,0.9386985898,0.9386985898,0.9386985898,0.0103775263,-0.0070105195,2162888
FINALA_s44,paper,10,1,0.8888888955,0.8888888955,0.8888888955,0.8888888955,,,2119736
FINALA_s44,paper,10,2,0.8949939013,0.9004884064,0.8949939013,0.9004884064,,,2134120
FINALA_s44,paper,10,3,0.9181247155,0.9262922208,0.9181247155,0.9262922208,,,2148504
FINALA_s44,paper,10,4,0.9179280847,0.9446886480,0.9385630190,0.9446886480,0.0111111204,-0.0111111204,2162888
FINALA_s45,reverse,1,1,0.9333333373,0.9333333373,0.9333333373,0.9333333373,,,2119736
FINALA_s45,reverse,1,2,0.9535087645,0.9868420959,0.9868420959,0.9868420959,,,2134120
FINALA_s45,reverse,1,3,0.9395302733,0.9661384622,0.9661384622,0.9661384622,,,2148504
FINALA_s45,reverse,1,4,0.9176358134,0.9429683089,0.9402801245,0.9429683089,0.0151386658,-0.0151386658,2162888
FINALA_s45,reverse,2,1,0.9333333373,0.9333333373,0.9333333373,0.9333333373,,,2119736
FINALA_s45,reverse,2,2,0.9938271642,0.9938271642,0.9938271642,0.9938271642,,,2134120
FINALA_s45,reverse,2,3,0.9736192425,0.9777344664,0.9736192425,0.9777344664,,,2148504
FINALA_s45,reverse,2,4,0.9424951226,0.9622482061,0.9591617882,0.9622482061,0.0374702215,-0.0152480006,2162888
FINALA_s45,reverse,3,1,0.9333333373,0.9333333373,0.9333333373,0.9333333373,,,2119736
FINALA_s45,reverse,3,2,0.9736842215,0.9736842215,0.9736842215,0.9736842215,,,2134120
FINALA_s45,reverse,3,3,0.9477339188,0.9512061477,0.9512061477,0.9512061477,,,2148504
FINALA_s45,reverse,3,4,0.9414235502,0.9440277219,0.9440277219,0.9440277219,0.0009137392,0.0213084817,2162888
FINALA_s45,reverse,4,1,1.0000000000,1.0000000000,1.0000000000,1.0000000000,,,2119736
FINALA_s45,reverse,4,2,0.9679487050,0.9679487050,0.9679487050,0.9679487050,,,2134120
FINALA_s45,reverse,4,3,0.9509910941,0.9580832918,0.9580832918,0.9580832918,,,2148504
FINALA_s45,reverse,4,4,0.9092444628,0.9484731853,0.9484731853,0.9484731853,0.0452127655,-0.0409392516,2162888
FINALA_s45,reverse,5,1,0.9333333373,0.9333333373,0.9333333373,0.9333333373,,,2119736
FINALA_s45,reverse,5,2,0.9864864945,0.9864864945,0.9864864945,0.9864864945,,,2134120
FINALA_s45,reverse,5,3,0.9706728061,0.9742189050,0.9742189050,0.9742189050,,,2148504
FINALA_s45,reverse,5,4,0.9511333257,0.9598308504,0.9598308504,0.9598308504,0.0080506007,0.0186761220,2162888
FINALA_s45,reverse,6,1,0.9375000000,0.9375000000,0.9375000000,0.9375000000,,,2119736
FINALA_s45,reverse,6,2,0.9310064912,0.9622564912,0.9622564912,0.9622564912,,,2134120
FINALA_s45,reverse,6,3,0.9369975328,0.9578308662,0.9369975328,0.9578308662,,,2148504
FINALA_s45,reverse,6,4,0.9467764348,0.9652423561,0.9780264348,0.9652423561,0.0174319744,-0.0174319744,2162888
FINALA_s45,reverse,7,1,0.9333333373,0.9333333373,0.9333333373,0.9333333373,,,2119736
FINALA_s45,reverse,7,2,0.9466666579,0.9466666579,0.9466666579,0.9466666579,,,2134120
FINALA_s45,reverse,7,3,0.9100000064,0.9366666675,0.9366666675,0.9366666675,,,2148504
FINALA_s45,reverse,7,4,0.8952147812,0.9344587624,0.9318814427,0.9344587624,0.0488888820,-0.0488888820,2162888
FINALA_s45,reverse,8,1,0.9333333373,0.9333333373,0.9333333373,0.9333333373,,,2119736
FINALA_s45,reverse,8,2,0.8938596547,0.8938596547,0.8938596547,0.8938596547,,,2134120
FINALA_s45,reverse,8,3,0.9245979587,0.9245979587,0.9468201796,0.9245979587,,,2148504
FINALA_s45,reverse,8,4,0.9137945771,0.9245472699,0.9251485616,0.9245472699,-0.0034722288,0.0078581969,2162888
FINALA_s45,reverse,9,1,1.0000000000,1.0000000000,1.0000000000,1.0000000000,,,2119736
FINALA_s45,reverse,9,2,0.9691357911,0.9753086567,0.9753086567,0.9753086567,,,2134120
FINALA_s45,reverse,9,3,0.9397680561,0.9397680561,0.9397680561,0.9397680561,,,2148504
FINALA_s45,reverse,9,4,0.8965923041,0.9274599999,0.9274599999,0.9274599999,0.0305435260,-0.0264282823,2162888
FINALA_s45,reverse,10,1,0.9285714030,0.9285714030,0.9285714030,0.9285714030,,,2119736
FINALA_s45,reverse,10,2,1.0000000000,1.0000000000,1.0000000000,1.0000000000,,,2134120
FINALA_s45,reverse,10,3,0.9387189349,0.9706959724,0.9625284672,0.9706959724,,,2148504
FINALA_s45,reverse,10,4,0.9318474978,0.9586080611,0.9524824321,0.9586080611,0.0319770376,-0.0081675053,2162888
FINALA_s45,paper,1,1,0.8736842275,0.8736842275,0.8736842275,0.8736842275,,,2119736
FINALA_s45,paper,1,2,0.8882286251,0.8989813030,0.8936049640,0.8989813030,,,2134120
FINALA_s45,paper,1,3,0.9167892734,0.9203734994,0.9238822659,0.9203734994,,,2148504
FINALA_s45,paper,1,4,0.9176358134,0.9429683089,0.9402801245,0.9429683089,0.0078947345,0.0027070244,2162888
FINALA_s45,paper,2,1,0.9473684430,0.9473684430,0.9473684430,0.9473684430,,,2119736
FINALA_s45,paper,2,2,0.9368420839,0.9421052635,0.9421052635,0.9421052635,,,2134120
FINALA_s45,paper,2,3,0.9525666237,0.9566818476,0.9525666237,0.9566818476,,,2148504
FINALA_s45,paper,2,4,0.9424951226,0.9622482061,0.9591617882,0.9622482061,0.0070175727,-0.0035087864,2162888
FINALA_s45,paper,3,1,0.9345794320,0.9345794320,0.9345794320,0.9345794320,,,2119736
FINALA_s45,paper,3,2,0.9256230593,0.9308313727,0.9308313727,0.9308313727,,,2134120
FINALA_s45,paper,3,3,0.9284855525,0.9319577614,0.9319577614,0.9319577614,,,2148504
FINALA_s45,paper,3,4,0.9414235502,0.9440277219,0.9440277219,0.9440277219,0.0065874855,-0.0065874855,2162888
FINALA_s45,paper,4,1,0.9285714030,0.9285714030,0.9285714030,0.9285714030,,,2119736
FINALA_s45,paper,4,2,0.9119490981,0.9279065430,0.9279065430,0.9279065430,,,2134120
FINALA_s45,paper,4,3,0.9200893641,0.9342737595,0.9342737595,0.9342737595,,,2148504
FINALA_s45,paper,4,4,0.9092444628,0.9484731853,0.9484731853,0.9484731853,0.0065222780,-0.0065222780,2162888
FINALA_s45,paper,5,1,0.9375000000,0.9375000000,0.9375000000,0.9375000000,,,2119736
FINALA_s45,paper,5,2,0.9261968136,0.9368351102,0.9368351102,0.9368351102,,,2134120
FINALA_s45,paper,5,3,0.9417888721,0.9533855716,0.9533855716,0.9533855716,,,2148504
FINALA_s45,paper,5,4,0.9511333257,0.9598308504,0.9598308504,0.9598308504,0.0069444378,-0.0069444378,2162888
FINALA_s45,paper,6,1,0.9772727489,0.9772727489,0.9772727489,0.9772727489,,,2119736
FINALA_s45,paper,6,2,0.9568645656,0.9625463784,0.9625463784,0.9625463784,,,2134120
FINALA_s45,paper,6,3,0.9635126789,0.9673005541,0.9635126789,0.9673005541,,,2148504
FINALA_s45,paper,6,4,0.9467764348,0.9652423561,0.9780264348,0.9652423561,0.0037878950,-0.0037878950,2162888
FINALA_s45,paper,7,1,0.9072164893,0.9072164893,0.9072164893,0.9072164893,,,2119736
FINALA_s45,paper,7,2,0.9119415879,0.9170962274,0.9170962274,0.9170962274,,,2134120
FINALA_s45,paper,7,3,0.9338258902,0.9451431831,0.9451431831,0.9451431831,,,2148504
FINALA_s45,paper,7,4,0.8952147812,0.9344587624,0.9318814427,0.9344587624,0.0068728526,0.0034364263,2162888
FINALA_s45,paper,8,1,0.9139785171,0.9139785171,0.9139785171,0.9139785171,,,2119736
FINALA_s45,paper,8,2,0.8886088729,0.9101142585,0.9101142585,0.9101142585,,,2134120
FINALA_s45,paper,8,3,0.9038094282,0.9181463520,0.9225323200,0.9181463520,,,2148504
FINALA_s45,paper,8,4,0.9137945771,0.9245472699,0.9251485616,0.9245472699,0.0108646949,-0.0108646949,2162888
FINALA_s45,paper,9,1,0.9130434990,0.9130434990,0.9130434990,0.9130434990,,,2119736
FINALA_s45,paper,9,2,0.8644598424,0.8900966346,0.8900966346,0.8900966346,,,2134120
FINALA_s45,paper,9,3,0.8892995914,0.9066470067,0.9107622306,0.9066470067,,,2148504
FINALA_s45,paper,9,4,0.8965923041,0.9274599999,0.9274599999,0.9274599999,0.0214829445,-0.0181159576,2162888
FINALA_s45,paper,10,1,0.8999999762,0.8999999762,0.8999999762,0.8999999762,,,2119736
FINALA_s45,paper,10,2,0.9006715417,0.9061660469,0.9006715417,0.9061660469,,,2134120
FINALA_s45,paper,10,3,0.9366432428,0.9448107481,0.9366432428,0.9448107481,,,2148504
FINALA_s45,paper,10,4,0.9318474978,0.9586080611,0.9524824321,0.9586080611,0.0037037134,0.0110704104,2162888
FINALA_s46,reverse,1,1,0.9333333373,0.9333333373,0.9333333373,0.9333333373,,,2119736
FINALA_s46,reverse,1,2,0.9535087645,0.9868420959,0.9868420959,0.9868420959,,,2134120
FINALA_s46,reverse,1,3,0.9359460473,0.9625542363,0.9625542363,0.9625542363,,,2148504
FINALA_s46,reverse,1,4,0.9123160690,0.9209818840,0.9376485497,0.9209818840,0.0151386658,-0.0151386658,2162888
FINALA_s46,reverse,2,1,0.9333333373,0.9333333373,0.9333333373,0.9333333373,,,2119736
FINALA_s46,reverse,2,2,0.9604938328,0.9604938328,0.9604938328,0.9604938328,,,2134120
FINALA_s46,reverse,2,3,0.9707169135,0.9748321374,0.9707169135,0.9748321374,,,2148504
FINALA_s46,reverse,2,4,0.9482131302,0.9679662138,0.9648797959,0.9679662138,0.0263374448,-0.0041152239,2162888
FINALA_s46,reverse,3,1,0.9333333373,0.9333333373,0.9333333373,0.9333333373,,,2119736
FINALA_s46,reverse,3,2,0.9736842215,0.9736842215,0.9736842215,0.9736842215,,,2134120
FINALA_s46,reverse,3,3,0.9555920959,0.9590643247,0.9590643247,0.9590643247,,,2148504
FINALA_s46,reverse,3,4,0.9430618584,0.9456660300,0.9456660300,0.9456660300,0.0034722288,0.0231359402,2162888
FINALA_s46,reverse,4,1,1.0000000000,1.0000000000,1.0000000000,1.0000000000,,,2119736
FINALA_s46,reverse,4,2,0.9615384638,0.9615384638,0.9615384638,0.9615384638,,,2134120
FINALA_s46,reverse,4,3,0.9580832918,0.9651754896,0.9651754896,0.9651754896,,,2148504
FINALA_s46,reverse,4,4,0.9052076042,0.9444363266,0.9444363266,0.9444363266,0.0487588644,-0.0402118564,2162888
FINALA_s46,reverse,5,1,1.0000000000,1.0000000000,1.0000000000,1.0000000000,,,2119736
FINALA_s46,reverse,5,2,0.9864864945,0.9864864945,0.9864864945,0.9864864945,,,2134120
FINALA_s46,reverse,5,3,0.9706728061,0.9742189050,0.9742189050,0.9742189050,,,2148504
FINALA_s46,reverse,5,4,0.9537374824,0.9624350071,0.9624350071,0.9624350071,0.0080506007,-0.0035460989,2162888
FINALA_s46,reverse,6,1,0.9375000000,0.9375000000,0.9375000000,0.9375000000,,,2119736
FINALA_s46,reverse,6,2,0.9310064912,0.9622564912,0.9622564912,0.9622564912,,,2134120
FINALA_s46,reverse,6,3,0.9403988918,0.9612322251,0.9612322251,0.9612322251,,,2148504
FINALA_s46,reverse,6,4,0.9467764348,0.9652423561,0.9624014348,0.9652423561,0.0208333333,-0.0208333333,2162888
FINALA_s46,reverse,7,1,0.9333333373,0.9333333373,0.9333333373,0.9333333373,,,2119736
FINALA_s46,reverse,7,2,0.9466666579,0.9466666579,0.9466666579,0.9466666579,,,2134120
FINALA_s46,reverse,7,3,0.9134722153,0.9401388764,0.9401388764,0.9401388764,,,2148504
FINALA_s46,reverse,7,4,0.9055240601,0.9447680414,0.9447680414,0.9447680414,0.0523610910,-0.0523610910,2162888
FINALA_s46,reverse,8,1,0.9333333373,0.9333333373,0.9333333373,0.9333333373,,,2119736
FINALA_s46,reverse,8,2,0.8938596547,0.8938596547,0.8938596547,0.8938596547,,,2134120
FINALA_s46,reverse,8,3,0.9167397618,0.9167397618,0.9389619827,0.9167397618,,,2148504
FINALA_s46,reverse,8,4,0.9079009295,0.9159654379,0.9192549139,0.9159654379,-0.0034722288,0.0034722288,2162888
FINALA_s46,reverse,9,1,1.0000000000,1.0000000000,1.0000000000,1.0000000000,,,2119736
FINALA_s46,reverse,9,2,0.9753086567,0.9814814925,0.9814814925,0.9814814925,,,2134120
FINALA_s46,reverse,9,3,0.9472502867,0.9472502867,0.9472502867,0.9472502867,,,2148504
FINALA_s46,reverse,9,4,0.9051135182,0.9359811991,0.9359811991,0.9359811991,0.0339105328,-0.0297953089,2162888
FINALA_s46,reverse,10,1,0.9285714030,0.9285714030,0.9285714030,0.9285714030,,,2119736
FINALA_s46,reverse,10,2,1.0000000000,1.0000000000,1.0000000000,1.0000000000,,,2134120
FINALA_s46,reverse,10,3,0.9313929280,0.9588654637,0.9552024603,0.9588654637,,,2148504
FINALA_s46,reverse,10,4,0.9318474978,0.9552296847,0.9552296847,0.9552296847,0.0246510307,-0.0008414984,2162888
FINALA_s46,paper,1,1,0.8842105269,0.8842105269,0.8842105269,0.8842105269,,,2119736
FINALA_s46,paper,1,2,0.8775891364,0.8883418143,0.8883418143,0.8883418143,,,2134120
FINALA_s46,paper,1,3,0.9132050474,0.9167892734,0.9202980399,0.9167892734,,,2148504
FINALA_s46,paper,1,4,0.9123160690,0.9209818840,0.9376485497,0.9209818840,0.0078947345,-0.0043105086,2162888
FINALA_s46,paper,2,1,0.9368420839,0.9368420839,0.9368420839,0.9368420839,,,2119736
FINALA_s46,paper,2,2,0.9315789342,0.9368420839,0.9368420839,0.9368420839,,,2134120
FINALA_s46,paper,2,3,0.9496642947,0.9572882851,0.9496642947,0.9572882851,,,2148504
FINALA_s46,paper,2,4,0.9482131302,0.9679662138,0.9648797959,0.9679662138,-0.0035087665,0.0070175529,2162888
FINALA_s46,paper,3,1,0.9252336621,0.9252336621,0.9252336621,0.9252336621,,,2119736
FINALA_s46,paper,3,2,0.9209501743,0.9261584878,0.9261584878,0.9261584878,,,2134120
FINALA_s46,paper,3,3,0.9259270628,0.9293992917,0.9293992917,0.9293992917,,,2148504
FINALA_s46,paper,3,4,0.9430618584,0.9456660300,0.9456660300,0.9456660300,0.0087890426,-0.0056737860,2162888
FINALA_s46,paper,4,1,0.9375000000,0.9375000000,0.9375000000,0.9375000000,,,2119736
FINALA_s46,paper,4,2,0.9119490981,0.9279065430,0.9172682464,0.9279065430,,,2134120
FINALA_s46,paper,4,3,0.9176830848,0.9318674803,0.9318674803,0.9318674803,,,2148504
FINALA_s46,paper,4,4,0.9052076042,0.9444363266,0.9444363266,0.9444363266,0.0148809552,-0.0148809552,2162888
FINALA_s46,paper,5,1,0.9270833135,0.9270833135,0.9270833135,0.9270833135,,,2119736
FINALA_s46,paper,5,2,0.9209884703,0.9316267669,0.9316267669,0.9316267669,,,2134120
FINALA_s46,paper,5,3,0.9383166432,0.9499133428,0.9499133428,0.9499133428,,,2148504
FINALA_s46,paper,5,4,0.9537374824,0.9624350071,0.9624350071,0.9624350071,0.0000000000,0.0000000000,2162888
FINALA_s46,paper,6,1,0.9886363745,0.9886363745,0.9886363745,0.9886363745,,,2119736
FINALA_s46,paper,6,2,0.9676484168,0.9733302593,0.9733302593,0.9733302593,,,2134120
FINALA_s46,paper,6,3,0.9707019130,0.9744898081,0.9707019130,0.9744898081,,,2148504
FINALA_s46,paper,6,4,0.9467764348,0.9652423561,0.9624014348,0.9652423561,0.0109771291,-0.0109771291,2162888
FINALA_s46,paper,7,1,0.9690721631,0.9690721631,0.9690721631,0.9690721631,,,2119736
FINALA_s46,paper,7,2,0.9532323778,0.9583870173,0.9583870173,0.9583870173,,,2134120
FINALA_s46,paper,7,3,0.9476073782,0.9589246710,0.9589246710,0.9589246710,,,2148504
FINALA_s46,paper,7,4,0.9055240601,0.9447680414,0.9447680414,0.9447680414,0.0103450616,-0.0069086353,2162888
FINALA_s46,paper,8,1,0.9032257795,0.9032257795,0.9032257795,0.9032257795,,,2119736
FINALA_s46,paper,8,2,0.8887768686,0.9102822542,0.9102822542,0.9102822542,,,2134120
FINALA_s46,paper,8,3,0.8959512313,0.9067039092,0.9146741231,0.9067039092,,,2148504
FINALA_s46,paper,8,4,0.9079009295,0.9159654379,0.9192549139,0.9159654379,0.0072804491,-0.0072804491,2162888
FINALA_s46,paper,9,1,0.9239130616,0.9239130616,0.9239130616,0.9239130616,,,2119736
FINALA_s46,paper,9,2,0.8698946238,0.8955314159,0.8955314159,0.8955314159,,,2134120
FINALA_s46,paper,9,3,0.8931789994,0.9146415989,0.9146415989,0.9146415989,,,2148504
FINALA_s46,paper,9,4,0.9051135182,0.9359811991,0.9359811991,0.9359811991,0.0103775263,-0.0103775263,2162888
FINALA_s46,paper,10,1,0.9111111164,0.9111111164,0.9111111164,0.9111111164,,,2119736
FINALA_s46,paper,10,2,0.8951770365,0.9006715417,0.9006715417,0.9006715417,,,2134120
FINALA_s46,paper,10,3,0.9366432428,0.9403062463,0.9403062463,0.9403062463,,,2148504
FINALA_s46,paper,10,4,0.9318474978,0.9552296847,0.9552296847,0.9552296847,0.0037037134,0.0110297004,2162888
MAIN_5seed,reverse,1,1,0.9333333373,0.9333333373,0.9333333373,0.9333333373,,,1062956
MAIN_5seed,reverse,1,2,0.9109649122,0.9442982435,0.9176315784,0.9442982435,,,1073236
MAIN_5seed,reverse,1,3,0.9319562395,0.9363421957,0.9363421957,0.9363421957,,,1083516
MAIN_5seed,reverse,1,4,0.9141171575,0.9227829635,0.9227829635,0.9227829635,0.0115544081,-0.0115544081,1093796
MAIN_5seed,reverse,2,1,0.9866666675,0.9866666675,0.9866666675,0.9866666675,,,1062956
MAIN_5seed,reverse,2,2,0.9797530949,0.9797530949,0.9797530949,0.9797530949,,,1073236
MAIN_5seed,reverse,2,3,0.9578254302,0.9619406581,0.9611176133,0.9619406581,,,1083516
MAIN_5seed,reverse,2,4,0.9259129345,0.9456660211,0.9450487375,0.9456660211,0.0263374488,-0.0263374488,1093796
MAIN_5seed,reverse,3,1,1.0000000000,1.0000000000,1.0000000000,1.0000000000,,,1062956
MAIN_5seed,reverse,3,2,0.9723684251,0.9789473653,0.9789473653,0.9789473653,,,1073236
MAIN_5seed,reverse,3,3,0.9482456128,0.9561038017,0.9561038017,0.9561038017,,,1083516
MAIN_5seed,reverse,3,4,0.9429599136,0.9488535553,0.9488535553,0.9488535553,0.0000000000,0.0000000000,1093796
MAIN_5seed,reverse,4,1,1.0000000000,1.0000000000,1.0000000000,1.0000000000,,,1062956
MAIN_5seed,reverse,4,2,0.9743589759,0.9743589759,0.9743589759,0.9743589759,,,1073236
MAIN_5seed,reverse,4,3,0.9524095337,0.9595017314,0.9595017314,0.9595017314,,,1083516
MAIN_5seed,reverse,4,4,0.8960225761,0.9352512985,0.9290012985,0.9352512985,0.0452127655,-0.0452127655,1093796
MAIN_5seed,reverse,5,1,1.0000000000,1.0000000000,1.0000000000,1.0000000000,,,1062956
MAIN_5seed,reverse,5,2,0.9891891956,0.9891891956,0.9891891956,0.9891891956,,,1073236
MAIN_5seed,reverse,5,3,0.9686793248,0.9722254237,0.9722254237,0.9722254237,,,1083516
MAIN_5seed,reverse,5,4,0.9533394545,0.9593774050,0.9593774050,0.9593774050,0.0045045018,-0.0045045018,1093796
MAIN_5seed,reverse,6,1,0.8750000000,0.8750000000,0.8750000000,0.8750000000,,,1062956
MAIN_5seed,reverse,6,2,0.8854707718,0.9167207718,0.8854707718,0.9167207718,,,1073236
MAIN_5seed,reverse,6,3,0.9025587479,0.9233920813,0.9025587479,0.9233920813,,,1083516
MAIN_5seed,reverse,6,4,0.9115781516,0.9300440580,0.9269190580,0.9300440580,0.0208333333,-0.0208333333,1093796
MAIN_5seed,reverse,7,1,0.9333333373,0.9333333373,0.9333333373,0.9333333373,,,1062956
MAIN_5seed,reverse,7,2,0.9506666660,0.9506666660,0.9506666660,0.9506666660,,,1073236
MAIN_5seed,reverse,7,3,0.9119722247,0.9386388898,0.9341944456,0.9386388898,,,1083516
MAIN_5seed,reverse,7,4,0.8920547694,0.9312987536,0.9279654205,0.9312987536,0.0488888860,-0.0488888860,1093796
MAIN_5seed,reverse,8,1,0.8800000072,0.8800000072,0.8800000072,0.8800000072,,,1062956
MAIN_5seed,reverse,8,2,0.9189473629,0.9189473629,0.9189473629,0.9189473629,,,1073236
MAIN_5seed,reverse,8,3,0.9063815753,0.9063815753,0.9063815753,0.9063815753,,,1083516
MAIN_5seed,reverse,8,4,0.8829483211,0.8959152162,0.8959152162,0.8959152162,0.0043859601,-0.0043859601,1093796
MAIN_5seed,reverse,9,1,1.0000000000,1.0000000000,1.0000000000,1.0000000000,,,1062956
MAIN_5seed,reverse,9,2,0.9654320896,0.9716049373,0.9716049373,0.9716049373,,,1073236
MAIN_5seed,reverse,9,3,0.9440329234,0.9440329234,0.9440329234,0.9440329234,,,1083516
MAIN_5seed,reverse,9,4,0.9005265594,0.9330246985,0.9135371149,0.9330246985,0.0339105527,-0.0297953208,1093796
MAIN_5seed,reverse,10,1,1.0000000000,1.0000000000,1.0000000000,1.0000000000,,,1062956
MAIN_5seed,reverse,10,2,0.9878378451,0.9878378451,0.9878378451,0.9878378451,,,1073236
MAIN_5seed,reverse,10,3,0.9272844275,0.9574596643,0.9547569633,0.9574596643,,,1083516
MAIN_5seed,reverse,10,4,0.9104633182,0.9358725250,0.9338454992,0.9358725250,0.0265122334,-0.0265122334,1093796
MAIN_5seed,paper,1,1,0.8821052670,0.8821052670,0.8821052670,0.8821052670,,,1062956
MAIN_5seed,paper,1,2,0.8905150056,0.9012676835,0.9012676835,0.9012676835,,,1073236
MAIN_5seed,paper,1,3,0.9156819463,0.9192661723,0.9192661723,0.9192661723,,,1083516
MAIN_5seed,paper,1,4,0.9141171575,0.9227829635,0.9227829635,0.9227829635,0.0079701821,-0.0043859561,1093796
MAIN_5seed,paper,2,1,0.8968421102,0.8968421102,0.8968421102,0.8968421102,,,1062956
MAIN_5seed,paper,2,2,0.9063157856,0.9115789473,0.9115789473,0.9115789473,,,1073236
MAIN_5seed,paper,2,3,0.9250768900,0.9319991390,0.9318778515,0.9319991390,,,1083516
MAIN_5seed,paper,2,4,0.9259129345,0.9456660211,0.9450487375,0.9456660211,-0.0028070211,0.0035087744,1093796
MAIN_5seed,paper,3,1,0.9271028161,0.9271028161,0.9271028161,0.9271028161,,,1062956
MAIN_5seed,paper,3,2,0.9135514021,0.9187597454,0.9187597454,0.9187597454,,,1073236
MAIN_5seed,paper,3,3,0.9239465515,0.9318047404,0.9318047404,0.9318047404,,,1083516
MAIN_5seed,paper,3,4,0.9429599136,0.9488535553,0.9488535553,0.9488535553,0.0000000000,0.0000000000,1093796
MAIN_5seed,paper,4,1,0.8625000000,0.8625000000,0.8625000000,0.8625000000,,,1062956
MAIN_5seed,paper,4,2,0.8801861763,0.8961436212,0.8961436212,0.8961436212,,,1073236
MAIN_5seed,paper,4,3,0.8994840026,0.9136683981,0.9136683981,0.9136683981,,,1083516
MAIN_5seed,paper,4,4,0.8960225761,0.9352512985,0.9290012985,0.9352512985,0.0000000000,0.0000000000,1093796
MAIN_5seed,paper,5,1,0.9208333492,0.9208333492,0.9208333492,0.9208333492,,,1062956
MAIN_5seed,paper,5,2,0.9242464662,0.9295656145,0.9295656145,0.9295656145,,,1073236
MAIN_5seed,paper,5,3,0.9377859394,0.9458365401,0.9458365401,0.9458365401,,,1083516
MAIN_5seed,paper,5,4,0.9533394545,0.9593774050,0.9593774050,0.9593774050,0.0000000000,0.0000000000,1093796
MAIN_5seed,paper,6,1,0.9499999881,0.9499999881,0.9499999881,0.9499999881,,,1062956
MAIN_5seed,paper,6,2,0.9376855314,0.9433673441,0.9433673441,0.9433673441,,,1073236
MAIN_5seed,paper,6,3,0.9446042021,0.9483920773,0.9483920773,0.9483920773,,,1083516
MAIN_5seed,paper,6,4,0.9115781516,0.9300440580,0.9269190580,0.9300440580,0.0037878752,-0.0037878752,1093796
MAIN_5seed,paper,7,1,0.9092783451,0.9092783451,0.9092783451,0.9092783451,,,1062956
MAIN_5seed,paper,7,2,0.9067762017,0.9119308412,0.9119308412,0.9119308412,,,1073236
MAIN_5seed,paper,7,3,0.9193032622,0.9306205591,0.9261761149,0.9306205591,,,1083516
MAIN_5seed,paper,7,4,0.8920547694,0.9312987536,0.9279654205,0.9312987536,0.0034364263,-0.0034364263,1093796
MAIN_5seed,paper,8,1,0.8645161390,0.8645161390,0.8645161390,0.8645161390,,,1062956
MAIN_5seed,paper,8,2,0.8589045703,0.8728830695,0.8728830695,0.8728830695,,,1073236
MAIN_5seed,paper,8,3,0.8875153263,0.9012202859,0.9012202859,0.9012202859,,,1083516
MAIN_5seed,paper,8,4,0.8829483211,0.8959152162,0.8959152162,0.8959152162,0.0129032334,-0.0129032334,1093796
MAIN_5seed,paper,9,1,0.9000000238,0.9000000238,0.9000000238,0.9000000238,,,1062956
MAIN_5seed,paper,9,2,0.8655467927,0.8944444597,0.8911835909,0.8944444597,,,1073236
MAIN_5seed,paper,9,3,0.8911782781,0.9106995980,0.9085256855,0.9106995980,,,1083516
MAIN_5seed,paper,9,4,0.9005265594,0.9330246985,0.9135371149,0.9330246985,0.0094202995,-0.0060533126,1093796
MAIN_5seed,paper,10,1,0.8711111069,0.8711111069,0.8711111069,0.8711111069,,,1062956
MAIN_5seed,paper,10,2,0.8784126997,0.8839072049,0.8839072049,0.8839072049,,,1073236
MAIN_5seed,paper,10,3,0.9081309954,0.9144967000,0.9117939989,0.9144967000,,,1083516
MAIN_5seed,paper,10,4,0.9104633182,0.9358725250,0.9338454992,0.9358725250,0.0037037055,-0.0037037055,1093796
FINALA_5seed,reverse,1,1,0.9333333373,0.9333333373,0.9333333373,0.9333333373,,,2119736
FINALA_5seed,reverse,1,2,0.9535087645,0.9868420959,0.9868420959,0.9868420959,,,2134120
FINALA_5seed,reverse,1,3,0.9388134281,0.9654216170,0.9654216170,0.9654216170,,,2148504
FINALA_5seed,reverse,1,4,0.9160455495,0.9347113758,0.9397651315,0.9347113758,0.0151386658,-0.0151386658,2162888
FINALA_5seed,reverse,2,1,0.9333333373,0.9333333373,0.9333333373,0.9333333373,,,2119736
FINALA_5seed,reverse,2,2,0.9634567976,0.9634567976,0.9634567976,0.9634567976,,,2134120
FINALA_5seed,reverse,2,3,0.9709335168,0.9750487407,0.9717565616,0.9750487407,,,2148504
FINALA_5seed,reverse,2,4,0.9443469793,0.9641000628,0.9610136449,0.9641000628,0.0283214251,-0.0060992042,2162888
FINALA_5seed,reverse,3,1,0.9333333373,0.9333333373,0.9333333373,0.9333333373,,,2119736
FINALA_5seed,reverse,3,2,0.9710526407,0.9710526407,0.9710526407,0.9710526407,,,2134120
FINALA_5seed,reverse,3,3,0.9491228024,0.9525950313,0.9525950313,0.9525950313,,,2148504
FINALA_5seed,reverse,3,4,0.9405399442,0.9431441128,0.9431441128,0.9431441128,0.0003654917,0.0236111085,2162888
FINALA_5seed,reverse,4,1,1.0000000000,1.0000000000,1.0000000000,1.0000000000,,,2119736
FINALA_5seed,reverse,4,2,0.9628205121,0.9628205121,0.9628205121,0.9628205121,,,2134120
FINALA_5seed,reverse,4,3,0.9538279732,0.9609201709,0.9609201709,0.9609201709,,,2148504
FINALA_5seed,reverse,4,4,0.9107547164,0.9499834388,0.9499834388,0.9499834388,0.0466312051,-0.0389388959,2162888
FINALA_5seed,reverse,5,1,0.9466666698,0.9466666698,0.9466666698,0.9466666698,,,2119736
FINALA_5seed,reverse,5,2,0.9864864945,0.9864864945,0.9864864945,0.9864864945,,,2134120
FINALA_5seed,reverse,5,3,0.9681617856,0.9717078845,0.9717078845,0.9717078845,,,2148504
FINALA_5seed,reverse,5,4,0.9521639049,0.9608614296,0.9608614296,0.9608614296,0.0062488000,0.0142316779,2162888
FINALA_5seed,reverse,6,1,0.9000000000,0.9000000000,0.9000000000,0.9000000000,,,2119736
FINALA_5seed,reverse,6,2,0.9310064912,0.9622564912,0.9622564912,0.9622564912,,,2134120
FINALA_5seed,reverse,6,3,0.9390383482,0.9598716815,0.9473716815,0.9598716815,,,2148504
FINALA_5seed,reverse,6,4,0.9462082535,0.9646741718,0.9743332535,0.9646741718,0.0069727898,-0.0069727898,2162888
FINALA_5seed,reverse,7,1,0.9333333373,0.9333333373,0.9333333373,0.9333333373,,,2119736
FINALA_5seed,reverse,7,2,0.9466666579,0.9466666579,0.9466666579,0.9466666579,,,2134120
FINALA_5seed,reverse,7,3,0.9120833317,0.9387499928,0.9378611048,0.9387499928,,,2148504
FINALA_5seed,reverse,7,4,0.9003908932,0.9396348745,0.9391194105,0.9396348745,0.0481944362,-0.0481944362,2162888
FINALA_5seed,reverse,8,1,0.9200000048,0.9200000048,0.9200000048,0.9200000048,,,2119736
FINALA_5seed,reverse,8,2,0.8978070259,0.8978070259,0.8978070259,0.8978070259,,,2134120
FINALA_5seed,reverse,8,3,0.9214912335,0.9214912335,0.9437134544,0.9214912335,,,2148504
FINALA_5seed,reverse,8,4,0.9114477307,0.9236364603,0.9228017062,0.9236364603,-0.0041666706,0.0121198893,2162888
FINALA_5seed,reverse,9,1,1.0000000000,1.0000000000,1.0000000000,1.0000000000,,,2119736
FINALA_5seed,reverse,9,2,0.9740740836,0.9802469254,0.9802469254,0.9802469254,,,2134120
FINALA_5seed,reverse,9,3,0.9464272420,0.9464272420,0.9464272420,0.9464272420,,,2148504
FINALA_5seed,reverse,9,4,0.9027889311,0.9336566240,0.9336566240,0.9336566240,0.0325637380,-0.0284485102,2162888
FINALA_5seed,reverse,10,1,0.9285714030,0.9285714030,0.9285714030,0.9285714030,,,2119736
FINALA_5seed,reverse,10,2,0.9986486495,0.9986486495,0.9986486495,0.9986486495,,,2134120
FINALA_5seed,reverse,10,3,0.9365211328,0.9657954693,0.9603306651,0.9657954693,,,2148504
FINALA_5seed,reverse,10,4,0.9268291861,0.9515627176,0.9491124660,0.9515627176,0.0266805331,-0.0028710008,2162888
FINALA_5seed,paper,1,1,0.8884210587,0.8884210587,0.8884210587,0.8884210587,,,2119736
FINALA_5seed,paper,1,2,0.8871986330,0.8979513228,0.8947255075,0.8979513228,,,2134120
FINALA_5seed,paper,1,3,0.9182078719,0.9217921058,0.9238973657,0.9217921058,,,2148504
FINALA_5seed,paper,1,4,0.9160455495,0.9347113758,0.9397651315,0.9347113758,0.0100301822,-0.0050424496,2162888
FINALA_5seed,paper,2,1,0.9410526395,0.9410526395,0.9410526395,0.9410526395,,,2119736
FINALA_5seed,paper,2,2,0.9368420899,0.9421052635,0.9421052635,0.9421052635,,,2134120
FINALA_5seed,paper,2,3,0.9515269717,0.9584492207,0.9515269717,0.9584492207,,,2148504
FINALA_5seed,paper,2,4,0.9443469793,0.9641000628,0.9610136449,0.9641000628,0.0042105357,-0.0007017573,2162888
FINALA_5seed,paper,3,1,0.9233644843,0.9233644843,0.9233644843,0.9233644843,,,2119736
FINALA_5seed,paper,3,2,0.9247955680,0.9300038874,0.9300038874,0.9300038874,,,2134120
FINALA_5seed,paper,3,3,0.9261446595,0.9296168844,0.9322484612,0.9296168844,,,2148504
FINALA_5seed,paper,3,4,0.9405399442,0.9431441128,0.9431441128,0.9431441128,0.0095914046,-0.0064761400,2162888
FINALA_5seed,paper,4,1,0.9232142806,0.9232142806,0.9232142806,0.9232142806,,,2119736
FINALA_5seed,paper,4,2,0.9139057815,0.9298632264,0.9266717374,0.9298632264,,,2134120
FINALA_5seed,paper,4,3,0.9184176366,0.9326020320,0.9326020320,0.9326020320,,,2148504
FINALA_5seed,paper,4,4,0.9107547164,0.9499834388,0.9499834388,0.9499834388,0.0052178343,-0.0034321189,2162888
FINALA_5seed,paper,5,1,0.9250000000,0.9250000000,0.9250000000,0.9250000000,,,2119736
FINALA_5seed,paper,5,2,0.9188608170,0.9294991136,0.9294991136,0.9294991136,,,2134120
FINALA_5seed,paper,5,3,0.9383018732,0.9498985728,0.9498985728,0.9498985728,,,2148504
FINALA_5seed,paper,5,4,0.9521639049,0.9608614296,0.9608614296,0.9608614296,0.0020833333,0.0000147740,2162888
FINALA_5seed,paper,6,1,0.9818181992,0.9818181992,0.9818181992,0.9818181992,,,2119736
FINALA_5seed,paper,6,2,0.9600417435,0.9657235622,0.9657235622,0.9657235622,,,2134120
FINALA_5seed,paper,6,3,0.9669913411,0.9707792203,0.9669913411,0.9707792203,,,2148504
FINALA_5seed,paper,6,4,0.9462082535,0.9646741718,0.9743332535,0.9646741718,0.0074211637,-0.0074211637,2162888
FINALA_5seed,paper,7,1,0.9298969030,0.9298969030,0.9298969030,0.9298969030,,,2119736
FINALA_5seed,paper,7,2,0.9253758550,0.9305304945,0.9305304945,0.9305304945,,,2134120
FINALA_5seed,paper,7,3,0.9379853884,0.9493026813,0.9493026813,0.9493026813,,,2148504
FINALA_5seed,paper,7,4,0.9003908932,0.9396348745,0.9391194105,0.9396348745,0.0048181534,0.0006944458,2162888
FINALA_5seed,paper,8,1,0.9075268745,0.9075268745,0.9075268745,0.9075268745,,,2119736
FINALA_5seed,paper,8,2,0.8780578017,0.8984879017,0.8984879017,0.8984879017,,,2134120
FINALA_5seed,paper,8,3,0.8999186556,0.9152931015,0.9186415275,0.9152931015,,,2148504
FINALA_5seed,paper,8,4,0.9114477307,0.9236364603,0.9228017062,0.9236364603,0.0108198841,-0.0094309966,2162888
FINALA_5seed,paper,9,1,0.9239130616,0.9239130616,0.9239130616,0.9239130616,,,2119736
FINALA_5seed,paper,9,2,0.8688845217,0.8945213139,0.8945213139,0.8945213139,,,2134120
FINALA_5seed,paper,9,3,0.8916272362,0.9114437620,0.9130898515,0.9114437620,,,2148504
FINALA_5seed,paper,9,4,0.9027889311,0.9336566240,0.9336566240,0.9336566240,0.0148237705,-0.0128035744,2162888
FINALA_5seed,paper,10,1,0.8977777719,0.8977777719,0.8977777719,0.8977777719,,,2119736
FINALA_5seed,paper,10,2,0.8973015845,0.9027960896,0.8994993865,0.9027960896,,,2134120
FINALA_5seed,paper,10,3,0.9292276899,0.9346924941,0.9314254920,0.9346924941,,,2148504
FINALA_5seed,paper,10,4,0.9268291861,0.9515627176,0.9491124660,0.9515627176,0.0051933289,0.0029222608,2162888
